DEPARTAMENTO,calendar_start_date,calendar_end_date,Year,dengue_total,Temperature,Rain
BILWI,2014-01-05,2014-01-11,2014,0,24.885714285714286,23.4
BOACO,2014-01-05,2014-01-11,2014,17,23.47142857142857,1.5
CARAZO,2014-01-05,2014-01-11,2014,15,23.928571428571427,0.5
CHINANDEGA,2014-01-05,2014-01-11,2014,29,28.2,0.4
CHONTALES,2014-01-05,2014-01-11,2014,43,24.95714285714286,2.4
ESTELI,2014-01-05,2014-01-11,2014,6,22.15714285714286,2.3
GRANADA,2014-01-05,2014-01-11,2014,7,26.057142857142857,2.3
JINOTEGA,2014-01-05,2014-01-11,2014,17,19.67142857142857,5.8
LEON,2014-01-05,2014-01-11,2014,27,27.82857142857143,1.8
MADRIZ,2014-01-05,2014-01-11,2014,1,21.428571428571427,1.8
MANAGUA,2014-01-05,2014-01-11,2014,180,27.385714285714286,0
MASAYA,2014-01-05,2014-01-11,2014,22,25.34285714285714,2.3
MATAGALPA,2014-01-05,2014-01-11,2014,7,21.928571428571427,5.8
NUEVA SEGOVIA,2014-01-05,2014-01-11,2014,11,21.8,3.4
REGION AUTONOMA DEL ATLANTICO SUR,2014-01-05,2014-01-11,2014,0,24.757142857142856,24.5
RIO SAN JUAN,2014-01-05,2014-01-11,2014,1,24.985714285714284,28.099999999999998
RIVAS,2014-01-05,2014-01-11,2014,1,25.642857142857142,9.299999999999999
ZELAYA CENTRAL,2014-01-05,2014-01-11,2014,7,23.62857142857143,22.6
BILWI,2014-01-12,2014-01-18,2014,0,24.3,11.1
BOACO,2014-01-12,2014-01-18,2014,8,23.17142857142857,1.5
CARAZO,2014-01-12,2014-01-18,2014,6,23.8,0
CHINANDEGA,2014-01-12,2014-01-18,2014,19,28.142857142857142,0
CHONTALES,2014-01-12,2014-01-18,2014,29,24.571428571428573,0.8
ESTELI,2014-01-12,2014-01-18,2014,7,21.82857142857143,0
GRANADA,2014-01-12,2014-01-18,2014,3,25.84285714285714,0
JINOTEGA,2014-01-12,2014-01-18,2014,18,19.17142857142857,0.4
LEON,2014-01-12,2014-01-18,2014,26,27.8,0
MADRIZ,2014-01-12,2014-01-18,2014,2,21.3,0.1
MANAGUA,2014-01-12,2014-01-18,2014,217,27.257142857142856,0
MASAYA,2014-01-12,2014-01-18,2014,13,25.17142857142857,0
MATAGALPA,2014-01-12,2014-01-18,2014,15,21.5,0.4
NUEVA SEGOVIA,2014-01-12,2014-01-18,2014,10,21.742857142857144,0.5
REGION AUTONOMA DEL ATLANTICO SUR,2014-01-12,2014-01-18,2014,4,24.442857142857143,14.4
RIO SAN JUAN,2014-01-12,2014-01-18,2014,1,24.7,16.2
RIVAS,2014-01-12,2014-01-18,2014,3,25.4,1.1
ZELAYA CENTRAL,2014-01-12,2014-01-18,2014,11,23.34285714285714,12.3
BILWI,2014-01-19,2014-01-25,2014,0,23.942857142857143,18.8
BOACO,2014-01-19,2014-01-25,2014,18,23.37142857142857,0.3
CARAZO,2014-01-19,2014-01-25,2014,21,23.928571428571427,0
CHINANDEGA,2014-01-19,2014-01-25,2014,42,28.814285714285713,0
CHONTALES,2014-01-19,2014-01-25,2014,37,24.614285714285714,0.9
ESTELI,2014-01-19,2014-01-25,2014,5,22.1,0
GRANADA,2014-01-19,2014-01-25,2014,4,25.928571428571427,0
JINOTEGA,2014-01-19,2014-01-25,2014,18,19.414285714285715,0.9
LEON,2014-01-19,2014-01-25,2014,34,28.37142857142857,0
MADRIZ,2014-01-19,2014-01-25,2014,4,21.742857142857144,0.2
MANAGUA,2014-01-19,2014-01-25,2014,201,27.414285714285715,0
MASAYA,2014-01-19,2014-01-25,2014,10,25.32857142857143,0
MATAGALPA,2014-01-19,2014-01-25,2014,19,21.785714285714285,0.9
NUEVA SEGOVIA,2014-01-19,2014-01-25,2014,9,22.228571428571428,0.1
REGION AUTONOMA DEL ATLANTICO SUR,2014-01-19,2014-01-25,2014,2,23.78571428571429,41.9
RIO SAN JUAN,2014-01-19,2014-01-25,2014,2,24.6,40.8
RIVAS,2014-01-19,2014-01-25,2014,3,25.442857142857143,0.7
ZELAYA CENTRAL,2014-01-19,2014-01-25,2014,9,23.071428571428573,19.4
BILWI,2014-01-26,2014-02-01,2014,1,24.65714285714286,8.6
BOACO,2014-01-26,2014-02-01,2014,18,23.5,0.1
CARAZO,2014-01-26,2014-02-01,2014,10,23.757142857142856,0
CHINANDEGA,2014-01-26,2014-02-01,2014,28,28.342857142857145,0
CHONTALES,2014-01-26,2014-02-01,2014,44,25.04285714285714,2.6
ESTELI,2014-01-26,2014-02-01,2014,5,22.214285714285715,0.4
GRANADA,2014-01-26,2014-02-01,2014,10,25.857142857142858,0
JINOTEGA,2014-01-26,2014-02-01,2014,17,19.685714285714287,1.3
LEON,2014-01-26,2014-02-01,2014,29,28.2,0
MADRIZ,2014-01-26,2014-02-01,2014,10,22.214285714285715,0.1
MANAGUA,2014-01-26,2014-02-01,2014,146,27.271428571428572,0
MASAYA,2014-01-26,2014-02-01,2014,12,25.242857142857144,0
MATAGALPA,2014-01-26,2014-02-01,2014,25,21.9,1.3
NUEVA SEGOVIA,2014-01-26,2014-02-01,2014,12,22.65714285714286,0.6000000000000001
REGION AUTONOMA DEL ATLANTICO SUR,2014-01-26,2014-02-01,2014,1,24.542857142857144,15.299999999999999
RIO SAN JUAN,2014-01-26,2014-02-01,2014,1,24.84285714285714,10.1
RIVAS,2014-01-26,2014-02-01,2014,8,25.485714285714284,0.30000000000000004
ZELAYA CENTRAL,2014-01-26,2014-02-01,2014,7,23.3,12.8
BILWI,2014-02-02,2014-02-08,2014,2,25.04285714285714,6
BOACO,2014-02-02,2014-02-08,2014,38,23.885714285714286,0
CARAZO,2014-02-02,2014-02-08,2014,3,24.142857142857142,0
CHINANDEGA,2014-02-02,2014-02-08,2014,26,28.185714285714287,0
CHONTALES,2014-02-02,2014-02-08,2014,35,25.47142857142857,0.9
ESTELI,2014-02-02,2014-02-08,2014,11,22.442857142857143,0
GRANADA,2014-02-02,2014-02-08,2014,4,26.185714285714287,0
JINOTEGA,2014-02-02,2014-02-08,2014,19,19.914285714285715,0.2
LEON,2014-02-02,2014-02-08,2014,28,28,0
MADRIZ,2014-02-02,2014-02-08,2014,6,22.542857142857144,0
MANAGUA,2014-02-02,2014-02-08,2014,156,27.7,0
MASAYA,2014-02-02,2014-02-08,2014,8,25.642857142857142,0
MATAGALPA,2014-02-02,2014-02-08,2014,39,22.114285714285714,0.2
NUEVA SEGOVIA,2014-02-02,2014-02-08,2014,18,22.928571428571427,0
REGION AUTONOMA DEL ATLANTICO SUR,2014-02-02,2014-02-08,2014,0,24.914285714285715,9.6
RIO SAN JUAN,2014-02-02,2014-02-08,2014,0,25.02857142857143,8.1
RIVAS,2014-02-02,2014-02-08,2014,10,25.8,0.3
ZELAYA CENTRAL,2014-02-02,2014-02-08,2014,14,23.642857142857142,8.4
BILWI,2014-02-09,2014-02-15,2014,3,25.285714285714285,9.3
BOACO,2014-02-09,2014-02-15,2014,28,24.3,2.6
CARAZO,2014-02-09,2014-02-15,2014,9,24.614285714285714,0.2
CHINANDEGA,2014-02-09,2014-02-15,2014,36,28.914285714285715,0.6
CHONTALES,2014-02-09,2014-02-15,2014,28,25.65714285714286,4
ESTELI,2014-02-09,2014-02-15,2014,18,23.214285714285715,0.9
GRANADA,2014-02-09,2014-02-15,2014,6,26.557142857142857,0.6
JINOTEGA,2014-02-09,2014-02-15,2014,6,20.67142857142857,2.5
LEON,2014-02-09,2014-02-15,2014,18,28.52857142857143,1.1
MADRIZ,2014-02-09,2014-02-15,2014,15,23.114285714285714,0.1
MANAGUA,2014-02-09,2014-02-15,2014,145,28.1,0.5
MASAYA,2014-02-09,2014-02-15,2014,10,26.02857142857143,0.6
MATAGALPA,2014-02-09,2014-02-15,2014,28,22.9,2.5
NUEVA SEGOVIA,2014-02-09,2014-02-15,2014,15,23.57142857142857,0.4
REGION AUTONOMA DEL ATLANTICO SUR,2014-02-09,2014-02-15,2014,3,24.914285714285715,17.7
RIO SAN JUAN,2014-02-09,2014-02-15,2014,1,25.442857142857143,19.7
RIVAS,2014-02-09,2014-02-15,2014,11,26.02857142857143,2.3000000000000003
ZELAYA CENTRAL,2014-02-09,2014-02-15,2014,14,24,19.6
BILWI,2014-02-16,2014-02-22,2014,6,25.271428571428572,11
BOACO,2014-02-16,2014-02-22,2014,20,23.87142857142857,1.3
CARAZO,2014-02-16,2014-02-22,2014,4,24.285714285714285,0.1
CHINANDEGA,2014-02-16,2014-02-22,2014,31,29.357142857142858,0
CHONTALES,2014-02-16,2014-02-22,2014,47,25.557142857142857,2.3
ESTELI,2014-02-16,2014-02-22,2014,15,22.728571428571428,0.7
GRANADA,2014-02-16,2014-02-22,2014,10,26.428571428571427,1.1
JINOTEGA,2014-02-16,2014-02-22,2014,9,20.15714285714286,3.1999999999999997
LEON,2014-02-16,2014-02-22,2014,14,28.67142857142857,0
MADRIZ,2014-02-16,2014-02-22,2014,24,22.54285714285714,0.30000000000000004
MANAGUA,2014-02-16,2014-02-22,2014,112,27.757142857142856,0
MASAYA,2014-02-16,2014-02-22,2014,5,25.814285714285713,1.1
MATAGALPA,2014-02-16,2014-02-22,2014,59,22.271428571428572,3.1999999999999997
NUEVA SEGOVIA,2014-02-16,2014-02-22,2014,12,22.985714285714284,2.0999999999999996
REGION AUTONOMA DEL ATLANTICO SUR,2014-02-16,2014-02-22,2014,1,24.928571428571427,14.9
RIO SAN JUAN,2014-02-16,2014-02-22,2014,0,25.314285714285713,13.2
RIVAS,2014-02-16,2014-02-22,2014,7,25.985714285714284,2.4
ZELAYA CENTRAL,2014-02-16,2014-02-22,2014,7,23.87142857142857,15.1
BILWI,2014-02-23,2014-03-01,2014,6,25.285714285714285,3.2
BOACO,2014-02-23,2014-03-01,2014,25,24.314285714285713,0
CARAZO,2014-02-23,2014-03-01,2014,2,24.65714285714286,0
CHINANDEGA,2014-02-23,2014-03-01,2014,27,28.642857142857142,0
CHONTALES,2014-02-23,2014-03-01,2014,56,25.785714285714285,0
ESTELI,2014-02-23,2014-03-01,2014,21,23.385714285714286,0
GRANADA,2014-02-23,2014-03-01,2014,5,26.514285714285716,0
JINOTEGA,2014-02-23,2014-03-01,2014,7,20.685714285714287,0.30000000000000004
LEON,2014-02-23,2014-03-01,2014,22,28.114285714285714,0
MADRIZ,2014-02-23,2014-03-01,2014,34,23.757142857142856,0
MANAGUA,2014-02-23,2014-03-01,2014,130,28.314285714285713,0
MASAYA,2014-02-23,2014-03-01,2014,4,26.02857142857143,0
MATAGALPA,2014-02-23,2014-03-01,2014,47,22.685714285714287,0.30000000000000004
NUEVA SEGOVIA,2014-02-23,2014-03-01,2014,4,24.15714285714286,0.30000000000000004
REGION AUTONOMA DEL ATLANTICO SUR,2014-02-23,2014-03-01,2014,0,25.114285714285714,5.6000000000000005
RIO SAN JUAN,2014-02-23,2014-03-01,2014,2,25.557142857142857,7
RIVAS,2014-02-23,2014-03-01,2014,6,26.257142857142856,1.6
ZELAYA CENTRAL,2014-02-23,2014-03-01,2014,14,23.97142857142857,6.4
BILWI,2014-03-02,2014-03-08,2014,14,25.57142857142857,6.8
BOACO,2014-03-02,2014-03-08,2014,19,25.057142857142857,1.1
CARAZO,2014-03-02,2014-03-08,2014,4,25.014285714285712,0
CHINANDEGA,2014-03-02,2014-03-08,2014,26,28.34285714285714,2.1
CHONTALES,2014-03-02,2014-03-08,2014,55,26.34285714285714,0.1
ESTELI,2014-03-02,2014-03-08,2014,15,23.84285714285714,2.2
GRANADA,2014-03-02,2014-03-08,2014,3,26.928571428571427,0.6000000000000001
JINOTEGA,2014-03-02,2014-03-08,2014,7,21.114285714285714,5.1
LEON,2014-03-02,2014-03-08,2014,16,27.82857142857143,1.7
MADRIZ,2014-03-02,2014-03-08,2014,25,23.97142857142857,4.1
MANAGUA,2014-03-02,2014-03-08,2014,143,28.685714285714287,0.3
MASAYA,2014-03-02,2014-03-08,2014,7,26.457142857142856,0.6000000000000001
MATAGALPA,2014-03-02,2014-03-08,2014,46,23.257142857142856,5.1
NUEVA SEGOVIA,2014-03-02,2014-03-08,2014,12,24.428571428571427,6.5
REGION AUTONOMA DEL ATLANTICO SUR,2014-03-02,2014-03-08,2014,0,25.4,6
RIO SAN JUAN,2014-03-02,2014-03-08,2014,1,25.82857142857143,7.1
RIVAS,2014-03-02,2014-03-08,2014,5,26.65714285714286,0.5
ZELAYA CENTRAL,2014-03-02,2014-03-08,2014,19,24.414285714285715,10.5
BILWI,2014-03-09,2014-03-15,2014,9,25.985714285714288,5.6
BOACO,2014-03-09,2014-03-15,2014,39,25.242857142857144,0
CARAZO,2014-03-09,2014-03-15,2014,9,25.242857142857144,0
CHINANDEGA,2014-03-09,2014-03-15,2014,16,28.84285714285714,0.2
CHONTALES,2014-03-09,2014-03-15,2014,48,26.614285714285714,0.4
ESTELI,2014-03-09,2014-03-15,2014,14,24.414285714285715,0.7
GRANADA,2014-03-09,2014-03-15,2014,3,27.17142857142857,0
JINOTEGA,2014-03-09,2014-03-15,2014,7,21.7,0.1
LEON,2014-03-09,2014-03-15,2014,17,28.32857142857143,0.9
MADRIZ,2014-03-09,2014-03-15,2014,29,24.714285714285715,0
MANAGUA,2014-03-09,2014-03-15,2014,130,28.928571428571427,0.4
MASAYA,2014-03-09,2014-03-15,2014,12,26.714285714285715,0
MATAGALPA,2014-03-09,2014-03-15,2014,76,23.7,0.1
NUEVA SEGOVIA,2014-03-09,2014-03-15,2014,13,25.228571428571428,0.2
REGION AUTONOMA DEL ATLANTICO SUR,2014-03-09,2014-03-15,2014,3,25.457142857142856,12.399999999999999
RIO SAN JUAN,2014-03-09,2014-03-15,2014,1,26.12857142857143,5
RIVAS,2014-03-09,2014-03-15,2014,8,26.914285714285715,1
ZELAYA CENTRAL,2014-03-09,2014-03-15,2014,20,24.571428571428573,10.2
BILWI,2014-03-16,2014-03-22,2014,8,26.442857142857143,2.5
BOACO,2014-03-16,2014-03-22,2014,31,25.599999999999998,0
CARAZO,2014-03-16,2014-03-22,2014,2,25.67142857142857,0
CHINANDEGA,2014-03-16,2014-03-22,2014,24,29.6,0.3
CHONTALES,2014-03-16,2014-03-22,2014,43,27.014285714285712,0
ESTELI,2014-03-16,2014-03-22,2014,13,24.62857142857143,0
GRANADA,2014-03-16,2014-03-22,2014,2,27.6,0
JINOTEGA,2014-03-16,2014-03-22,2014,8,21.928571428571427,0.2
LEON,2014-03-16,2014-03-22,2014,20,29.114285714285714,0.2
MADRIZ,2014-03-16,2014-03-22,2014,32,24.857142857142858,0.1
MANAGUA,2014-03-16,2014-03-22,2014,122,29.37142857142857,0
MASAYA,2014-03-16,2014-03-22,2014,12,27.142857142857142,0
MATAGALPA,2014-03-16,2014-03-22,2014,121,23.97142857142857,0.2
NUEVA SEGOVIA,2014-03-16,2014-03-22,2014,12,25.428571428571427,0.2
REGION AUTONOMA DEL ATLANTICO SUR,2014-03-16,2014-03-22,2014,1,26.057142857142857,2.9
RIO SAN JUAN,2014-03-16,2014-03-22,2014,2,26.45714285714286,8.5
RIVAS,2014-03-16,2014-03-22,2014,6,27.271428571428572,0.8999999999999999
ZELAYA CENTRAL,2014-03-16,2014-03-22,2014,12,25.214285714285715,6.800000000000001
BILWI,2014-03-23,2014-03-29,2014,3,26.757142857142856,4
BOACO,2014-03-23,2014-03-29,2014,25,25.757142857142856,0
CARAZO,2014-03-23,2014-03-29,2014,3,25.857142857142858,0
CHINANDEGA,2014-03-23,2014-03-29,2014,16,30.185714285714283,0
CHONTALES,2014-03-23,2014-03-29,2014,38,27.228571428571428,1.3
ESTELI,2014-03-23,2014-03-29,2014,10,24.82857142857143,0
GRANADA,2014-03-23,2014-03-29,2014,2,27.814285714285713,0
JINOTEGA,2014-03-23,2014-03-29,2014,5,22.17142857142857,0
LEON,2014-03-23,2014-03-29,2014,18,29.514285714285716,0.8
MADRIZ,2014-03-23,2014-03-29,2014,29,25.057142857142857,0
MANAGUA,2014-03-23,2014-03-29,2014,106,29.542857142857144,0
MASAYA,2014-03-23,2014-03-29,2014,11,27.357142857142858,0
MATAGALPA,2014-03-23,2014-03-29,2014,119,24.185714285714287,0
NUEVA SEGOVIA,2014-03-23,2014-03-29,2014,17,25.557142857142857,0.2
REGION AUTONOMA DEL ATLANTICO SUR,2014-03-23,2014-03-29,2014,6,26.085714285714285,7.2
RIO SAN JUAN,2014-03-23,2014-03-29,2014,0,26.5,11.9
RIVAS,2014-03-23,2014-03-29,2014,6,27.3,2.1
ZELAYA CENTRAL,2014-03-23,2014-03-29,2014,10,25.385714285714286,9.2
BILWI,2014-03-30,2014-04-05,2014,1,26.957142857142856,4.2
BOACO,2014-03-30,2014-04-05,2014,24,25.942857142857143,0.2
CARAZO,2014-03-30,2014-04-05,2014,5,25.914285714285715,0.2
CHINANDEGA,2014-03-30,2014-04-05,2014,27,30.34285714285714,0.3
CHONTALES,2014-03-30,2014-04-05,2014,47,27.385714285714286,2.1
ESTELI,2014-03-30,2014-04-05,2014,11,25.271428571428572,0
GRANADA,2014-03-30,2014-04-05,2014,3,27.857142857142858,0.6
JINOTEGA,2014-03-30,2014-04-05,2014,9,22.514285714285712,0
LEON,2014-03-30,2014-04-05,2014,22,29.942857142857143,0.6000000000000001
MADRIZ,2014-03-30,2014-04-05,2014,21,25.6,0
MANAGUA,2014-03-30,2014-04-05,2014,85,29.614285714285714,0
MASAYA,2014-03-30,2014-04-05,2014,10,27.414285714285715,0.6
MATAGALPA,2014-03-30,2014-04-05,2014,95,24.442857142857143,0
NUEVA SEGOVIA,2014-03-30,2014-04-05,2014,23,26.057142857142857,0
REGION AUTONOMA DEL ATLANTICO SUR,2014-03-30,2014-04-05,2014,6,26.185714285714287,6.8
RIO SAN JUAN,2014-03-30,2014-04-05,2014,0,26.8,1.4
RIVAS,2014-03-30,2014-04-05,2014,5,27.414285714285715,5.7
ZELAYA CENTRAL,2014-03-30,2014-04-05,2014,11,25.485714285714284,11.200000000000001
BILWI,2014-04-06,2014-04-12,2014,6,26.514285714285712,18.5
BOACO,2014-04-06,2014-04-12,2014,23,26.54285714285714,0
CARAZO,2014-04-06,2014-04-12,2014,5,26.52857142857143,0.1
CHINANDEGA,2014-04-06,2014-04-12,2014,10,30.485714285714284,0.3
CHONTALES,2014-04-06,2014-04-12,2014,58,27.7,0
ESTELI,2014-04-06,2014-04-12,2014,11,25.228571428571428,0.1
GRANADA,2014-04-06,2014-04-12,2014,2,28.314285714285713,0.5
JINOTEGA,2014-04-06,2014-04-12,2014,14,22.814285714285713,0
LEON,2014-04-06,2014-04-12,2014,12,29.771428571428572,0.5
MADRIZ,2014-04-06,2014-04-12,2014,18,25.714285714285715,0.4
MANAGUA,2014-04-06,2014-04-12,2014,78,30.257142857142856,0
MASAYA,2014-04-06,2014-04-12,2014,14,27.957142857142856,0.5
MATAGALPA,2014-04-06,2014-04-12,2014,37,24.84285714285714,0
NUEVA SEGOVIA,2014-04-06,2014-04-12,2014,20,26.228571428571428,0.8
REGION AUTONOMA DEL ATLANTICO SUR,2014-04-06,2014-04-12,2014,3,26.32857142857143,13.5
RIO SAN JUAN,2014-04-06,2014-04-12,2014,0,26.757142857142856,27.099999999999998
RIVAS,2014-04-06,2014-04-12,2014,2,27.814285714285713,1.2
ZELAYA CENTRAL,2014-04-06,2014-04-12,2014,18,25.857142857142858,6.6000000000000005
BILWI,2014-04-13,2014-04-19,2014,1,26.728571428571428,6.4
BOACO,2014-04-13,2014-04-19,2014,1,26.071428571428573,3.6
CARAZO,2014-04-13,2014-04-19,2014,2,26.042857142857144,0.2
CHINANDEGA,2014-04-13,2014-04-19,2014,2,29.814285714285713,0.1
CHONTALES,2014-04-13,2014-04-19,2014,32,27.571428571428573,0.7
ESTELI,2014-04-13,2014-04-19,2014,9,25.32857142857143,1.7
GRANADA,2014-04-13,2014-04-19,2014,0,28,1.1
JINOTEGA,2014-04-13,2014-04-19,2014,7,22.642857142857142,4
LEON,2014-04-13,2014-04-19,2014,8,29.52857142857143,1.6
MADRIZ,2014-04-13,2014-04-19,2014,16,25.914285714285715,0.30000000000000004
MANAGUA,2014-04-13,2014-04-19,2014,65,29.685714285714287,0.1
MASAYA,2014-04-13,2014-04-19,2014,5,27.542857142857144,1.1
MATAGALPA,2014-04-13,2014-04-19,2014,21,24.585714285714285,4
NUEVA SEGOVIA,2014-04-13,2014-04-19,2014,27,26.37142857142857,1.5
REGION AUTONOMA DEL ATLANTICO SUR,2014-04-13,2014-04-19,2014,0,26.4,6.6
RIO SAN JUAN,2014-04-13,2014-04-19,2014,0,26.642857142857142,12.1
RIVAS,2014-04-13,2014-04-19,2014,1,27.585714285714285,2.4
ZELAYA CENTRAL,2014-04-13,2014-04-19,2014,3,25.757142857142856,9.4
BILWI,2014-04-20,2014-04-26,2014,3,27.542857142857144,1.5
BOACO,2014-04-20,2014-04-26,2014,17,27.2,0.4
CARAZO,2014-04-20,2014-04-26,2014,2,26.728571428571428,0.1
CHINANDEGA,2014-04-20,2014-04-26,2014,7,29.82857142857143,1.2
CHONTALES,2014-04-20,2014-04-26,2014,60,28.15714285714286,3.6
ESTELI,2014-04-20,2014-04-26,2014,11,26.642857142857142,0.3
GRANADA,2014-04-20,2014-04-26,2014,2,28.571428571428573,0.8
JINOTEGA,2014-04-20,2014-04-26,2014,10,24.057142857142857,0
LEON,2014-04-20,2014-04-26,2014,8,29.285714285714285,1.5
MADRIZ,2014-04-20,2014-04-26,2014,28,27.12857142857143,0.4
MANAGUA,2014-04-20,2014-04-26,2014,147,30.557142857142857,0.4
MASAYA,2014-04-20,2014-04-26,2014,8,28.214285714285715,0.8
MATAGALPA,2014-04-20,2014-04-26,2014,49,25.95714285714286,0
NUEVA SEGOVIA,2014-04-20,2014-04-26,2014,42,27.542857142857144,0
REGION AUTONOMA DEL ATLANTICO SUR,2014-04-20,2014-04-26,2014,3,26.67142857142857,11.4
RIO SAN JUAN,2014-04-20,2014-04-26,2014,0,27.02857142857143,10.7
RIVAS,2014-04-20,2014-04-26,2014,5,28.02857142857143,1.8
ZELAYA CENTRAL,2014-04-20,2014-04-26,2014,7,26.15714285714286,11.2
BILWI,2014-04-27,2014-05-03,2014,4,27.4,7.9
BOACO,2014-04-27,2014-05-03,2014,18,27.17142857142857,8.3
CARAZO,2014-04-27,2014-05-03,2014,1,26.47142857142857,9.9
CHINANDEGA,2014-04-27,2014-05-03,2014,7,28.585714285714285,69.7
CHONTALES,2014-04-27,2014-05-03,2014,36,28.214285714285715,5.1000000000000005
ESTELI,2014-04-27,2014-05-03,2014,8,25.942857142857143,9.9
GRANADA,2014-04-27,2014-05-03,2014,1,28.28571428571429,11.4
JINOTEGA,2014-04-27,2014-05-03,2014,6,24.042857142857144,7
LEON,2014-04-27,2014-05-03,2014,15,28.142857142857142,39.199999999999996
MADRIZ,2014-04-27,2014-05-03,2014,30,26.271428571428572,23.7
MANAGUA,2014-04-27,2014-05-03,2014,135,30.114285714285714,5.7
MASAYA,2014-04-27,2014-05-03,2014,7,27.857142857142858,11.4
MATAGALPA,2014-04-27,2014-05-03,2014,40,25.84285714285714,7
NUEVA SEGOVIA,2014-04-27,2014-05-03,2014,33,27.242857142857144,22.1
REGION AUTONOMA DEL ATLANTICO SUR,2014-04-27,2014-05-03,2014,3,26.62857142857143,15.4
RIO SAN JUAN,2014-04-27,2014-05-03,2014,1,27.071428571428573,11.4
RIVAS,2014-04-27,2014-05-03,2014,4,28.12857142857143,10.3
ZELAYA CENTRAL,2014-04-27,2014-05-03,2014,8,26.314285714285713,12.3
BILWI,2014-05-04,2014-05-10,2014,3,27.142857142857142,9
BOACO,2014-05-04,2014-05-10,2014,12,26.885714285714286,13.7
CARAZO,2014-05-04,2014-05-10,2014,0,25.785714285714285,18
CHINANDEGA,2014-05-04,2014-05-10,2014,2,27.885714285714286,80.5
CHONTALES,2014-05-04,2014-05-10,2014,30,27.9,9.5
ESTELI,2014-05-04,2014-05-10,2014,10,24.7,41.2
GRANADA,2014-05-04,2014-05-10,2014,4,27.857142857142858,23.3
JINOTEGA,2014-05-04,2014-05-10,2014,16,23.2,25.599999999999998
LEON,2014-05-04,2014-05-10,2014,14,27.514285714285712,92
MADRIZ,2014-05-04,2014-05-10,2014,19,24.728571428571428,44.4
MANAGUA,2014-05-04,2014-05-10,2014,123,29.400000000000002,14.4
MASAYA,2014-05-04,2014-05-10,2014,5,27.34285714285714,23.3
MATAGALPA,2014-05-04,2014-05-10,2014,49,25.17142857142857,25.599999999999998
NUEVA SEGOVIA,2014-05-04,2014-05-10,2014,30,25.557142857142857,44.8
REGION AUTONOMA DEL ATLANTICO SUR,2014-05-04,2014-05-10,2014,6,26.6,15.4
RIO SAN JUAN,2014-05-04,2014-05-10,2014,1,26.857142857142858,26
RIVAS,2014-05-04,2014-05-10,2014,9,27.914285714285715,17
ZELAYA CENTRAL,2014-05-04,2014-05-10,2014,13,26.2,8
BILWI,2014-05-11,2014-05-17,2014,2,27.17142857142857,13.3
BOACO,2014-05-11,2014-05-17,2014,21,26.814285714285713,4.1
CARAZO,2014-05-11,2014-05-17,2014,0,26,3.1
CHINANDEGA,2014-05-11,2014-05-17,2014,6,28.857142857142858,7.8999999999999995
CHONTALES,2014-05-11,2014-05-17,2014,59,28.15714285714286,5.7
ESTELI,2014-05-11,2014-05-17,2014,13,24.92857142857143,1.6
GRANADA,2014-05-11,2014-05-17,2014,3,28.15714285714286,6.3
JINOTEGA,2014-05-11,2014-05-17,2014,15,22.914285714285715,3.4
LEON,2014-05-11,2014-05-17,2014,14,28.428571428571427,22.8
MADRIZ,2014-05-11,2014-05-17,2014,36,25.228571428571428,0.7999999999999999
MANAGUA,2014-05-11,2014-05-17,2014,165,29.542857142857144,2
MASAYA,2014-05-11,2014-05-17,2014,11,27.557142857142857,6.3
MATAGALPA,2014-05-11,2014-05-17,2014,51,24.914285714285715,3.4
NUEVA SEGOVIA,2014-05-11,2014-05-17,2014,23,25.914285714285715,3.9
REGION AUTONOMA DEL ATLANTICO SUR,2014-05-11,2014-05-17,2014,7,26.614285714285714,37.6
RIO SAN JUAN,2014-05-11,2014-05-17,2014,1,26.871428571428574,22.1
RIVAS,2014-05-11,2014-05-17,2014,7,28.1,5.5
ZELAYA CENTRAL,2014-05-11,2014-05-17,2014,11,26.2,24.5
BILWI,2014-05-18,2014-05-24,2014,0,26.685714285714287,33.7
BOACO,2014-05-18,2014-05-24,2014,43,26.542857142857144,16
CARAZO,2014-05-18,2014-05-24,2014,3,26.085714285714285,8
CHINANDEGA,2014-05-18,2014-05-24,2014,4,28.771428571428572,31.4
CHONTALES,2014-05-18,2014-05-24,2014,40,27.885714285714286,9.6
ESTELI,2014-05-18,2014-05-24,2014,14,24.885714285714286,22.099999999999998
GRANADA,2014-05-18,2014-05-24,2014,2,28.185714285714287,19.8
JINOTEGA,2014-05-18,2014-05-24,2014,19,22.728571428571428,19
LEON,2014-05-18,2014-05-24,2014,27,28.385714285714286,61.7
MADRIZ,2014-05-18,2014-05-24,2014,21,24.5,22.2
MANAGUA,2014-05-18,2014-05-24,2014,137,29.65714285714286,7.8999999999999995
MASAYA,2014-05-18,2014-05-24,2014,9,27.585714285714285,19.8
MATAGALPA,2014-05-18,2014-05-24,2014,69,24.857142857142858,19
NUEVA SEGOVIA,2014-05-18,2014-05-24,2014,33,25.04285714285714,33.5
REGION AUTONOMA DEL ATLANTICO SUR,2014-05-18,2014-05-24,2014,14,26.414285714285715,32.9
RIO SAN JUAN,2014-05-18,2014-05-24,2014,2,26.885714285714286,22.3
RIVAS,2014-05-18,2014-05-24,2014,13,27.95714285714286,13.700000000000001
ZELAYA CENTRAL,2014-05-18,2014-05-24,2014,14,25.685714285714287,28.1
BILWI,2014-05-25,2014-05-31,2014,2,26.95714285714286,27.8
BOACO,2014-05-25,2014-05-31,2014,23,25.97142857142857,36.7
CARAZO,2014-05-25,2014-05-31,2014,2,25.514285714285716,6.4
CHINANDEGA,2014-05-25,2014-05-31,2014,7,28.514285714285712,37.5
CHONTALES,2014-05-25,2014-05-31,2014,41,27.3,16.3
ESTELI,2014-05-25,2014-05-31,2014,14,24.9,25
GRANADA,2014-05-25,2014-05-31,2014,4,27.65714285714286,12.200000000000001
JINOTEGA,2014-05-25,2014-05-31,2014,12,22.757142857142856,19.1
LEON,2014-05-25,2014-05-31,2014,10,28.128571428571426,41.7
MADRIZ,2014-05-25,2014-05-31,2014,17,24.785714285714285,28.5
MANAGUA,2014-05-25,2014-05-31,2014,96,29.04285714285714,9.799999999999999
MASAYA,2014-05-25,2014-05-31,2014,11,27.014285714285712,12.200000000000001
MATAGALPA,2014-05-25,2014-05-31,2014,40,24.65714285714286,19.1
NUEVA SEGOVIA,2014-05-25,2014-05-31,2014,25,25.271428571428572,27.6
REGION AUTONOMA DEL ATLANTICO SUR,2014-05-25,2014-05-31,2014,26,25.842857142857145,60.2
RIO SAN JUAN,2014-05-25,2014-05-31,2014,2,26.5,29.6
RIVAS,2014-05-25,2014-05-31,2014,11,27.314285714285713,22.6
ZELAYA CENTRAL,2014-05-25,2014-05-31,2014,8,25.1,40.6
BILWI,2014-06-01,2014-06-07,2014,5,27.042857142857144,15
BOACO,2014-06-01,2014-06-07,2014,41,25.742857142857144,43.2
CARAZO,2014-06-01,2014-06-07,2014,2,25.02857142857143,25.299999999999997
CHINANDEGA,2014-06-01,2014-06-07,2014,13,27.7,123.89999999999999
CHONTALES,2014-06-01,2014-06-07,2014,50,27.442857142857143,13.1
ESTELI,2014-06-01,2014-06-07,2014,5,24.17142857142857,31.8
GRANADA,2014-06-01,2014-06-07,2014,0,27.4,31.8
JINOTEGA,2014-06-01,2014-06-07,2014,21,22.585714285714285,21.6
LEON,2014-06-01,2014-06-07,2014,14,27.54285714285714,80.3
MADRIZ,2014-06-01,2014-06-07,2014,33,24.242857142857144,53.1
MANAGUA,2014-06-01,2014-06-07,2014,146,28.17142857142857,19.4
MASAYA,2014-06-01,2014-06-07,2014,10,26.642857142857142,31.8
MATAGALPA,2014-06-01,2014-06-07,2014,35,24.457142857142856,21.6
NUEVA SEGOVIA,2014-06-01,2014-06-07,2014,24,24.8,40.3
REGION AUTONOMA DEL ATLANTICO SUR,2014-06-01,2014-06-07,2014,33,26.54285714285714,29.2
RIO SAN JUAN,2014-06-01,2014-06-07,2014,1,26.385714285714286,45.5
RIVAS,2014-06-01,2014-06-07,2014,15,27.17142857142857,43.7
ZELAYA CENTRAL,2014-06-01,2014-06-07,2014,13,25.82857142857143,18.7
BILWI,2014-06-08,2014-06-14,2014,3,26.87142857142857,60.4
BOACO,2014-06-08,2014-06-14,2014,58,25.585714285714285,23.799999999999997
CARAZO,2014-06-08,2014-06-14,2014,0,25.428571428571427,18.1
CHINANDEGA,2014-06-08,2014-06-14,2014,19,28.271428571428572,52.3
CHONTALES,2014-06-08,2014-06-14,2014,77,27.17142857142857,15.9
ESTELI,2014-06-08,2014-06-14,2014,8,24.728571428571428,23.8
GRANADA,2014-06-08,2014-06-14,2014,8,27.65714285714286,24.4
JINOTEGA,2014-06-08,2014-06-14,2014,16,22.485714285714284,21.5
LEON,2014-06-08,2014-06-14,2014,29,28.242857142857144,56.4
MADRIZ,2014-06-08,2014-06-14,2014,34,24.47142857142857,22
MANAGUA,2014-06-08,2014-06-14,2014,151,28.757142857142856,19.8
MASAYA,2014-06-08,2014-06-14,2014,15,26.957142857142856,24.4
MATAGALPA,2014-06-08,2014-06-14,2014,28,24.385714285714286,21.5
NUEVA SEGOVIA,2014-06-08,2014-06-14,2014,51,25,27.8
REGION AUTONOMA DEL ATLANTICO SUR,2014-06-08,2014-06-14,2014,32,25.885714285714286,85.7
RIO SAN JUAN,2014-06-08,2014-06-14,2014,6,26.4,34.2
RIVAS,2014-06-08,2014-06-14,2014,16,27.285714285714285,25.9
ZELAYA CENTRAL,2014-06-08,2014-06-14,2014,5,25.2,64.4
BILWI,2014-06-15,2014-06-21,2014,1,25.985714285714288,117
BOACO,2014-06-15,2014-06-21,2014,61,24.34285714285714,39.2
CARAZO,2014-06-15,2014-06-21,2014,2,24.65714285714286,23.7
CHINANDEGA,2014-06-15,2014-06-21,2014,16,28.34285714285714,60.800000000000004
CHONTALES,2014-06-15,2014-06-21,2014,69,25.928571428571427,27.8
ESTELI,2014-06-15,2014-06-21,2014,24,23.34285714285714,59.199999999999996
GRANADA,2014-06-15,2014-06-21,2014,14,26.885714285714286,41.2
JINOTEGA,2014-06-15,2014-06-21,2014,23,21.17142857142857,61.9
LEON,2014-06-15,2014-06-21,2014,26,28.057142857142857,26.1
MADRIZ,2014-06-15,2014-06-21,2014,26,22.52857142857143,86.2
MANAGUA,2014-06-15,2014-06-21,2014,129,27.685714285714287,12.4
MASAYA,2014-06-15,2014-06-21,2014,22,26.02857142857143,41.2
MATAGALPA,2014-06-15,2014-06-21,2014,19,23.12857142857143,61.9
NUEVA SEGOVIA,2014-06-15,2014-06-21,2014,72,23,46.3
REGION AUTONOMA DEL ATLANTICO SUR,2014-06-15,2014-06-21,2014,72,25.085714285714285,197.2
RIO SAN JUAN,2014-06-15,2014-06-21,2014,2,25.571428571428573,72.8
RIVAS,2014-06-15,2014-06-21,2014,26,26.714285714285715,32.6
ZELAYA CENTRAL,2014-06-15,2014-06-21,2014,9,24.2,122.9
BILWI,2014-06-22,2014-06-28,2014,2,26.542857142857144,40.7
BOACO,2014-06-22,2014-06-28,2014,87,24.442857142857143,34.7
CARAZO,2014-06-22,2014-06-28,2014,3,24.400000000000002,25.9
CHINANDEGA,2014-06-22,2014-06-28,2014,16,28.4,34
CHONTALES,2014-06-22,2014-06-28,2014,74,25.785714285714285,53.9
ESTELI,2014-06-22,2014-06-28,2014,34,23.728571428571428,19.9
GRANADA,2014-06-22,2014-06-28,2014,4,26.585714285714285,46.800000000000004
JINOTEGA,2014-06-22,2014-06-28,2014,33,21.4,19.4
LEON,2014-06-22,2014-06-28,2014,42,27.87142857142857,34.9
MADRIZ,2014-06-22,2014-06-28,2014,44,23.099999999999998,15.200000000000001
MANAGUA,2014-06-22,2014-06-28,2014,202,27.47142857142857,37.3
MASAYA,2014-06-22,2014-06-28,2014,28,25.742857142857144,46.800000000000004
MATAGALPA,2014-06-22,2014-06-28,2014,21,23.32857142857143,19.4
NUEVA SEGOVIA,2014-06-22,2014-06-28,2014,123,23.614285714285714,15.7
REGION AUTONOMA DEL ATLANTICO SUR,2014-06-22,2014-06-28,2014,59,25.557142857142857,74.3
RIO SAN JUAN,2014-06-22,2014-06-28,2014,5,25.485714285714288,69.6
RIVAS,2014-06-22,2014-06-28,2014,5,26.34285714285714,52
ZELAYA CENTRAL,2014-06-22,2014-06-28,2014,14,24.557142857142857,76.9
BILWI,2014-06-29,2014-07-05,2014,7,26.52857142857143,41
BOACO,2014-06-29,2014-07-05,2014,146,24.97142857142857,8.6
CARAZO,2014-06-29,2014-07-05,2014,7,24.942857142857143,12
CHINANDEGA,2014-06-29,2014-07-05,2014,15,29.12857142857143,31.1
CHONTALES,2014-06-29,2014-07-05,2014,107,26.442857142857143,14.4
ESTELI,2014-06-29,2014-07-05,2014,64,23.985714285714284,11.6
GRANADA,2014-06-29,2014-07-05,2014,4,27.214285714285715,10.6
JINOTEGA,2014-06-29,2014-07-05,2014,34,21.685714285714287,9
LEON,2014-06-29,2014-07-05,2014,51,28.67142857142857,27.5
MADRIZ,2014-06-29,2014-07-05,2014,52,23.485714285714284,7.3999999999999995
MANAGUA,2014-06-29,2014-07-05,2014,247,28.17142857142857,9
MASAYA,2014-06-29,2014-07-05,2014,36,26.4,10.6
MATAGALPA,2014-06-29,2014-07-05,2014,50,23.714285714285715,9
NUEVA SEGOVIA,2014-06-29,2014-07-05,2014,102,23.957142857142856,12.1
REGION AUTONOMA DEL ATLANTICO SUR,2014-06-29,2014-07-05,2014,138,25.7,63.2
RIO SAN JUAN,2014-06-29,2014-07-05,2014,5,25.985714285714284,40.2
RIVAS,2014-06-29,2014-07-05,2014,17,26.771428571428572,21.4
ZELAYA CENTRAL,2014-06-29,2014-07-05,2014,36,24.771428571428572,59.6
BILWI,2014-07-06,2014-07-12,2014,3,26.82857142857143,24.6
BOACO,2014-07-06,2014-07-12,2014,112,25.485714285714284,1.5
CARAZO,2014-07-06,2014-07-12,2014,3,25.585714285714285,0.4
CHINANDEGA,2014-07-06,2014-07-12,2014,24,30.214285714285715,0
CHONTALES,2014-07-06,2014-07-12,2014,104,27.114285714285714,2.7
ESTELI,2014-07-06,2014-07-12,2014,53,24.34285714285714,0.4
GRANADA,2014-07-06,2014-07-12,2014,23,27.814285714285713,1.3
JINOTEGA,2014-07-06,2014-07-12,2014,27,21.914285714285715,2.2
LEON,2014-07-06,2014-07-12,2014,37,29.65714285714286,0
MADRIZ,2014-07-06,2014-07-12,2014,51,23.928571428571427,1
MANAGUA,2014-07-06,2014-07-12,2014,254,28.97142857142857,1
MASAYA,2014-07-06,2014-07-12,2014,35,27.085714285714285,1.3
MATAGALPA,2014-07-06,2014-07-12,2014,57,24.02857142857143,2.2
NUEVA SEGOVIA,2014-07-06,2014-07-12,2014,105,24.585714285714285,2.5
REGION AUTONOMA DEL ATLANTICO SUR,2014-07-06,2014-07-12,2014,134,26.285714285714285,47.5
RIO SAN JUAN,2014-07-06,2014-07-12,2014,4,26.071428571428573,39.5
RIVAS,2014-07-06,2014-07-12,2014,5,27.142857142857142,7.5
ZELAYA CENTRAL,2014-07-06,2014-07-12,2014,24,25.457142857142856,37.199999999999996
BILWI,2014-07-13,2014-07-19,2014,5,26.942857142857143,31.4
BOACO,2014-07-13,2014-07-19,2014,125,25.314285714285713,9.9
CARAZO,2014-07-13,2014-07-19,2014,6,25.314285714285713,6.2
CHINANDEGA,2014-07-13,2014-07-19,2014,29,30.142857142857142,10.5
CHONTALES,2014-07-13,2014-07-19,2014,65,26.65714285714286,12.9
ESTELI,2014-07-13,2014-07-19,2014,40,24.814285714285713,7.2
GRANADA,2014-07-13,2014-07-19,2014,17,27.414285714285715,16.5
JINOTEGA,2014-07-13,2014-07-19,2014,37,22.3,5.7
LEON,2014-07-13,2014-07-19,2014,27,29.62857142857143,7.2
MADRIZ,2014-07-13,2014-07-19,2014,37,24.257142857142856,4.2
MANAGUA,2014-07-13,2014-07-19,2014,226,28.82857142857143,3.6
MASAYA,2014-07-13,2014-07-19,2014,34,26.757142857142856,16.5
MATAGALPA,2014-07-13,2014-07-19,2014,43,24.32857142857143,5.7
NUEVA SEGOVIA,2014-07-13,2014-07-19,2014,132,24.757142857142856,17.6
REGION AUTONOMA DEL ATLANTICO SUR,2014-07-13,2014-07-19,2014,126,25.8,73.5
RIO SAN JUAN,2014-07-13,2014-07-19,2014,3,25.914285714285715,54.8
RIVAS,2014-07-13,2014-07-19,2014,9,26.8,17.2
ZELAYA CENTRAL,2014-07-13,2014-07-19,2014,34,24.9,53.8
BILWI,2014-07-20,2014-07-26,2014,8,26.8,33.2
BOACO,2014-07-20,2014-07-26,2014,137,25.457142857142856,6.7
CARAZO,2014-07-20,2014-07-26,2014,3,25.6,3.8
CHINANDEGA,2014-07-20,2014-07-26,2014,17,31.02857142857143,3.9
CHONTALES,2014-07-20,2014-07-26,2014,74,26.714285714285715,9.9
ESTELI,2014-07-20,2014-07-26,2014,34,24.9,3.9
GRANADA,2014-07-20,2014-07-26,2014,57,27.67142857142857,9.9
JINOTEGA,2014-07-20,2014-07-26,2014,49,22.3,5.6
LEON,2014-07-20,2014-07-26,2014,32,30.457142857142856,3.4
MADRIZ,2014-07-20,2014-07-26,2014,39,24.271428571428572,4.4
MANAGUA,2014-07-20,2014-07-26,2014,101,29.142857142857142,1.8
MASAYA,2014-07-20,2014-07-26,2014,30,27.02857142857143,9.9
MATAGALPA,2014-07-20,2014-07-26,2014,41,24.414285714285715,5.6
NUEVA SEGOVIA,2014-07-20,2014-07-26,2014,96,24.742857142857144,9.700000000000001
REGION AUTONOMA DEL ATLANTICO SUR,2014-07-20,2014-07-26,2014,99,25.785714285714285,56.2
RIO SAN JUAN,2014-07-20,2014-07-26,2014,3,25.67142857142857,49.5
RIVAS,2014-07-20,2014-07-26,2014,12,26.742857142857144,21.099999999999998
ZELAYA CENTRAL,2014-07-20,2014-07-26,2014,29,24.857142857142858,48.1
BILWI,2014-07-27,2014-08-02,2014,10,26.82857142857143,32
BOACO,2014-07-27,2014-08-02,2014,164,25.714285714285715,7.3
CARAZO,2014-07-27,2014-08-02,2014,9,25.685714285714287,2
CHINANDEGA,2014-07-27,2014-08-02,2014,16,30.3,7.300000000000001
CHONTALES,2014-07-27,2014-08-02,2014,83,27.085714285714285,6
ESTELI,2014-07-27,2014-08-02,2014,40,25.17142857142857,6.5
GRANADA,2014-07-27,2014-08-02,2014,26,27.757142857142856,4.8
JINOTEGA,2014-07-27,2014-08-02,2014,51,22.514285714285716,9.4
LEON,2014-07-27,2014-08-02,2014,34,29.871428571428574,8.2
MADRIZ,2014-07-27,2014-08-02,2014,40,24.52857142857143,7.7
MANAGUA,2014-07-27,2014-08-02,2014,64,29.242857142857144,5.6
MASAYA,2014-07-27,2014-08-02,2014,39,27.12857142857143,4.8
MATAGALPA,2014-07-27,2014-08-02,2014,85,24.614285714285714,9.4
NUEVA SEGOVIA,2014-07-27,2014-08-02,2014,94,24.928571428571427,11.5
REGION AUTONOMA DEL ATLANTICO SUR,2014-07-27,2014-08-02,2014,108,26.12857142857143,43.4
RIO SAN JUAN,2014-07-27,2014-08-02,2014,3,25.885714285714286,35.3
RIVAS,2014-07-27,2014-08-02,2014,14,26.914285714285715,13.4
ZELAYA CENTRAL,2014-07-27,2014-08-02,2014,32,25.37142857142857,36
BILWI,2014-08-03,2014-08-09,2014,7,26.442857142857143,56.1
BOACO,2014-08-03,2014-08-09,2014,92,25.442857142857143,33.3
CARAZO,2014-08-03,2014-08-09,2014,9,25.228571428571428,11.9
CHINANDEGA,2014-08-03,2014-08-09,2014,15,28.7,48.9
CHONTALES,2014-08-03,2014-08-09,2014,79,26.857142857142858,14.4
ESTELI,2014-08-03,2014-08-09,2014,39,24.97142857142857,13.3
GRANADA,2014-08-03,2014-08-09,2014,17,27.514285714285712,19.7
JINOTEGA,2014-08-03,2014-08-09,2014,65,22.314285714285713,12.3
LEON,2014-08-03,2014-08-09,2014,27,28.414285714285715,37.6
MADRIZ,2014-08-03,2014-08-09,2014,61,24.857142857142858,7.8999999999999995
MANAGUA,2014-08-03,2014-08-09,2014,93,28.82857142857143,10.4
MASAYA,2014-08-03,2014-08-09,2014,24,26.82857142857143,19.7
MATAGALPA,2014-08-03,2014-08-09,2014,45,24.37142857142857,12.3
NUEVA SEGOVIA,2014-08-03,2014-08-09,2014,89,25.285714285714285,14.9
REGION AUTONOMA DEL ATLANTICO SUR,2014-08-03,2014-08-09,2014,65,25.785714285714285,71.3
RIO SAN JUAN,2014-08-03,2014-08-09,2014,2,25.82857142857143,38.1
RIVAS,2014-08-03,2014-08-09,2014,15,26.67142857142857,47.1
ZELAYA CENTRAL,2014-08-03,2014-08-09,2014,16,24.914285714285715,50.9
BILWI,2014-08-10,2014-08-16,2014,15,26.52857142857143,41.4
BOACO,2014-08-10,2014-08-16,2014,146,25.085714285714285,10.1
CARAZO,2014-08-10,2014-08-16,2014,4,24.928571428571427,2.8
CHINANDEGA,2014-08-10,2014-08-16,2014,16,29.114285714285714,12.1
CHONTALES,2014-08-10,2014-08-16,2014,60,26.400000000000002,13.5
ESTELI,2014-08-10,2014-08-16,2014,26,24.357142857142858,12.6
GRANADA,2014-08-10,2014-08-16,2014,32,27.2,9.5
JINOTEGA,2014-08-10,2014-08-16,2014,79,21.942857142857143,6.3
LEON,2014-08-10,2014-08-16,2014,22,28.7,21.3
MADRIZ,2014-08-10,2014-08-16,2014,59,23.771428571428572,7.3999999999999995
MANAGUA,2014-08-10,2014-08-16,2014,65,28.271428571428572,5.8
MASAYA,2014-08-10,2014-08-16,2014,36,26.457142857142856,9.5
MATAGALPA,2014-08-10,2014-08-16,2014,64,24.07142857142857,6.3
NUEVA SEGOVIA,2014-08-10,2014-08-16,2014,98,24.185714285714287,18.4
REGION AUTONOMA DEL ATLANTICO SUR,2014-08-10,2014-08-16,2014,43,25.7,73.4
RIO SAN JUAN,2014-08-10,2014-08-16,2014,4,25.65714285714286,58.4
RIVAS,2014-08-10,2014-08-16,2014,31,26.442857142857143,29.5
ZELAYA CENTRAL,2014-08-10,2014-08-16,2014,26,24.62857142857143,53.5
BILWI,2014-08-17,2014-08-23,2014,9,26.7,38.8
BOACO,2014-08-17,2014-08-23,2014,110,24.914285714285715,16.4
CARAZO,2014-08-17,2014-08-23,2014,8,24.485714285714284,20.2
CHINANDEGA,2014-08-17,2014-08-23,2014,16,28.714285714285715,32.4
CHONTALES,2014-08-17,2014-08-23,2014,68,26.1,30.7
ESTELI,2014-08-17,2014-08-23,2014,42,24.285714285714285,10.1
GRANADA,2014-08-17,2014-08-23,2014,19,26.87142857142857,21.9
JINOTEGA,2014-08-17,2014-08-23,2014,85,21.742857142857144,11.4
LEON,2014-08-17,2014-08-23,2014,30,28.228571428571428,22.5
MADRIZ,2014-08-17,2014-08-23,2014,49,24.02857142857143,8
MANAGUA,2014-08-17,2014-08-23,2014,123,27.928571428571427,11.4
MASAYA,2014-08-17,2014-08-23,2014,48,26.1,21.9
MATAGALPA,2014-08-17,2014-08-23,2014,74,23.742857142857144,11.4
NUEVA SEGOVIA,2014-08-17,2014-08-23,2014,92,24.45714285714286,8
REGION AUTONOMA DEL ATLANTICO SUR,2014-08-17,2014-08-23,2014,37,25.614285714285714,62.6
RIO SAN JUAN,2014-08-17,2014-08-23,2014,11,25.271428571428572,71.8
RIVAS,2014-08-17,2014-08-23,2014,26,26.17142857142857,69.7
ZELAYA CENTRAL,2014-08-17,2014-08-23,2014,54,24.5,71.7
BILWI,2014-08-24,2014-08-30,2014,1,26.357142857142858,70
BOACO,2014-08-24,2014-08-30,2014,86,25.128571428571426,58.9
CARAZO,2014-08-24,2014-08-30,2014,22,24.128571428571426,50.3
CHINANDEGA,2014-08-24,2014-08-30,2014,18,26.571428571428573,100
CHONTALES,2014-08-24,2014-08-30,2014,111,25.95714285714286,73.4
ESTELI,2014-08-24,2014-08-30,2014,48,23.214285714285715,103.5
GRANADA,2014-08-24,2014-08-30,2014,17,26.84285714285714,52.6
JINOTEGA,2014-08-24,2014-08-30,2014,112,22.014285714285712,66.3
LEON,2014-08-24,2014-08-30,2014,38,26.014285714285712,113.7
MADRIZ,2014-08-24,2014-08-30,2014,38,23.914285714285715,56.300000000000004
MANAGUA,2014-08-24,2014-08-30,2014,142,27.02857142857143,45.699999999999996
MASAYA,2014-08-24,2014-08-30,2014,47,25.928571428571427,52.6
MATAGALPA,2014-08-24,2014-08-30,2014,97,23.82857142857143,66.3
NUEVA SEGOVIA,2014-08-24,2014-08-30,2014,93,24.642857142857142,54
REGION AUTONOMA DEL ATLANTICO SUR,2014-08-24,2014-08-30,2014,31,26.02857142857143,56.9
RIO SAN JUAN,2014-08-24,2014-08-30,2014,8,26.014285714285716,47.5
RIVAS,2014-08-24,2014-08-30,2014,20,26.47142857142857,52.1
ZELAYA CENTRAL,2014-08-24,2014-08-30,2014,37,25.085714285714285,54.1
BILWI,2014-08-31,2014-09-06,2014,5,26.1,107.1
BOACO,2014-08-31,2014-09-06,2014,67,24.285714285714285,19.2
CARAZO,2014-08-31,2014-09-06,2014,6,24.4,9.9
CHINANDEGA,2014-08-31,2014-09-06,2014,19,27.84285714285714,45.9
CHONTALES,2014-08-31,2014-09-06,2014,114,25.685714285714287,17.900000000000002
ESTELI,2014-08-31,2014-09-06,2014,62,23.214285714285715,59.5
GRANADA,2014-08-31,2014-09-06,2014,15,26.742857142857144,20.900000000000002
JINOTEGA,2014-08-31,2014-09-06,2014,59,21.214285714285715,64.60000000000001
LEON,2014-08-31,2014-09-06,2014,55,27.557142857142857,34.3
MADRIZ,2014-08-31,2014-09-06,2014,54,22.914285714285715,86
MANAGUA,2014-08-31,2014-09-06,2014,70,27.514285714285716,9.3
MASAYA,2014-08-31,2014-09-06,2014,48,25.857142857142858,20.900000000000002
MATAGALPA,2014-08-31,2014-09-06,2014,83,23.1,64.60000000000001
NUEVA SEGOVIA,2014-08-31,2014-09-06,2014,90,23.357142857142858,49.5
REGION AUTONOMA DEL ATLANTICO SUR,2014-08-31,2014-09-06,2014,29,25.285714285714285,108.89999999999999
RIO SAN JUAN,2014-08-31,2014-09-06,2014,7,25.5,42.6
RIVAS,2014-08-31,2014-09-06,2014,31,26.314285714285713,50.800000000000004
ZELAYA CENTRAL,2014-08-31,2014-09-06,2014,34,24.114285714285714,68.2
BILWI,2014-09-07,2014-09-13,2014,2,25.9,69.8
BOACO,2014-09-07,2014-09-13,2014,29,24.114285714285714,51.8
CARAZO,2014-09-07,2014-09-13,2014,14,23.942857142857143,25.5
CHINANDEGA,2014-09-07,2014-09-13,2014,23,26.942857142857143,104.5
CHONTALES,2014-09-07,2014-09-13,2014,101,25.599999999999998,48.6
ESTELI,2014-09-07,2014-09-13,2014,65,22.82857142857143,45.1
GRANADA,2014-09-07,2014-09-13,2014,5,26.428571428571427,38.9
JINOTEGA,2014-09-07,2014-09-13,2014,52,21.12857142857143,34.7
LEON,2014-09-07,2014-09-13,2014,45,26.67142857142857,68.8
MADRIZ,2014-09-07,2014-09-13,2014,50,22.914285714285715,37.7
MANAGUA,2014-09-07,2014-09-13,2014,55,27.04285714285714,34.8
MASAYA,2014-09-07,2014-09-13,2014,34,25.5,38.9
MATAGALPA,2014-09-07,2014-09-13,2014,54,22.914285714285715,34.7
NUEVA SEGOVIA,2014-09-07,2014-09-13,2014,77,23.37142857142857,32.8
REGION AUTONOMA DEL ATLANTICO SUR,2014-09-07,2014-09-13,2014,12,25.314285714285713,86.2
RIO SAN JUAN,2014-09-07,2014-09-13,2014,4,25.17142857142857,92
RIVAS,2014-09-07,2014-09-13,2014,20,26.185714285714287,92.39999999999999
ZELAYA CENTRAL,2014-09-07,2014-09-13,2014,35,24.214285714285715,67.7
BILWI,2014-09-14,2014-09-20,2014,0,26.014285714285716,68.7
BOACO,2014-09-14,2014-09-20,2014,39,24.099999999999998,56.699999999999996
CARAZO,2014-09-14,2014-09-20,2014,8,23.357142857142858,95.6
CHINANDEGA,2014-09-14,2014-09-20,2014,28,26.271428571428572,108.9
CHONTALES,2014-09-14,2014-09-20,2014,35,25.45714285714286,72.2
ESTELI,2014-09-14,2014-09-20,2014,37,22.32857142857143,56.5
GRANADA,2014-09-14,2014-09-20,2014,5,26.02857142857143,80.7
JINOTEGA,2014-09-14,2014-09-20,2014,26,20.97142857142857,37.4
LEON,2014-09-14,2014-09-20,2014,60,25.87142857142857,105.6
MADRIZ,2014-09-14,2014-09-20,2014,47,22.614285714285714,50.300000000000004
MANAGUA,2014-09-14,2014-09-20,2014,62,26.3,60
MASAYA,2014-09-14,2014-09-20,2014,38,25.042857142857144,80.7
MATAGALPA,2014-09-14,2014-09-20,2014,51,22.757142857142856,37.4
NUEVA SEGOVIA,2014-09-14,2014-09-20,2014,86,23.17142857142857,42.7
REGION AUTONOMA DEL ATLANTICO SUR,2014-09-14,2014-09-20,2014,19,25.214285714285715,101.4
RIO SAN JUAN,2014-09-14,2014-09-20,2014,3,25.2,98.8
RIVAS,2014-09-14,2014-09-20,2014,4,25.957142857142856,115.3
ZELAYA CENTRAL,2014-09-14,2014-09-20,2014,23,24.271428571428572,78.1
BILWI,2014-09-21,2014-09-27,2014,1,25.785714285714285,65.5
BOACO,2014-09-21,2014-09-27,2014,49,24.085714285714285,90.2
CARAZO,2014-09-21,2014-09-27,2014,4,23.314285714285713,81.10000000000001
CHINANDEGA,2014-09-21,2014-09-27,2014,50,25.814285714285713,168.1
CHONTALES,2014-09-21,2014-09-27,2014,78,25.242857142857144,101.7
ESTELI,2014-09-21,2014-09-27,2014,42,22.32857142857143,98.1
GRANADA,2014-09-21,2014-09-27,2014,3,25.957142857142856,94.60000000000001
JINOTEGA,2014-09-21,2014-09-27,2014,31,21.214285714285715,81.7
LEON,2014-09-21,2014-09-27,2014,53,25.357142857142858,157.4
MADRIZ,2014-09-21,2014-09-27,2014,55,22.67142857142857,104.89999999999999
MANAGUA,2014-09-21,2014-09-27,2014,194,26.12857142857143,80.89999999999999
MASAYA,2014-09-21,2014-09-27,2014,58,25.014285714285712,94.60000000000001
MATAGALPA,2014-09-21,2014-09-27,2014,40,22.87142857142857,81.7
NUEVA SEGOVIA,2014-09-21,2014-09-27,2014,94,23.285714285714285,106.1
REGION AUTONOMA DEL ATLANTICO SUR,2014-09-21,2014-09-27,2014,25,25.47142857142857,76.4
RIO SAN JUAN,2014-09-21,2014-09-27,2014,0,25.5,95.2
RIVAS,2014-09-21,2014-09-27,2014,6,25.914285714285715,100.7
ZELAYA CENTRAL,2014-09-21,2014-09-27,2014,27,24.442857142857143,58.5
BILWI,2014-09-28,2014-10-04,2014,1,27.099999999999998,22.5
BOACO,2014-09-28,2014-10-04,2014,42,25.085714285714285,21
CARAZO,2014-09-28,2014-10-04,2014,3,24.485714285714284,22.400000000000002
CHINANDEGA,2014-09-28,2014-10-04,2014,98,27.185714285714287,42.8
CHONTALES,2014-09-28,2014-10-04,2014,98,26.442857142857143,18
ESTELI,2014-09-28,2014-10-04,2014,51,23.428571428571427,8.7
GRANADA,2014-09-28,2014-10-04,2014,7,27.014285714285712,26.5
JINOTEGA,2014-09-28,2014-10-04,2014,21,21.957142857142856,7.7
LEON,2014-09-28,2014-10-04,2014,80,26.95714285714286,41.1
MADRIZ,2014-09-28,2014-10-04,2014,55,23.642857142857142,6.8999999999999995
MANAGUA,2014-09-28,2014-10-04,2014,215,27.45714285714286,14.2
MASAYA,2014-09-28,2014-10-04,2014,54,26.071428571428573,26.5
MATAGALPA,2014-09-28,2014-10-04,2014,49,23.757142857142856,7.7
NUEVA SEGOVIA,2014-09-28,2014-10-04,2014,73,24.185714285714287,9.1
REGION AUTONOMA DEL ATLANTICO SUR,2014-09-28,2014-10-04,2014,16,26.385714285714286,45.4
RIO SAN JUAN,2014-09-28,2014-10-04,2014,1,25.985714285714284,46.9
RIVAS,2014-09-28,2014-10-04,2014,21,26.685714285714287,52.1
ZELAYA CENTRAL,2014-09-28,2014-10-04,2014,35,25.4,28
BILWI,2014-10-05,2014-10-11,2014,3,24.814285714285713,242.9
BOACO,2014-10-05,2014-10-11,2014,44,23.414285714285715,139.7
CARAZO,2014-10-05,2014-10-11,2014,12,23.1,135.5
CHINANDEGA,2014-10-05,2014-10-11,2014,112,26.32857142857143,144.4
CHONTALES,2014-10-05,2014-10-11,2014,64,24.685714285714287,91.4
ESTELI,2014-10-05,2014-10-11,2014,66,22.15714285714286,94.9
GRANADA,2014-10-05,2014-10-11,2014,21,25.571428571428573,171.3
JINOTEGA,2014-10-05,2014-10-11,2014,30,20.271428571428572,99
LEON,2014-10-05,2014-10-11,2014,57,25.785714285714285,217.29999999999998
MADRIZ,2014-10-05,2014-10-11,2014,35,21.928571428571427,71.2
MANAGUA,2014-10-05,2014-10-11,2014,385,25.95714285714286,135.6
MASAYA,2014-10-05,2014-10-11,2014,58,24.657142857142855,171.3
MATAGALPA,2014-10-05,2014-10-11,2014,42,22.142857142857142,99
NUEVA SEGOVIA,2014-10-05,2014-10-11,2014,103,22.34285714285714,93.89999999999999
REGION AUTONOMA DEL ATLANTICO SUR,2014-10-05,2014-10-11,2014,7,24.642857142857142,137.8
RIO SAN JUAN,2014-10-05,2014-10-11,2014,1,24.928571428571427,94.7
RIVAS,2014-10-05,2014-10-11,2014,13,25.442857142857143,136.6
ZELAYA CENTRAL,2014-10-05,2014-10-11,2014,26,23.557142857142857,80.6
BILWI,2014-10-12,2014-10-18,2014,0,25.4,92.7
BOACO,2014-10-12,2014-10-18,2014,24,23.557142857142857,101.4
CARAZO,2014-10-12,2014-10-18,2014,15,22.914285714285715,151.1
CHINANDEGA,2014-10-12,2014-10-18,2014,124,25.7,157.9
CHONTALES,2014-10-12,2014-10-18,2014,101,24.928571428571427,74.7
ESTELI,2014-10-12,2014-10-18,2014,63,21.97142857142857,145.7
GRANADA,2014-10-12,2014-10-18,2014,12,25.57142857142857,107.5
JINOTEGA,2014-10-12,2014-10-18,2014,32,20.67142857142857,113
LEON,2014-10-12,2014-10-18,2014,58,25.185714285714287,135.4
MADRIZ,2014-10-12,2014-10-18,2014,64,22.285714285714285,127.7
MANAGUA,2014-10-12,2014-10-18,2014,143,25.8,86
MASAYA,2014-10-12,2014-10-18,2014,64,24.614285714285714,107.5
MATAGALPA,2014-10-12,2014-10-18,2014,79,22.271428571428572,113
NUEVA SEGOVIA,2014-10-12,2014-10-18,2014,91,22.82857142857143,123.4
REGION AUTONOMA DEL ATLANTICO SUR,2014-10-12,2014-10-18,2014,5,24.928571428571427,90.2
RIO SAN JUAN,2014-10-12,2014-10-18,2014,3,25.15714285714286,90.5
RIVAS,2014-10-12,2014-10-18,2014,27,25.62857142857143,161.7
ZELAYA CENTRAL,2014-10-12,2014-10-18,2014,47,23.885714285714286,92.9
BILWI,2014-10-19,2014-10-25,2014,3,26.12857142857143,48.5
BOACO,2014-10-19,2014-10-25,2014,25,24.15714285714286,65.3
CARAZO,2014-10-19,2014-10-25,2014,5,23.3,65.4
CHINANDEGA,2014-10-19,2014-10-25,2014,125,25.857142857142858,91.2
CHONTALES,2014-10-19,2014-10-25,2014,101,25.32857142857143,57.8
ESTELI,2014-10-19,2014-10-25,2014,58,22.1,66.1
GRANADA,2014-10-19,2014-10-25,2014,16,26,71.5
JINOTEGA,2014-10-19,2014-10-25,2014,54,21.12857142857143,51.2
LEON,2014-10-19,2014-10-25,2014,83,25.414285714285715,59.5
MADRIZ,2014-10-19,2014-10-25,2014,47,22.428571428571427,66.8
MANAGUA,2014-10-19,2014-10-25,2014,24,26.071428571428573,50.4
MASAYA,2014-10-19,2014-10-25,2014,74,24.957142857142856,71.5
MATAGALPA,2014-10-19,2014-10-25,2014,64,22.8,51.2
NUEVA SEGOVIA,2014-10-19,2014-10-25,2014,99,23.085714285714285,70.5
REGION AUTONOMA DEL ATLANTICO SUR,2014-10-19,2014-10-25,2014,5,25.92857142857143,36.699999999999996
RIO SAN JUAN,2014-10-19,2014-10-25,2014,2,26,59.2
RIVAS,2014-10-19,2014-10-25,2014,26,25.9,73.10000000000001
ZELAYA CENTRAL,2014-10-19,2014-10-25,2014,41,24.928571428571427,53.3
BILWI,2014-10-26,2014-11-01,2014,1,25.02857142857143,75.6
BOACO,2014-10-26,2014-11-01,2014,88,24.314285714285713,10.5
CARAZO,2014-10-26,2014-11-01,2014,12,23.585714285714285,31.299999999999997
CHINANDEGA,2014-10-26,2014-11-01,2014,166,26.771428571428572,36.9
CHONTALES,2014-10-26,2014-11-01,2014,104,25.614285714285714,15.9
ESTELI,2014-10-26,2014-11-01,2014,69,22.357142857142858,18.3
GRANADA,2014-10-26,2014-11-01,2014,7,26.314285714285713,27.5
JINOTEGA,2014-10-26,2014-11-01,2014,56,20.942857142857143,14.5
LEON,2014-10-26,2014-11-01,2014,164,26.414285714285715,34.4
MADRIZ,2014-10-26,2014-11-01,2014,61,22.02857142857143,12.2
MANAGUA,2014-10-26,2014-11-01,2014,39,26.571428571428573,10.2
MASAYA,2014-10-26,2014-11-01,2014,75,25.32857142857143,27.5
MATAGALPA,2014-10-26,2014-11-01,2014,33,22.87142857142857,14.5
NUEVA SEGOVIA,2014-10-26,2014-11-01,2014,110,22.400000000000002,26
REGION AUTONOMA DEL ATLANTICO SUR,2014-10-26,2014-11-01,2014,4,25.485714285714288,39.3
RIO SAN JUAN,2014-10-26,2014-11-01,2014,0,25.542857142857144,70.7
RIVAS,2014-10-26,2014-11-01,2014,33,26.242857142857144,39.6
ZELAYA CENTRAL,2014-10-26,2014-11-01,2014,36,24.542857142857144,29.7
BILWI,2014-11-02,2014-11-08,2014,0,24.857142857142858,59.3
BOACO,2014-11-02,2014-11-08,2014,60,23.714285714285715,4.9
CARAZO,2014-11-02,2014-11-08,2014,10,23.8,4.1
CHINANDEGA,2014-11-02,2014-11-08,2014,179,27.32857142857143,0.1
CHONTALES,2014-11-02,2014-11-08,2014,88,25.099999999999998,9
ESTELI,2014-11-02,2014-11-08,2014,51,21.814285714285713,0.6
GRANADA,2014-11-02,2014-11-08,2014,9,26.3,3.6
JINOTEGA,2014-11-02,2014-11-08,2014,40,19.885714285714286,2.7
LEON,2014-11-02,2014-11-08,2014,284,26.92857142857143,0.5
MADRIZ,2014-11-02,2014-11-08,2014,63,21.32857142857143,0.5
MANAGUA,2014-11-02,2014-11-08,2014,508,26.814285714285713,0.5
MASAYA,2014-11-02,2014-11-08,2014,61,25.271428571428572,3.6
MATAGALPA,2014-11-02,2014-11-08,2014,69,22.099999999999998,2.7
NUEVA SEGOVIA,2014-11-02,2014-11-08,2014,138,21.685714285714287,3.4
REGION AUTONOMA DEL ATLANTICO SUR,2014-11-02,2014-11-08,2014,6,24.5,116
RIO SAN JUAN,2014-11-02,2014-11-08,2014,0,25.014285714285712,125.7
RIVAS,2014-11-02,2014-11-08,2014,49,26,23.9
ZELAYA CENTRAL,2014-11-02,2014-11-08,2014,31,23.65714285714286,60.9
BILWI,2014-11-09,2014-11-15,2014,1,24.985714285714288,80.8
BOACO,2014-11-09,2014-11-15,2014,52,24.17142857142857,1.2
CARAZO,2014-11-09,2014-11-15,2014,17,23.757142857142856,0.5
CHINANDEGA,2014-11-09,2014-11-15,2014,141,26.814285714285713,7.7
CHONTALES,2014-11-09,2014-11-15,2014,63,25.571428571428573,2.6
ESTELI,2014-11-09,2014-11-15,2014,44,22.042857142857144,3.5
GRANADA,2014-11-09,2014-11-15,2014,21,26.257142857142856,1.4
JINOTEGA,2014-11-09,2014-11-15,2014,29,20.442857142857143,1.5
LEON,2014-11-09,2014-11-15,2014,252,26.54285714285714,7.1
MADRIZ,2014-11-09,2014-11-15,2014,55,21.95714285714286,0.2
MANAGUA,2014-11-09,2014-11-15,2014,568,27.114285714285714,1.3
MASAYA,2014-11-09,2014-11-15,2014,55,25.34285714285714,1.4
MATAGALPA,2014-11-09,2014-11-15,2014,83,22.514285714285712,1.5
NUEVA SEGOVIA,2014-11-09,2014-11-15,2014,85,22.257142857142856,2.1
REGION AUTONOMA DEL ATLANTICO SUR,2014-11-09,2014-11-15,2014,5,25.142857142857142,38.3
RIO SAN JUAN,2014-11-09,2014-11-15,2014,0,25.2,24.8
RIVAS,2014-11-09,2014-11-15,2014,81,26.1,7.8
ZELAYA CENTRAL,2014-11-09,2014-11-15,2014,16,24.32857142857143,15.7
BILWI,2014-11-16,2014-11-22,2014,0,25.2,44
BOACO,2014-11-16,2014-11-22,2014,45,23.785714285714285,11.3
CARAZO,2014-11-16,2014-11-22,2014,16,23.742857142857144,7.4
CHINANDEGA,2014-11-16,2014-11-22,2014,95,27.514285714285716,10.799999999999999
CHONTALES,2014-11-16,2014-11-22,2014,35,25.12857142857143,9.2
ESTELI,2014-11-16,2014-11-22,2014,30,22.542857142857144,7.7
GRANADA,2014-11-16,2014-11-22,2014,7,26.142857142857142,10.200000000000001
JINOTEGA,2014-11-16,2014-11-22,2014,17,20.4,7.4
LEON,2014-11-16,2014-11-22,2014,173,27.1,18.8
MADRIZ,2014-11-16,2014-11-22,2014,39,22.071428571428573,6
MANAGUA,2014-11-16,2014-11-22,2014,414,26.95714285714286,7.4
MASAYA,2014-11-16,2014-11-22,2014,65,25.228571428571428,10.200000000000001
MATAGALPA,2014-11-16,2014-11-22,2014,54,22.47142857142857,7.4
NUEVA SEGOVIA,2014-11-16,2014-11-22,2014,61,22.457142857142856,11.8
REGION AUTONOMA DEL ATLANTICO SUR,2014-11-16,2014-11-22,2014,2,24.614285714285714,67.2
RIO SAN JUAN,2014-11-16,2014-11-22,2014,6,24.928571428571427,57.5
RIVAS,2014-11-16,2014-11-22,2014,59,25.65714285714286,26.2
ZELAYA CENTRAL,2014-11-16,2014-11-22,2014,32,23.585714285714285,44.4
BILWI,2014-11-23,2014-11-29,2014,1,25.17142857142857,39.6
BOACO,2014-11-23,2014-11-29,2014,23,24.042857142857144,6.7
CARAZO,2014-11-23,2014-11-29,2014,30,24.02857142857143,3.6999999999999997
CHINANDEGA,2014-11-23,2014-11-29,2014,79,27.442857142857143,16.7
CHONTALES,2014-11-23,2014-11-29,2014,71,25.257142857142856,7.7
ESTELI,2014-11-23,2014-11-29,2014,30,22.47142857142857,3.5
GRANADA,2014-11-23,2014-11-29,2014,22,26.314285714285713,8.6
JINOTEGA,2014-11-23,2014-11-29,2014,16,20.5,4.2
LEON,2014-11-23,2014-11-29,2014,150,27.15714285714286,15.6
MADRIZ,2014-11-23,2014-11-29,2014,48,21.7,2.1999999999999997
MANAGUA,2014-11-23,2014-11-29,2014,289,27.214285714285715,2.8
MASAYA,2014-11-23,2014-11-29,2014,48,25.414285714285715,8.6
MATAGALPA,2014-11-23,2014-11-29,2014,54,22.728571428571428,4.2
NUEVA SEGOVIA,2014-11-23,2014-11-29,2014,47,22.128571428571426,3.7
REGION AUTONOMA DEL ATLANTICO SUR,2014-11-23,2014-11-29,2014,1,24.771428571428572,58.7
RIO SAN JUAN,2014-11-23,2014-11-29,2014,1,25.071428571428573,65.39999999999999
RIVAS,2014-11-23,2014-11-29,2014,44,26,12.7
ZELAYA CENTRAL,2014-11-23,2014-11-29,2014,19,23.757142857142856,33.9
BILWI,2014-11-30,2014-12-06,2014,1,24.571428571428573,60.6
BOACO,2014-11-30,2014-12-06,2014,18,23.87142857142857,1.2
CARAZO,2014-11-30,2014-12-06,2014,42,24.228571428571428,1.6
CHINANDEGA,2014-11-30,2014-12-06,2014,58,28.228571428571428,0.3
CHONTALES,2014-11-30,2014-12-06,2014,98,25.1,1.9000000000000001
ESTELI,2014-11-30,2014-12-06,2014,13,22.37142857142857,1.7
GRANADA,2014-11-30,2014-12-06,2014,12,26.414285714285715,2.3
JINOTEGA,2014-11-30,2014-12-06,2014,17,20.042857142857144,6
LEON,2014-11-30,2014-12-06,2014,97,27.84285714285714,1.9
MADRIZ,2014-11-30,2014-12-06,2014,33,21.7,2.6
MANAGUA,2014-11-30,2014-12-06,2014,149,27.585714285714285,0.8
MASAYA,2014-11-30,2014-12-06,2014,36,25.62857142857143,2.3
MATAGALPA,2014-11-30,2014-12-06,2014,33,22.414285714285715,6
NUEVA SEGOVIA,2014-11-30,2014-12-06,2014,29,21.985714285714288,6.2
REGION AUTONOMA DEL ATLANTICO SUR,2014-11-30,2014-12-06,2014,5,24.357142857142858,118
RIO SAN JUAN,2014-11-30,2014-12-06,2014,0,24.914285714285715,62.9
RIVAS,2014-11-30,2014-12-06,2014,48,25.928571428571427,4.2
ZELAYA CENTRAL,2014-11-30,2014-12-06,2014,13,23.571428571428573,53.800000000000004
BILWI,2014-12-07,2014-12-13,2014,0,24.17142857142857,9.1
BOACO,2014-12-07,2014-12-13,2014,14,23.271428571428572,0
CARAZO,2014-12-07,2014-12-13,2014,35,23.771428571428572,0.5
CHINANDEGA,2014-12-07,2014-12-13,2014,43,27.428571428571427,0.1
CHONTALES,2014-12-07,2014-12-13,2014,64,24.542857142857144,0
ESTELI,2014-12-07,2014-12-13,2014,20,21.4,0
GRANADA,2014-12-07,2014-12-13,2014,25,25.928571428571427,0
JINOTEGA,2014-12-07,2014-12-13,2014,15,18.97142857142857,0
LEON,2014-12-07,2014-12-13,2014,74,27.12857142857143,0.1
MADRIZ,2014-12-07,2014-12-13,2014,23,20.814285714285713,0
MANAGUA,2014-12-07,2014-12-13,2014,96,27.271428571428572,0
MASAYA,2014-12-07,2014-12-13,2014,69,25.17142857142857,0
MATAGALPA,2014-12-07,2014-12-13,2014,29,21.5,0
NUEVA SEGOVIA,2014-12-07,2014-12-13,2014,32,21.014285714285716,1.2000000000000002
REGION AUTONOMA DEL ATLANTICO SUR,2014-12-07,2014-12-13,2014,4,24.071428571428573,23.7
RIO SAN JUAN,2014-12-07,2014-12-13,2014,1,24.42857142857143,22.4
RIVAS,2014-12-07,2014-12-13,2014,18,25.485714285714288,0
ZELAYA CENTRAL,2014-12-07,2014-12-13,2014,21,23.242857142857144,7.6
BILWI,2014-12-14,2014-12-20,2014,1,24.557142857142857,5.6
BOACO,2014-12-14,2014-12-20,2014,18,24.02857142857143,0.2
CARAZO,2014-12-14,2014-12-20,2014,31,24.12857142857143,0.2
CHINANDEGA,2014-12-14,2014-12-20,2014,32,27.142857142857142,0
CHONTALES,2014-12-14,2014-12-20,2014,64,25.185714285714287,1.4
ESTELI,2014-12-14,2014-12-20,2014,14,21.985714285714288,1.9
GRANADA,2014-12-14,2014-12-20,2014,10,26.142857142857142,0.3
JINOTEGA,2014-12-14,2014-12-20,2014,8,19.742857142857144,1.3
LEON,2014-12-14,2014-12-20,2014,65,26.742857142857144,1.1
MADRIZ,2014-12-14,2014-12-20,2014,21,21.5,0.8999999999999999
MANAGUA,2014-12-14,2014-12-20,2014,52,27.757142857142856,0.2
MASAYA,2014-12-14,2014-12-20,2014,22,25.514285714285712,0.3
MATAGALPA,2014-12-14,2014-12-20,2014,26,22.242857142857144,1.3
NUEVA SEGOVIA,2014-12-14,2014-12-20,2014,32,21.728571428571428,0.7
REGION AUTONOMA DEL ATLANTICO SUR,2014-12-14,2014-12-20,2014,2,24.185714285714287,19.3
RIO SAN JUAN,2014-12-14,2014-12-20,2014,0,24.457142857142856,22.5
RIVAS,2014-12-14,2014-12-20,2014,20,25.485714285714284,4.4
ZELAYA CENTRAL,2014-12-14,2014-12-20,2014,16,23.485714285714288,9.1
BILWI,2014-12-21,2014-12-27,2014,1,25.542857142857144,11
BOACO,2014-12-21,2014-12-27,2014,4,24.385714285714286,1.2999999999999998
CARAZO,2014-12-21,2014-12-27,2014,28,24.485714285714288,0.6000000000000001
CHINANDEGA,2014-12-21,2014-12-27,2014,20,27.914285714285715,0
CHONTALES,2014-12-21,2014-12-27,2014,54,25.771428571428572,3.6999999999999997
ESTELI,2014-12-21,2014-12-27,2014,4,22.6,0.5
GRANADA,2014-12-21,2014-12-27,2014,14,26.485714285714288,2
JINOTEGA,2014-12-21,2014-12-27,2014,4,20.414285714285715,1.8
LEON,2014-12-21,2014-12-27,2014,46,27.785714285714285,0
MADRIZ,2014-12-21,2014-12-27,2014,15,22.34285714285714,0.5
MANAGUA,2014-12-21,2014-12-27,2014,36,28.02857142857143,0
MASAYA,2014-12-21,2014-12-27,2014,12,25.87142857142857,2
MATAGALPA,2014-12-21,2014-12-27,2014,5,22.685714285714287,1.8
NUEVA SEGOVIA,2014-12-21,2014-12-27,2014,22,22.614285714285714,2.5
REGION AUTONOMA DEL ATLANTICO SUR,2014-12-21,2014-12-27,2014,1,25.385714285714286,15.6
RIO SAN JUAN,2014-12-21,2014-12-27,2014,1,25.371428571428574,22.4
RIVAS,2014-12-21,2014-12-27,2014,30,26.02857142857143,2.4
ZELAYA CENTRAL,2014-12-21,2014-12-27,2014,6,24.314285714285713,19.6
BILWI,2015-01-04,2015-01-10,2015,2,25.34285714285714,21.2
BOACO,2015-01-04,2015-01-10,2015,10,23.585714285714285,2.3000000000000003
CARAZO,2015-01-04,2015-01-10,2015,29,24.214285714285715,0
CHINANDEGA,2015-01-04,2015-01-10,2015,9,28.942857142857143,0
CHONTALES,2015-01-04,2015-01-10,2015,96,25.228571428571428,3.4
ESTELI,2015-01-04,2015-01-10,2015,9,22.014285714285716,0.6
GRANADA,2015-01-04,2015-01-10,2015,17,26.357142857142858,0
JINOTEGA,2015-01-04,2015-01-10,2015,5,19.485714285714284,4.1
LEON,2015-01-04,2015-01-10,2015,51,28.37142857142857,0
MADRIZ,2015-01-04,2015-01-10,2015,13,21.32857142857143,3.3
MANAGUA,2015-01-04,2015-01-10,2015,325,27.5,0
MASAYA,2015-01-04,2015-01-10,2015,21,25.62857142857143,0
MATAGALPA,2015-01-04,2015-01-10,2015,50,21.757142857142856,4.1
NUEVA SEGOVIA,2015-01-04,2015-01-10,2015,47,21.657142857142855,6.9
REGION AUTONOMA DEL ATLANTICO SUR,2015-01-04,2015-01-10,2015,2,24.95714285714286,13.9
RIO SAN JUAN,2015-01-04,2015-01-10,2015,3,24.65714285714286,51.9
RIVAS,2015-01-04,2015-01-10,2015,40,25.785714285714285,3.3
ZELAYA CENTRAL,2015-01-04,2015-01-10,2015,15,23.914285714285715,25.4
BILWI,2015-01-11,2015-01-17,2015,2,25.271428571428572,11.5
BOACO,2015-01-11,2015-01-17,2015,22,24.085714285714285,1.7
CARAZO,2015-01-11,2015-01-17,2015,16,24.47142857142857,3
CHINANDEGA,2015-01-11,2015-01-17,2015,7,29.17142857142857,0.2
CHONTALES,2015-01-11,2015-01-17,2015,81,25.37142857142857,11.1
ESTELI,2015-01-11,2015-01-17,2015,18,22.785714285714285,0.30000000000000004
GRANADA,2015-01-11,2015-01-17,2015,14,26.442857142857143,6.8999999999999995
JINOTEGA,2015-01-11,2015-01-17,2015,3,20.271428571428572,2.4
LEON,2015-01-11,2015-01-17,2015,39,28.87142857142857,0
MADRIZ,2015-01-11,2015-01-17,2015,18,22.02857142857143,2.3
MANAGUA,2015-01-11,2015-01-17,2015,352,27.728571428571428,3.6
MASAYA,2015-01-11,2015-01-17,2015,17,25.771428571428572,6.8999999999999995
MATAGALPA,2015-01-11,2015-01-17,2015,52,22.585714285714285,2.4
NUEVA SEGOVIA,2015-01-11,2015-01-17,2015,57,22.314285714285713,3
REGION AUTONOMA DEL ATLANTICO SUR,2015-01-11,2015-01-17,2015,14,24.7,32.6
RIO SAN JUAN,2015-01-11,2015-01-17,2015,4,25.071428571428573,38.3
RIVAS,2015-01-11,2015-01-17,2015,26,25.942857142857143,5.1
ZELAYA CENTRAL,2015-01-11,2015-01-17,2015,23,23.84285714285714,28.5
BILWI,2015-01-18,2015-01-24,2015,1,25.014285714285712,3.7
BOACO,2015-01-18,2015-01-24,2015,27,24.071428571428573,0
CARAZO,2015-01-18,2015-01-24,2015,9,24.185714285714287,0
CHINANDEGA,2015-01-18,2015-01-24,2015,13,28.085714285714285,0
CHONTALES,2015-01-18,2015-01-24,2015,61,25.414285714285715,0.6000000000000001
ESTELI,2015-01-18,2015-01-24,2015,28,22.385714285714286,0
GRANADA,2015-01-18,2015-01-24,2015,31,26.185714285714287,0
JINOTEGA,2015-01-18,2015-01-24,2015,2,19.84285714285714,0
LEON,2015-01-18,2015-01-24,2015,44,28.185714285714287,0
MADRIZ,2015-01-18,2015-01-24,2015,16,22.185714285714287,0
MANAGUA,2015-01-18,2015-01-24,2015,516,27.714285714285715,0
MASAYA,2015-01-18,2015-01-24,2015,22,25.614285714285714,0
MATAGALPA,2015-01-18,2015-01-24,2015,53,22.157142857142855,0
NUEVA SEGOVIA,2015-01-18,2015-01-24,2015,56,22.371428571428574,0
REGION AUTONOMA DEL ATLANTICO SUR,2015-01-18,2015-01-24,2015,11,24.8,13.4
RIO SAN JUAN,2015-01-18,2015-01-24,2015,4,24.857142857142858,18.3
RIVAS,2015-01-18,2015-01-24,2015,18,25.785714285714285,0.4
ZELAYA CENTRAL,2015-01-18,2015-01-24,2015,27,23.771428571428572,10.4
BILWI,2015-01-25,2015-01-31,2015,3,23.914285714285715,22.3
BOACO,2015-01-25,2015-01-31,2015,19,23.34285714285714,0.2
CARAZO,2015-01-25,2015-01-31,2015,13,23.9,0
CHINANDEGA,2015-01-25,2015-01-31,2015,9,28.7,0
CHONTALES,2015-01-25,2015-01-31,2015,96,24.62857142857143,0.8
ESTELI,2015-01-25,2015-01-31,2015,32,21.8,0
GRANADA,2015-01-25,2015-01-31,2015,16,25.97142857142857,0
JINOTEGA,2015-01-25,2015-01-31,2015,11,19.2,1.1
LEON,2015-01-25,2015-01-31,2015,36,28.34285714285714,0
MADRIZ,2015-01-25,2015-01-31,2015,18,21.15714285714286,0
MANAGUA,2015-01-25,2015-01-31,2015,374,27.3,0
MASAYA,2015-01-25,2015-01-31,2015,20,25.32857142857143,0
MATAGALPA,2015-01-25,2015-01-31,2015,48,21.514285714285716,1.1
NUEVA SEGOVIA,2015-01-25,2015-01-31,2015,51,21.6,0
REGION AUTONOMA DEL ATLANTICO SUR,2015-01-25,2015-01-31,2015,5,23.82857142857143,33
RIO SAN JUAN,2015-01-25,2015-01-31,2015,5,24.542857142857144,23.5
RIVAS,2015-01-25,2015-01-31,2015,18,25.428571428571427,0.2
ZELAYA CENTRAL,2015-01-25,2015-01-31,2015,49,23.157142857142855,7.9
BILWI,2015-02-01,2015-02-07,2015,0,24.885714285714286,8.1
BOACO,2015-02-01,2015-02-07,2015,18,24.37142857142857,0
CARAZO,2015-02-01,2015-02-07,2015,14,24.771428571428572,0
CHINANDEGA,2015-02-01,2015-02-07,2015,5,29.02857142857143,0
CHONTALES,2015-02-01,2015-02-07,2015,44,25.771428571428572,0.6
ESTELI,2015-02-01,2015-02-07,2015,17,22.8,0.1
GRANADA,2015-02-01,2015-02-07,2015,20,26.714285714285715,0
JINOTEGA,2015-02-01,2015-02-07,2015,7,20.228571428571428,1.1
LEON,2015-02-01,2015-02-07,2015,29,28.542857142857144,0
MADRIZ,2015-02-01,2015-02-07,2015,18,22.557142857142857,0
MANAGUA,2015-02-01,2015-02-07,2015,322,28.285714285714285,0
MASAYA,2015-02-01,2015-02-07,2015,21,26.2,0
MATAGALPA,2015-02-01,2015-02-07,2015,70,22.45714285714286,1.1
NUEVA SEGOVIA,2015-02-01,2015-02-07,2015,83,22.87142857142857,0.5
REGION AUTONOMA DEL ATLANTICO SUR,2015-02-01,2015-02-07,2015,7,24.857142857142858,14.3
RIO SAN JUAN,2015-02-01,2015-02-07,2015,3,25.071428571428573,31.9
RIVAS,2015-02-01,2015-02-07,2015,18,26.02857142857143,0.6
ZELAYA CENTRAL,2015-02-01,2015-02-07,2015,45,24.085714285714285,13.1
BILWI,2015-02-08,2015-02-14,2015,0,24.485714285714284,2.5
BOACO,2015-02-08,2015-02-14,2015,33,24.485714285714288,1
CARAZO,2015-02-08,2015-02-14,2015,14,24.4,1.2
CHINANDEGA,2015-02-08,2015-02-14,2015,5,27.82857142857143,1.9
CHONTALES,2015-02-08,2015-02-14,2015,45,25.67142857142857,0.9
ESTELI,2015-02-08,2015-02-14,2015,18,22.785714285714285,1.5
GRANADA,2015-02-08,2015-02-14,2015,17,26.385714285714286,3.2
JINOTEGA,2015-02-08,2015-02-14,2015,3,20.385714285714286,1
LEON,2015-02-08,2015-02-14,2015,36,27.34285714285714,2.9
MADRIZ,2015-02-08,2015-02-14,2015,29,22.942857142857143,0.4
MANAGUA,2015-02-08,2015-02-14,2015,203,27.985714285714284,0.4
MASAYA,2015-02-08,2015-02-14,2015,13,25.885714285714286,3.2
MATAGALPA,2015-02-08,2015-02-14,2015,74,22.642857142857142,1
NUEVA SEGOVIA,2015-02-08,2015-02-14,2015,61,23.385714285714286,3.1
REGION AUTONOMA DEL ATLANTICO SUR,2015-02-08,2015-02-14,2015,6,24.428571428571427,15.5
RIO SAN JUAN,2015-02-08,2015-02-14,2015,0,24.7,20.5
RIVAS,2015-02-08,2015-02-14,2015,8,25.985714285714288,0.4
ZELAYA CENTRAL,2015-02-08,2015-02-14,2015,50,23.62857142857143,6
BILWI,2015-02-15,2015-02-21,2015,1,24.571428571428573,11.3
BOACO,2015-02-15,2015-02-21,2015,10,24.07142857142857,0.1
CARAZO,2015-02-15,2015-02-21,2015,11,24.42857142857143,0
CHINANDEGA,2015-02-15,2015-02-21,2015,5,28.52857142857143,0.1
CHONTALES,2015-02-15,2015-02-21,2015,29,25.257142857142856,0.7
ESTELI,2015-02-15,2015-02-21,2015,25,22.557142857142857,0
GRANADA,2015-02-15,2015-02-21,2015,24,26.271428571428572,0.2
JINOTEGA,2015-02-15,2015-02-21,2015,3,19.985714285714284,0.4
LEON,2015-02-15,2015-02-21,2015,30,28.142857142857142,0.1
MADRIZ,2015-02-15,2015-02-21,2015,22,22.214285714285715,0.4
MANAGUA,2015-02-15,2015-02-21,2015,172,27.928571428571427,0
MASAYA,2015-02-15,2015-02-21,2015,15,25.757142857142856,0.2
MATAGALPA,2015-02-15,2015-02-21,2015,79,22.285714285714285,0.4
NUEVA SEGOVIA,2015-02-15,2015-02-21,2015,51,22.571428571428573,0.7000000000000001
REGION AUTONOMA DEL ATLANTICO SUR,2015-02-15,2015-02-21,2015,9,24.314285714285713,35.7
RIO SAN JUAN,2015-02-15,2015-02-21,2015,2,25.042857142857144,19.599999999999998
RIVAS,2015-02-15,2015-02-21,2015,9,25.87142857142857,0.2
ZELAYA CENTRAL,2015-02-15,2015-02-21,2015,46,23.771428571428572,7.800000000000001
BILWI,2015-02-22,2015-02-28,2015,2,25.714285714285715,7.4
BOACO,2015-02-22,2015-02-28,2015,10,24.985714285714288,0.6
CARAZO,2015-02-22,2015-02-28,2015,11,25.12857142857143,0.1
CHINANDEGA,2015-02-22,2015-02-28,2015,6,29.37142857142857,0
CHONTALES,2015-02-22,2015-02-28,2015,38,26.37142857142857,1.8
ESTELI,2015-02-22,2015-02-28,2015,18,23.92857142857143,0.2
GRANADA,2015-02-22,2015-02-28,2015,14,27,0.7
JINOTEGA,2015-02-22,2015-02-28,2015,6,21.3,2.1
LEON,2015-02-22,2015-02-28,2015,21,28.8,0
MADRIZ,2015-02-22,2015-02-28,2015,18,23.857142857142858,0.5
MANAGUA,2015-02-22,2015-02-28,2015,120,28.757142857142856,0
MASAYA,2015-02-22,2015-02-28,2015,15,26.54285714285714,0.7
MATAGALPA,2015-02-22,2015-02-28,2015,58,23.32857142857143,2.1
NUEVA SEGOVIA,2015-02-22,2015-02-28,2015,64,24.2,1.5
REGION AUTONOMA DEL ATLANTICO SUR,2015-02-22,2015-02-28,2015,6,25.32857142857143,12
RIO SAN JUAN,2015-02-22,2015-02-28,2015,2,25.65714285714286,16.8
RIVAS,2015-02-22,2015-02-28,2015,11,26.428571428571427,4.1
ZELAYA CENTRAL,2015-02-22,2015-02-28,2015,54,24.514285714285716,14.1
BILWI,2015-03-01,2015-03-07,2015,0,25.67142857142857,12.4
BOACO,2015-03-01,2015-03-07,2015,19,24.185714285714287,3.2
CARAZO,2015-03-01,2015-03-07,2015,5,24.771428571428572,1.5
CHINANDEGA,2015-03-01,2015-03-07,2015,8,29.942857142857143,0
CHONTALES,2015-03-01,2015-03-07,2015,26,25.814285714285713,6.6
ESTELI,2015-03-01,2015-03-07,2015,24,23.042857142857144,1.2
GRANADA,2015-03-01,2015-03-07,2015,9,26.8,4.2
JINOTEGA,2015-03-01,2015-03-07,2015,10,20.37142857142857,5.7
LEON,2015-03-01,2015-03-07,2015,19,29.228571428571428,0
MADRIZ,2015-03-01,2015-03-07,2015,19,22.8,1.8
MANAGUA,2015-03-01,2015-03-07,2015,124,28.15714285714286,0
MASAYA,2015-03-01,2015-03-07,2015,16,26.228571428571428,4.2
MATAGALPA,2015-03-01,2015-03-07,2015,63,22.485714285714284,5.7
NUEVA SEGOVIA,2015-03-01,2015-03-07,2015,64,23.2,2.8000000000000003
REGION AUTONOMA DEL ATLANTICO SUR,2015-03-01,2015-03-07,2015,7,25.1,21.2
RIO SAN JUAN,2015-03-01,2015-03-07,2015,2,25.5,26.7
RIVAS,2015-03-01,2015-03-07,2015,6,26.314285714285713,4.5
ZELAYA CENTRAL,2015-03-01,2015-03-07,2015,34,24.17142857142857,25.7
BILWI,2015-03-08,2015-03-14,2015,0,25.757142857142856,11.1
BOACO,2015-03-08,2015-03-14,2015,28,24.314285714285713,1.6
CARAZO,2015-03-08,2015-03-14,2015,3,24.985714285714288,0.1
CHINANDEGA,2015-03-08,2015-03-14,2015,8,30.085714285714285,0
CHONTALES,2015-03-08,2015-03-14,2015,34,26.12857142857143,1.7000000000000002
ESTELI,2015-03-08,2015-03-14,2015,29,23.157142857142855,0.8
GRANADA,2015-03-08,2015-03-14,2015,11,27,0.7
JINOTEGA,2015-03-08,2015-03-14,2015,4,20.314285714285713,4.6
LEON,2015-03-08,2015-03-14,2015,17,29.15714285714286,0
MADRIZ,2015-03-08,2015-03-14,2015,22,22.7,2.1
MANAGUA,2015-03-08,2015-03-14,2015,126,28.3,0
MASAYA,2015-03-08,2015-03-14,2015,6,26.357142857142858,0.7
MATAGALPA,2015-03-08,2015-03-14,2015,77,22.428571428571427,4.6
NUEVA SEGOVIA,2015-03-08,2015-03-14,2015,49,23.057142857142857,2.9
REGION AUTONOMA DEL ATLANTICO SUR,2015-03-08,2015-03-14,2015,5,25.314285714285713,13.3
RIO SAN JUAN,2015-03-08,2015-03-14,2015,2,25.67142857142857,23.400000000000002
RIVAS,2015-03-08,2015-03-14,2015,4,26.457142857142856,1.8
ZELAYA CENTRAL,2015-03-08,2015-03-14,2015,36,24.45714285714286,18.3
BILWI,2015-03-15,2015-03-21,2015,1,25.771428571428572,4.3
BOACO,2015-03-15,2015-03-21,2015,28,24.771428571428572,0.4
CARAZO,2015-03-15,2015-03-21,2015,1,24.885714285714286,0
CHINANDEGA,2015-03-15,2015-03-21,2015,10,29.257142857142856,0
CHONTALES,2015-03-15,2015-03-21,2015,26,26.271428571428572,0.6
ESTELI,2015-03-15,2015-03-21,2015,35,23.714285714285715,0
GRANADA,2015-03-15,2015-03-21,2015,15,26.8,0
JINOTEGA,2015-03-15,2015-03-21,2015,5,20.957142857142856,0.8
LEON,2015-03-15,2015-03-21,2015,14,28.742857142857144,0
MADRIZ,2015-03-15,2015-03-21,2015,21,23.814285714285713,0.2
MANAGUA,2015-03-15,2015-03-21,2015,110,28.5,0
MASAYA,2015-03-15,2015-03-21,2015,3,26.314285714285713,0
MATAGALPA,2015-03-15,2015-03-21,2015,59,23.057142857142857,0.8
NUEVA SEGOVIA,2015-03-15,2015-03-21,2015,45,24.114285714285714,0.4
REGION AUTONOMA DEL ATLANTICO SUR,2015-03-15,2015-03-21,2015,19,25.257142857142856,8.9
RIO SAN JUAN,2015-03-15,2015-03-21,2015,4,25.614285714285714,4.4
RIVAS,2015-03-15,2015-03-21,2015,0,26.414285714285715,0
ZELAYA CENTRAL,2015-03-15,2015-03-21,2015,33,24.357142857142858,8.5
BILWI,2015-03-22,2015-03-28,2015,0,26.37142857142857,2
BOACO,2015-03-22,2015-03-28,2015,2,26.12857142857143,0
CARAZO,2015-03-22,2015-03-28,2015,0,25.82857142857143,0
CHINANDEGA,2015-03-22,2015-03-28,2015,8,28.885714285714286,2
CHONTALES,2015-03-22,2015-03-28,2015,14,27.17142857142857,0.9
ESTELI,2015-03-22,2015-03-28,2015,21,25.257142857142856,0
GRANADA,2015-03-22,2015-03-28,2015,5,27.514285714285712,0.1
JINOTEGA,2015-03-22,2015-03-28,2015,3,22.642857142857142,0
LEON,2015-03-22,2015-03-28,2015,10,28.357142857142858,1.5
MADRIZ,2015-03-22,2015-03-28,2015,11,25.857142857142858,0
MANAGUA,2015-03-22,2015-03-28,2015,74,29.599999999999998,0
MASAYA,2015-03-22,2015-03-28,2015,3,27.2,0.1
MATAGALPA,2015-03-22,2015-03-28,2015,73,24.5,0
NUEVA SEGOVIA,2015-03-22,2015-03-28,2015,40,26.228571428571428,0.1
REGION AUTONOMA DEL ATLANTICO SUR,2015-03-22,2015-03-28,2015,8,25.8,1.3
RIO SAN JUAN,2015-03-22,2015-03-28,2015,0,26.3,0.1
RIVAS,2015-03-22,2015-03-28,2015,1,27.242857142857144,0
ZELAYA CENTRAL,2015-03-22,2015-03-28,2015,21,25.12857142857143,2.5
BILWI,2015-03-29,2015-04-04,2015,0,26.314285714285713,11.3
BOACO,2015-03-29,2015-04-04,2015,17,26.242857142857144,0.4
CARAZO,2015-03-29,2015-04-04,2015,3,26.071428571428573,0
CHINANDEGA,2015-03-29,2015-04-04,2015,5,30.142857142857142,0.30000000000000004
CHONTALES,2015-03-29,2015-04-04,2015,9,27.5,0.5
ESTELI,2015-03-29,2015-04-04,2015,4,25.014285714285716,0.9
GRANADA,2015-03-29,2015-04-04,2015,3,27.985714285714284,0
JINOTEGA,2015-03-29,2015-04-04,2015,6,22.45714285714286,1.7
LEON,2015-03-29,2015-04-04,2015,13,30.02857142857143,1.2
MADRIZ,2015-03-29,2015-04-04,2015,13,24.857142857142858,1
MANAGUA,2015-03-29,2015-04-04,2015,26,29.82857142857143,0.1
MASAYA,2015-03-29,2015-04-04,2015,4,27.67142857142857,0
MATAGALPA,2015-03-29,2015-04-04,2015,31,24.542857142857144,1.7
NUEVA SEGOVIA,2015-03-29,2015-04-04,2015,49,25.271428571428572,1.5
REGION AUTONOMA DEL ATLANTICO SUR,2015-03-29,2015-04-04,2015,6,25.857142857142858,11.5
RIO SAN JUAN,2015-03-29,2015-04-04,2015,0,26.428571428571427,10.700000000000001
RIVAS,2015-03-29,2015-04-04,2015,0,27.242857142857144,0.9
ZELAYA CENTRAL,2015-03-29,2015-04-04,2015,11,25.228571428571428,13.4
BILWI,2015-04-05,2015-04-11,2015,5,26.214285714285715,18
BOACO,2015-04-05,2015-04-11,2015,32,25.57142857142857,0.5
CARAZO,2015-04-05,2015-04-11,2015,6,25.87142857142857,0
CHINANDEGA,2015-04-05,2015-04-11,2015,3,31.057142857142857,0
CHONTALES,2015-04-05,2015-04-11,2015,19,27.185714285714287,1.4000000000000001
ESTELI,2015-04-05,2015-04-11,2015,18,24.414285714285715,0.2
GRANADA,2015-04-05,2015-04-11,2015,10,27.914285714285715,0
JINOTEGA,2015-04-05,2015-04-11,2015,4,21.728571428571428,0.8
LEON,2015-04-05,2015-04-11,2015,16,30.285714285714285,0
MADRIZ,2015-04-05,2015-04-11,2015,8,24.314285714285713,0
MANAGUA,2015-04-05,2015-04-11,2015,49,29.400000000000002,0
MASAYA,2015-04-05,2015-04-11,2015,7,27.428571428571427,0
MATAGALPA,2015-04-05,2015-04-11,2015,26,23.814285714285713,0.8
NUEVA SEGOVIA,2015-04-05,2015-04-11,2015,69,24.742857142857144,0.7000000000000001
REGION AUTONOMA DEL ATLANTICO SUR,2015-04-05,2015-04-11,2015,13,25.87142857142857,12.2
RIO SAN JUAN,2015-04-05,2015-04-11,2015,1,26.099999999999998,18
RIVAS,2015-04-05,2015-04-11,2015,0,27.12857142857143,1.8
ZELAYA CENTRAL,2015-04-05,2015-04-11,2015,25,25.15714285714286,14.7
BILWI,2015-04-12,2015-04-18,2015,4,26.857142857142858,9.2
BOACO,2015-04-12,2015-04-18,2015,8,26.2,3.4
CARAZO,2015-04-12,2015-04-18,2015,12,26.242857142857144,0.5
CHINANDEGA,2015-04-12,2015-04-18,2015,8,30,4.2
CHONTALES,2015-04-12,2015-04-18,2015,17,27.65714285714286,2.1
ESTELI,2015-04-12,2015-04-18,2015,26,25.62857142857143,0.8
GRANADA,2015-04-12,2015-04-18,2015,11,28.142857142857142,0.8
JINOTEGA,2015-04-12,2015-04-18,2015,3,22.742857142857144,2.2
LEON,2015-04-12,2015-04-18,2015,17,29.47142857142857,4
MADRIZ,2015-04-12,2015-04-18,2015,17,25.7,0.1
MANAGUA,2015-04-12,2015-04-18,2015,87,29.84285714285714,1.1
MASAYA,2015-04-12,2015-04-18,2015,7,27.67142857142857,0.8
MATAGALPA,2015-04-12,2015-04-18,2015,54,24.62857142857143,2.2
NUEVA SEGOVIA,2015-04-12,2015-04-18,2015,49,26.014285714285712,1.2
REGION AUTONOMA DEL ATLANTICO SUR,2015-04-12,2015-04-18,2015,7,25.685714285714287,19.3
RIO SAN JUAN,2015-04-12,2015-04-18,2015,0,26.67142857142857,14.2
RIVAS,2015-04-12,2015-04-18,2015,1,27.485714285714288,3
ZELAYA CENTRAL,2015-04-12,2015-04-18,2015,43,25.214285714285715,21.5
BILWI,2015-04-19,2015-04-25,2015,1,27.385714285714286,4.5
BOACO,2015-04-19,2015-04-25,2015,15,27.185714285714287,1.1
CARAZO,2015-04-19,2015-04-25,2015,10,26.714285714285715,3
CHINANDEGA,2015-04-19,2015-04-25,2015,5,29.914285714285715,2.2
CHONTALES,2015-04-19,2015-04-25,2015,30,28.385714285714286,0.9
ESTELI,2015-04-19,2015-04-25,2015,17,26.885714285714286,0.5
GRANADA,2015-04-19,2015-04-25,2015,6,28.485714285714284,3
JINOTEGA,2015-04-19,2015-04-25,2015,5,24.014285714285712,0.6
LEON,2015-04-19,2015-04-25,2015,11,29.62857142857143,1.5
MADRIZ,2015-04-19,2015-04-25,2015,28,27.242857142857144,0.1
MANAGUA,2015-04-19,2015-04-25,2015,74,30.557142857142857,0.4
MASAYA,2015-04-19,2015-04-25,2015,6,28.128571428571426,3
MATAGALPA,2015-04-19,2015-04-25,2015,35,25.8,0.6
NUEVA SEGOVIA,2015-04-19,2015-04-25,2015,53,27.757142857142856,0
REGION AUTONOMA DEL ATLANTICO SUR,2015-04-19,2015-04-25,2015,10,26.6,6
RIO SAN JUAN,2015-04-19,2015-04-25,2015,2,27.142857142857142,12.1
RIVAS,2015-04-19,2015-04-25,2015,0,27.84285714285714,20.3
ZELAYA CENTRAL,2015-04-19,2015-04-25,2015,60,26.02857142857143,10.9
BILWI,2015-04-26,2015-05-02,2015,0,27.614285714285714,10.200000000000001
BOACO,2015-04-26,2015-05-02,2015,6,26.414285714285715,55.6
CARAZO,2015-04-26,2015-05-02,2015,3,26.014285714285716,20.5
CHINANDEGA,2015-04-26,2015-05-02,2015,5,28.771428571428572,89.8
CHONTALES,2015-04-26,2015-05-02,2015,32,27.37142857142857,175.2
ESTELI,2015-04-26,2015-05-02,2015,27,25.571428571428573,73
GRANADA,2015-04-26,2015-05-02,2015,5,28.185714285714287,26.6
JINOTEGA,2015-04-26,2015-05-02,2015,7,23.65714285714286,55.6
LEON,2015-04-26,2015-05-02,2015,7,28.17142857142857,87
MADRIZ,2015-04-26,2015-05-02,2015,27,26,45.6
MANAGUA,2015-04-26,2015-05-02,2015,42,29.2,30.2
MASAYA,2015-04-26,2015-05-02,2015,5,27.514285714285716,26.6
MATAGALPA,2015-04-26,2015-05-02,2015,53,25.442857142857143,55.6
NUEVA SEGOVIA,2015-04-26,2015-05-02,2015,51,26.67142857142857,56.1
REGION AUTONOMA DEL ATLANTICO SUR,2015-04-26,2015-05-02,2015,7,27.214285714285715,13.4
RIO SAN JUAN,2015-04-26,2015-05-02,2015,0,27.357142857142858,27.7
RIVAS,2015-04-26,2015-05-02,2015,0,27.857142857142858,18.2
ZELAYA CENTRAL,2015-04-26,2015-05-02,2015,42,26.614285714285714,14.9
BILWI,2015-05-03,2015-05-09,2015,0,26.9,17.7
BOACO,2015-05-03,2015-05-09,2015,21,25.928571428571427,8.6
CARAZO,2015-05-03,2015-05-09,2015,6,26.1,1.1
CHINANDEGA,2015-05-03,2015-05-09,2015,3,29.314285714285713,8.5
CHONTALES,2015-05-03,2015-05-09,2015,26,27.114285714285714,6.8
ESTELI,2015-05-03,2015-05-09,2015,25,24.52857142857143,13.4
GRANADA,2015-05-03,2015-05-09,2015,9,28.32857142857143,3
JINOTEGA,2015-05-03,2015-05-09,2015,8,22.242857142857144,14.500000000000002
LEON,2015-05-03,2015-05-09,2015,13,28.87142857142857,6.3999999999999995
MADRIZ,2015-05-03,2015-05-09,2015,45,24.45714285714286,2.4
MANAGUA,2015-05-03,2015-05-09,2015,73,29.285714285714285,2.3
MASAYA,2015-05-03,2015-05-09,2015,7,27.585714285714285,3
MATAGALPA,2015-05-03,2015-05-09,2015,79,24.314285714285713,14.500000000000002
NUEVA SEGOVIA,2015-05-03,2015-05-09,2015,54,24.885714285714286,11.6
REGION AUTONOMA DEL ATLANTICO SUR,2015-05-03,2015-05-09,2015,14,26.514285714285712,28.9
RIO SAN JUAN,2015-05-03,2015-05-09,2015,0,27.2,20.8
RIVAS,2015-05-03,2015-05-09,2015,0,27.942857142857143,2.9
ZELAYA CENTRAL,2015-05-03,2015-05-09,2015,31,26.02857142857143,20.1
BILWI,2015-05-10,2015-05-16,2015,2,27.2,13.2
BOACO,2015-05-10,2015-05-16,2015,21,25.857142857142858,4
CARAZO,2015-05-10,2015-05-16,2015,5,26.071428571428573,1.1
CHINANDEGA,2015-05-10,2015-05-16,2015,3,31.057142857142857,1.2
CHONTALES,2015-05-10,2015-05-16,2015,30,27.17142857142857,4.3
ESTELI,2015-05-10,2015-05-16,2015,57,24.97142857142857,1.6
GRANADA,2015-05-10,2015-05-16,2015,15,28.3,3
JINOTEGA,2015-05-10,2015-05-16,2015,7,22.257142857142856,4.1000000000000005
LEON,2015-05-10,2015-05-16,2015,15,30.3,1.4000000000000001
MADRIZ,2015-05-10,2015-05-16,2015,63,24.285714285714285,1.9
MANAGUA,2015-05-10,2015-05-16,2015,80,29.485714285714284,1.3
MASAYA,2015-05-10,2015-05-16,2015,3,27.614285714285714,3
MATAGALPA,2015-05-10,2015-05-16,2015,74,24.34285714285714,4.1000000000000005
NUEVA SEGOVIA,2015-05-10,2015-05-16,2015,62,24.757142857142856,3.3
REGION AUTONOMA DEL ATLANTICO SUR,2015-05-10,2015-05-16,2015,13,26.214285714285715,42.800000000000004
RIO SAN JUAN,2015-05-10,2015-05-16,2015,0,26.67142857142857,34.1
RIVAS,2015-05-10,2015-05-16,2015,0,27.728571428571428,4.5
ZELAYA CENTRAL,2015-05-10,2015-05-16,2015,61,25.571428571428573,25.5
BILWI,2015-05-17,2015-05-23,2015,1,26.985714285714284,21.8
BOACO,2015-05-17,2015-05-23,2015,15,25.6,10.9
CARAZO,2015-05-17,2015-05-23,2015,2,25.357142857142858,27.2
CHINANDEGA,2015-05-17,2015-05-23,2015,6,30.3,9.2
CHONTALES,2015-05-17,2015-05-23,2015,15,26.442857142857143,62.7
ESTELI,2015-05-17,2015-05-23,2015,25,25.1,6
GRANADA,2015-05-17,2015-05-23,2015,9,27.428571428571427,20.3
JINOTEGA,2015-05-17,2015-05-23,2015,12,22.242857142857144,6.9
LEON,2015-05-17,2015-05-23,2015,7,29.642857142857142,1.9
MADRIZ,2015-05-17,2015-05-23,2015,72,24.599999999999998,4.2
MANAGUA,2015-05-17,2015-05-23,2015,62,28.685714285714287,8.5
MASAYA,2015-05-17,2015-05-23,2015,7,26.771428571428572,20.3
MATAGALPA,2015-05-17,2015-05-23,2015,73,24.34285714285714,6.9
NUEVA SEGOVIA,2015-05-17,2015-05-23,2015,90,25.1,10.7
REGION AUTONOMA DEL ATLANTICO SUR,2015-05-17,2015-05-23,2015,17,25.62857142857143,133.4
RIO SAN JUAN,2015-05-17,2015-05-23,2015,4,25.728571428571428,73.9
RIVAS,2015-05-17,2015-05-23,2015,2,26.757142857142856,60.7
ZELAYA CENTRAL,2015-05-17,2015-05-23,2015,48,24.84285714285714,149
BILWI,2015-05-24,2015-05-30,2015,2,27.02857142857143,12
BOACO,2015-05-24,2015-05-30,2015,23,25.84285714285714,3.4000000000000004
CARAZO,2015-05-24,2015-05-30,2015,7,25.65714285714286,0.6
CHINANDEGA,2015-05-24,2015-05-30,2015,5,30.257142857142856,3.4
CHONTALES,2015-05-24,2015-05-30,2015,18,26.84285714285714,3.9
ESTELI,2015-05-24,2015-05-30,2015,28,25.32857142857143,1.4
GRANADA,2015-05-24,2015-05-30,2015,4,27.771428571428572,2.6
JINOTEGA,2015-05-24,2015-05-30,2015,13,22.47142857142857,2.4
LEON,2015-05-24,2015-05-30,2015,17,29.757142857142856,15.1
MADRIZ,2015-05-24,2015-05-30,2015,62,25.1,0.1
MANAGUA,2015-05-24,2015-05-30,2015,57,29.257142857142856,1.2000000000000002
MASAYA,2015-05-24,2015-05-30,2015,13,27.185714285714287,2.6
MATAGALPA,2015-05-24,2015-05-30,2015,113,24.414285714285715,2.4
NUEVA SEGOVIA,2015-05-24,2015-05-30,2015,61,25.571428571428573,0.5
REGION AUTONOMA DEL ATLANTICO SUR,2015-05-24,2015-05-30,2015,17,26.1,20
RIO SAN JUAN,2015-05-24,2015-05-30,2015,1,26.1,36.4
RIVAS,2015-05-24,2015-05-30,2015,11,27.15714285714286,5.2
ZELAYA CENTRAL,2015-05-24,2015-05-30,2015,39,25.2,24.8
BILWI,2015-05-31,2015-06-06,2015,2,26.242857142857144,66.4
BOACO,2015-05-31,2015-06-06,2015,38,25.571428571428573,47.6
CARAZO,2015-05-31,2015-06-06,2015,6,25.12857142857143,38.5
CHINANDEGA,2015-05-31,2015-06-06,2015,4,27.87142857142857,326.4
CHONTALES,2015-05-31,2015-06-06,2015,26,26.52857142857143,34.2
ESTELI,2015-05-31,2015-06-06,2015,28,24.12857142857143,96.3
GRANADA,2015-05-31,2015-06-06,2015,7,27.45714285714286,44.5
JINOTEGA,2015-05-31,2015-06-06,2015,13,22.34285714285714,60.1
LEON,2015-05-31,2015-06-06,2015,11,27.457142857142856,173.1
MADRIZ,2015-05-31,2015-06-06,2015,57,24.12857142857143,78.1
MANAGUA,2015-05-31,2015-06-06,2015,68,28.17142857142857,42.9
MASAYA,2015-05-31,2015-06-06,2015,14,26.65714285714286,44.5
MATAGALPA,2015-05-31,2015-06-06,2015,88,24.257142857142856,60.1
NUEVA SEGOVIA,2015-05-31,2015-06-06,2015,70,24.65714285714286,82.4
REGION AUTONOMA DEL ATLANTICO SUR,2015-05-31,2015-06-06,2015,19,26.014285714285716,73.7
RIO SAN JUAN,2015-05-31,2015-06-06,2015,3,25.97142857142857,80.3
RIVAS,2015-05-31,2015-06-06,2015,1,27.1,35.6
ZELAYA CENTRAL,2015-05-31,2015-06-06,2015,43,24.928571428571427,79
BILWI,2015-06-07,2015-06-13,2015,0,25.414285714285715,147.1
BOACO,2015-06-07,2015-06-13,2015,35,24.099999999999998,142.1
CARAZO,2015-06-07,2015-06-13,2015,2,23.57142857142857,114.2
CHINANDEGA,2015-06-07,2015-06-13,2015,6,26.371428571428574,196.79999999999998
CHONTALES,2015-06-07,2015-06-13,2015,15,25.414285714285715,96.60000000000001
ESTELI,2015-06-07,2015-06-13,2015,20,22.442857142857143,188.9
GRANADA,2015-06-07,2015-06-13,2015,5,26.071428571428573,119.8
JINOTEGA,2015-06-07,2015-06-13,2015,19,20.9,178.3
LEON,2015-06-07,2015-06-13,2015,10,25.942857142857143,167.2
MADRIZ,2015-06-07,2015-06-13,2015,50,22.414285714285715,203.6
MANAGUA,2015-06-07,2015-06-13,2015,82,26.34285714285714,139.4
MASAYA,2015-06-07,2015-06-13,2015,7,25.142857142857142,119.8
MATAGALPA,2015-06-07,2015-06-13,2015,57,22.67142857142857,178.3
NUEVA SEGOVIA,2015-06-07,2015-06-13,2015,90,22.82857142857143,186.5
REGION AUTONOMA DEL ATLANTICO SUR,2015-06-07,2015-06-13,2015,9,25.257142857142856,118.8
RIO SAN JUAN,2015-06-07,2015-06-13,2015,2,25.442857142857143,80.5
RIVAS,2015-06-07,2015-06-13,2015,1,26.2,98.6
ZELAYA CENTRAL,2015-06-07,2015-06-13,2015,46,24.214285714285715,127.60000000000001
BILWI,2015-06-14,2015-06-20,2015,0,26.8,22.8
BOACO,2015-06-14,2015-06-20,2015,25,25.12857142857143,4.9
CARAZO,2015-06-14,2015-06-20,2015,14,25.37142857142857,1.2
CHINANDEGA,2015-06-14,2015-06-20,2015,4,29.485714285714288,7.1000000000000005
CHONTALES,2015-06-14,2015-06-20,2015,15,26.628571428571426,6.3
ESTELI,2015-06-14,2015-06-20,2015,34,24.3,5.5
GRANADA,2015-06-14,2015-06-20,2015,15,27.571428571428573,6.2
JINOTEGA,2015-06-14,2015-06-20,2015,25,22.02857142857143,9.3
LEON,2015-06-14,2015-06-20,2015,22,28.957142857142856,3.6
MADRIZ,2015-06-14,2015-06-20,2015,72,23.65714285714286,9.3
MANAGUA,2015-06-14,2015-06-20,2015,114,28.285714285714285,0.7
MASAYA,2015-06-14,2015-06-20,2015,10,26.714285714285715,6.2
MATAGALPA,2015-06-14,2015-06-20,2015,65,23.82857142857143,9.3
NUEVA SEGOVIA,2015-06-14,2015-06-20,2015,95,24.07142857142857,17.400000000000002
REGION AUTONOMA DEL ATLANTICO SUR,2015-06-14,2015-06-20,2015,34,26.185714285714287,53.1
RIO SAN JUAN,2015-06-14,2015-06-20,2015,2,26.757142857142856,41.199999999999996
RIVAS,2015-06-14,2015-06-20,2015,0,27.185714285714287,14.6
ZELAYA CENTRAL,2015-06-14,2015-06-20,2015,37,25.314285714285713,31.9
BILWI,2015-06-21,2015-06-27,2015,0,26.742857142857144,31.2
BOACO,2015-06-21,2015-06-27,2015,69,25.1,3.2
CARAZO,2015-06-21,2015-06-27,2015,8,25.585714285714285,0.5
CHINANDEGA,2015-06-21,2015-06-27,2015,7,29.97142857142857,0.6000000000000001
CHONTALES,2015-06-21,2015-06-27,2015,17,26.571428571428573,4.5
ESTELI,2015-06-21,2015-06-27,2015,39,24.285714285714285,0.7000000000000001
GRANADA,2015-06-21,2015-06-27,2015,21,27.67142857142857,3.4
JINOTEGA,2015-06-21,2015-06-27,2015,38,21.9,5.9
LEON,2015-06-21,2015-06-27,2015,38,29.385714285714286,0
MADRIZ,2015-06-21,2015-06-27,2015,91,23.485714285714284,1.8
MANAGUA,2015-06-21,2015-06-27,2015,118,28.757142857142856,0.1
MASAYA,2015-06-21,2015-06-27,2015,18,26.84285714285714,3.4
MATAGALPA,2015-06-21,2015-06-27,2015,66,23.87142857142857,5.9
NUEVA SEGOVIA,2015-06-21,2015-06-27,2015,123,23.957142857142856,5.2
REGION AUTONOMA DEL ATLANTICO SUR,2015-06-21,2015-06-27,2015,23,26.242857142857144,57
RIO SAN JUAN,2015-06-21,2015-06-27,2015,3,26.52857142857143,54.3
RIVAS,2015-06-21,2015-06-27,2015,7,27.271428571428572,6.3999999999999995
ZELAYA CENTRAL,2015-06-21,2015-06-27,2015,43,25.385714285714286,38.3
BILWI,2015-06-28,2015-07-04,2015,0,26.67142857142857,31.3
BOACO,2015-06-28,2015-07-04,2015,43,25.085714285714285,3.3
CARAZO,2015-06-28,2015-07-04,2015,7,25.65714285714286,3
CHINANDEGA,2015-06-28,2015-07-04,2015,3,30.442857142857143,1
CHONTALES,2015-06-28,2015-07-04,2015,11,26.65714285714286,5
ESTELI,2015-06-28,2015-07-04,2015,39,24.37142857142857,1.7000000000000002
GRANADA,2015-06-28,2015-07-04,2015,28,27.685714285714287,8.3
JINOTEGA,2015-06-28,2015-07-04,2015,27,21.785714285714285,8.6
LEON,2015-06-28,2015-07-04,2015,36,29.87142857142857,0.1
MADRIZ,2015-06-28,2015-07-04,2015,67,23.54285714285714,4.9
MANAGUA,2015-06-28,2015-07-04,2015,146,29.014285714285716,0.6
MASAYA,2015-06-28,2015-07-04,2015,16,26.957142857142856,8.3
MATAGALPA,2015-06-28,2015-07-04,2015,73,23.757142857142856,8.6
NUEVA SEGOVIA,2015-06-28,2015-07-04,2015,191,24.014285714285716,8.4
REGION AUTONOMA DEL ATLANTICO SUR,2015-06-28,2015-07-04,2015,12,26.17142857142857,53.8
RIO SAN JUAN,2015-06-28,2015-07-04,2015,7,26.314285714285713,39.4
RIVAS,2015-06-28,2015-07-04,2015,6,27.257142857142856,6.7
ZELAYA CENTRAL,2015-06-28,2015-07-04,2015,41,25.271428571428572,41.7
BILWI,2015-07-05,2015-07-11,2015,0,26.42857142857143,31.7
BOACO,2015-07-05,2015-07-11,2015,61,24.228571428571428,39.9
CARAZO,2015-07-05,2015-07-11,2015,11,24.542857142857144,18.8
CHINANDEGA,2015-07-05,2015-07-11,2015,8,29.414285714285715,22.8
CHONTALES,2015-07-05,2015-07-11,2015,13,25.728571428571428,29.2
ESTELI,2015-07-05,2015-07-11,2015,52,23.728571428571428,17
GRANADA,2015-07-05,2015-07-11,2015,30,26.7,31.8
JINOTEGA,2015-07-05,2015-07-11,2015,20,21.04285714285714,28.5
LEON,2015-07-05,2015-07-11,2015,44,28.8,26.599999999999998
MADRIZ,2015-07-05,2015-07-11,2015,54,22.87142857142857,11.4
MANAGUA,2015-07-05,2015-07-11,2015,318,27.8,17.8
MASAYA,2015-07-05,2015-07-11,2015,31,25.942857142857143,31.8
MATAGALPA,2015-07-05,2015-07-11,2015,76,22.97142857142857,28.5
NUEVA SEGOVIA,2015-07-05,2015-07-11,2015,178,23.3,17.6
REGION AUTONOMA DEL ATLANTICO SUR,2015-07-05,2015-07-11,2015,8,25.214285714285715,87.8
RIO SAN JUAN,2015-07-05,2015-07-11,2015,9,25.185714285714287,91.6
RIVAS,2015-07-05,2015-07-11,2015,9,26.214285714285715,47.5
ZELAYA CENTRAL,2015-07-05,2015-07-11,2015,29,24.185714285714287,81.9
BILWI,2015-07-12,2015-07-18,2015,0,26.3,39.6
BOACO,2015-07-12,2015-07-18,2015,58,24.857142857142858,8.700000000000001
CARAZO,2015-07-12,2015-07-18,2015,9,24.885714285714286,3.6999999999999997
CHINANDEGA,2015-07-12,2015-07-18,2015,16,29.057142857142857,18.5
CHONTALES,2015-07-12,2015-07-18,2015,17,26.37142857142857,10.1
ESTELI,2015-07-12,2015-07-18,2015,72,24.057142857142857,12.7
GRANADA,2015-07-12,2015-07-18,2015,40,27.142857142857142,10.3
JINOTEGA,2015-07-12,2015-07-18,2015,21,21.557142857142857,6
LEON,2015-07-12,2015-07-18,2015,51,28.67142857142857,19.7
MADRIZ,2015-07-12,2015-07-18,2015,44,23.7,6.8
MANAGUA,2015-07-12,2015-07-18,2015,396,28.17142857142857,4
MASAYA,2015-07-12,2015-07-18,2015,15,26.357142857142858,10.3
MATAGALPA,2015-07-12,2015-07-18,2015,75,23.514285714285716,6
NUEVA SEGOVIA,2015-07-12,2015-07-18,2015,138,24.15714285714286,9.799999999999999
REGION AUTONOMA DEL ATLANTICO SUR,2015-07-12,2015-07-18,2015,17,25.67142857142857,73.6
RIO SAN JUAN,2015-07-12,2015-07-18,2015,2,25.642857142857142,42
RIVAS,2015-07-12,2015-07-18,2015,11,26.62857142857143,13.1
ZELAYA CENTRAL,2015-07-12,2015-07-18,2015,17,24.67142857142857,53.8
BILWI,2015-07-19,2015-07-25,2015,2,26.642857142857142,39.9
BOACO,2015-07-19,2015-07-25,2015,24,24.714285714285715,7.1
CARAZO,2015-07-19,2015-07-25,2015,24,24.82857142857143,7.3
CHINANDEGA,2015-07-19,2015-07-25,2015,16,29.314285714285713,28.299999999999997
CHONTALES,2015-07-19,2015-07-25,2015,8,26.242857142857144,11.7
ESTELI,2015-07-19,2015-07-25,2015,68,24.357142857142858,6.1
GRANADA,2015-07-19,2015-07-25,2015,60,27.057142857142857,17.7
JINOTEGA,2015-07-19,2015-07-25,2015,29,21.65714285714286,6.9
LEON,2015-07-19,2015-07-25,2015,37,29.12857142857143,11
MADRIZ,2015-07-19,2015-07-25,2015,55,23.92857142857143,4.4
MANAGUA,2015-07-19,2015-07-25,2015,440,28.142857142857142,3.5
MASAYA,2015-07-19,2015-07-25,2015,11,26.271428571428572,17.7
MATAGALPA,2015-07-19,2015-07-25,2015,120,23.6,6.9
NUEVA SEGOVIA,2015-07-19,2015-07-25,2015,155,24.414285714285715,8.700000000000001
REGION AUTONOMA DEL ATLANTICO SUR,2015-07-19,2015-07-25,2015,8,25.87142857142857,61.7
RIO SAN JUAN,2015-07-19,2015-07-25,2015,9,25.82857142857143,35
RIVAS,2015-07-19,2015-07-25,2015,39,26.65714285714286,24.2
ZELAYA CENTRAL,2015-07-19,2015-07-25,2015,21,24.957142857142856,34.6
BILWI,2015-07-26,2015-08-01,2015,1,26.62857142857143,22.5
BOACO,2015-07-26,2015-08-01,2015,33,25.15714285714286,14.200000000000001
CARAZO,2015-07-26,2015-08-01,2015,54,25.314285714285713,4.3
CHINANDEGA,2015-07-26,2015-08-01,2015,33,30.385714285714286,14
CHONTALES,2015-07-26,2015-08-01,2015,11,26.7,7.5
ESTELI,2015-07-26,2015-08-01,2015,77,24.54285714285714,9.600000000000001
GRANADA,2015-07-26,2015-08-01,2015,112,27.5,11
JINOTEGA,2015-07-26,2015-08-01,2015,36,21.87142857142857,7.2
LEON,2015-07-26,2015-08-01,2015,43,30.257142857142856,9
MADRIZ,2015-07-26,2015-08-01,2015,46,24.2,4.6
MANAGUA,2015-07-26,2015-08-01,2015,454,28.8,8.1
MASAYA,2015-07-26,2015-08-01,2015,15,26.84285714285714,11
MATAGALPA,2015-07-26,2015-08-01,2015,94,23.914285714285715,7.2
NUEVA SEGOVIA,2015-07-26,2015-08-01,2015,105,24.685714285714287,9.9
REGION AUTONOMA DEL ATLANTICO SUR,2015-07-26,2015-08-01,2015,17,26.071428571428573,36.5
RIO SAN JUAN,2015-07-26,2015-08-01,2015,15,26.114285714285714,34.8
RIVAS,2015-07-26,2015-08-01,2015,43,26.95714285714286,9.2
ZELAYA CENTRAL,2015-07-26,2015-08-01,2015,27,25.17142857142857,29.5
BILWI,2015-08-02,2015-08-08,2015,2,27.12857142857143,12.6
BOACO,2015-08-02,2015-08-08,2015,31,25.785714285714285,3.3000000000000003
CARAZO,2015-08-02,2015-08-08,2015,46,25.942857142857143,0.7999999999999999
CHINANDEGA,2015-08-02,2015-08-08,2015,46,30.97142857142857,6.2
CHONTALES,2015-08-02,2015-08-08,2015,18,27.242857142857144,6.2
ESTELI,2015-08-02,2015-08-08,2015,79,25.271428571428572,0.6
GRANADA,2015-08-02,2015-08-08,2015,41,28.057142857142857,2.1
JINOTEGA,2015-08-02,2015-08-08,2015,22,22.557142857142857,1.3
LEON,2015-08-02,2015-08-08,2015,42,30.457142857142856,5
MADRIZ,2015-08-02,2015-08-08,2015,33,24.814285714285713,0.9
MANAGUA,2015-08-02,2015-08-08,2015,440,29.357142857142858,0.7000000000000001
MASAYA,2015-08-02,2015-08-08,2015,10,27.37142857142857,2.1
MATAGALPA,2015-08-02,2015-08-08,2015,45,24.67142857142857,1.3
NUEVA SEGOVIA,2015-08-02,2015-08-08,2015,94,25.314285714285717,2.5
REGION AUTONOMA DEL ATLANTICO SUR,2015-08-02,2015-08-08,2015,24,26.357142857142858,31.8
RIO SAN JUAN,2015-08-02,2015-08-08,2015,3,26.47142857142857,31.3
RIVAS,2015-08-02,2015-08-08,2015,37,27.385714285714286,7.8
ZELAYA CENTRAL,2015-08-02,2015-08-08,2015,26,25.457142857142856,32.4
BILWI,2015-08-09,2015-08-15,2015,3,26.47142857142857,51.199999999999996
BOACO,2015-08-09,2015-08-15,2015,42,25.12857142857143,10.2
CARAZO,2015-08-09,2015-08-15,2015,51,25.057142857142857,4.5
CHINANDEGA,2015-08-09,2015-08-15,2015,62,29.485714285714284,25.900000000000002
CHONTALES,2015-08-09,2015-08-15,2015,26,26.52857142857143,10.6
ESTELI,2015-08-09,2015-08-15,2015,111,24.485714285714288,12
GRANADA,2015-08-09,2015-08-15,2015,59,27.34285714285714,8.799999999999999
JINOTEGA,2015-08-09,2015-08-15,2015,44,21.885714285714286,9.4
LEON,2015-08-09,2015-08-15,2015,57,29.085714285714285,17.9
MADRIZ,2015-08-09,2015-08-15,2015,48,24.014285714285716,6.7
MANAGUA,2015-08-09,2015-08-15,2015,585,28.47142857142857,3.1999999999999997
MASAYA,2015-08-09,2015-08-15,2015,17,26.614285714285714,8.799999999999999
MATAGALPA,2015-08-09,2015-08-15,2015,57,24.014285714285712,9.4
NUEVA SEGOVIA,2015-08-09,2015-08-15,2015,100,24.47142857142857,11.3
REGION AUTONOMA DEL ATLANTICO SUR,2015-08-09,2015-08-15,2015,12,25.814285714285713,74.7
RIO SAN JUAN,2015-08-09,2015-08-15,2015,18,25.714285714285715,54.1
RIVAS,2015-08-09,2015-08-15,2015,56,26.571428571428573,33.3
ZELAYA CENTRAL,2015-08-09,2015-08-15,2015,29,24.84285714285714,53.4
BILWI,2015-08-16,2015-08-22,2015,1,27.357142857142858,17.2
BOACO,2015-08-16,2015-08-22,2015,55,25.728571428571428,13.7
CARAZO,2015-08-16,2015-08-22,2015,42,25.685714285714287,5.1
CHINANDEGA,2015-08-16,2015-08-22,2015,88,30.67142857142857,7.8999999999999995
CHONTALES,2015-08-16,2015-08-22,2015,32,27.257142857142856,11.5
ESTELI,2015-08-16,2015-08-22,2015,205,24.914285714285715,8.299999999999999
GRANADA,2015-08-16,2015-08-22,2015,47,27.928571428571427,12.8
JINOTEGA,2015-08-16,2015-08-22,2015,79,22.314285714285713,5.8
LEON,2015-08-16,2015-08-22,2015,77,30.371428571428574,3
MADRIZ,2015-08-16,2015-08-22,2015,72,24.642857142857142,8
MANAGUA,2015-08-16,2015-08-22,2015,482,29.085714285714285,5.2
MASAYA,2015-08-16,2015-08-22,2015,25,27.271428571428572,12.8
MATAGALPA,2015-08-16,2015-08-22,2015,100,24.5,5.8
NUEVA SEGOVIA,2015-08-16,2015-08-22,2015,171,25.085714285714285,9
REGION AUTONOMA DEL ATLANTICO SUR,2015-08-16,2015-08-22,2015,43,26.571428571428573,45.199999999999996
RIO SAN JUAN,2015-08-16,2015-08-22,2015,13,26.357142857142858,34.7
RIVAS,2015-08-16,2015-08-22,2015,67,27.15714285714286,15.3
ZELAYA CENTRAL,2015-08-16,2015-08-22,2015,26,25.67142857142857,34.8
BILWI,2015-08-23,2015-08-29,2015,1,27.228571428571428,15.8
BOACO,2015-08-23,2015-08-29,2015,37,26.1,6.7
CARAZO,2015-08-23,2015-08-29,2015,65,25.8,1.9
CHINANDEGA,2015-08-23,2015-08-29,2015,79,30,24.2
CHONTALES,2015-08-23,2015-08-29,2015,48,27.442857142857143,7.4
ESTELI,2015-08-23,2015-08-29,2015,217,25.34285714285714,11
GRANADA,2015-08-23,2015-08-29,2015,47,28.185714285714287,2.8
JINOTEGA,2015-08-23,2015-08-29,2015,76,22.728571428571428,11
LEON,2015-08-23,2015-08-29,2015,88,29.87142857142857,30.3
MADRIZ,2015-08-23,2015-08-29,2015,154,25.17142857142857,9.3
MANAGUA,2015-08-23,2015-08-29,2015,584,29.271428571428572,7.7
MASAYA,2015-08-23,2015-08-29,2015,21,27.47142857142857,2.8
MATAGALPA,2015-08-23,2015-08-29,2015,81,24.82857142857143,11
NUEVA SEGOVIA,2015-08-23,2015-08-29,2015,213,25.65714285714286,11.1
REGION AUTONOMA DEL ATLANTICO SUR,2015-08-23,2015-08-29,2015,43,26.428571428571427,31.400000000000002
RIO SAN JUAN,2015-08-23,2015-08-29,2015,38,26.52857142857143,33.6
RIVAS,2015-08-23,2015-08-29,2015,66,27.385714285714286,15
ZELAYA CENTRAL,2015-08-23,2015-08-29,2015,60,25.5,32.1
BILWI,2015-08-30,2015-09-05,2015,2,26.8,59.6
BOACO,2015-08-30,2015-09-05,2015,17,25.457142857142856,29.3
CARAZO,2015-08-30,2015-09-05,2015,81,25.214285714285715,12.4
CHINANDEGA,2015-08-30,2015-09-05,2015,47,28.571428571428573,72.7
CHONTALES,2015-08-30,2015-09-05,2015,57,26.814285714285713,27.3
ESTELI,2015-08-30,2015-09-05,2015,165,24.742857142857144,29.8
GRANADA,2015-08-30,2015-09-05,2015,52,27.557142857142857,33
JINOTEGA,2015-08-30,2015-09-05,2015,67,22.214285714285715,30
LEON,2015-08-30,2015-09-05,2015,89,28.32857142857143,44.4
MADRIZ,2015-08-30,2015-09-05,2015,127,24.52857142857143,17.7
MANAGUA,2015-08-30,2015-09-05,2015,387,28.585714285714285,11.1
MASAYA,2015-08-30,2015-09-05,2015,11,26.757142857142856,33
MATAGALPA,2015-08-30,2015-09-05,2015,65,24.285714285714285,30
NUEVA SEGOVIA,2015-08-30,2015-09-05,2015,167,25.014285714285712,19.2
REGION AUTONOMA DEL ATLANTICO SUR,2015-08-30,2015-09-05,2015,16,26.042857142857144,94.3
RIO SAN JUAN,2015-08-30,2015-09-05,2015,16,25.97142857142857,57.2
RIVAS,2015-08-30,2015-09-05,2015,40,27.12857142857143,35
ZELAYA CENTRAL,2015-08-30,2015-09-05,2015,34,24.97142857142857,57.4
BILWI,2015-09-06,2015-09-12,2015,1,27.257142857142856,23.1
BOACO,2015-09-06,2015-09-12,2015,18,25.571428571428573,8.1
CARAZO,2015-09-06,2015-09-12,2015,57,25.428571428571427,6.3
CHINANDEGA,2015-09-06,2015-09-12,2015,53,29.042857142857144,20
CHONTALES,2015-09-06,2015-09-12,2015,33,27,15.5
ESTELI,2015-09-06,2015-09-12,2015,167,24.8,9.5
GRANADA,2015-09-06,2015-09-12,2015,28,27.7,12.4
JINOTEGA,2015-09-06,2015-09-12,2015,58,22.4,4.8
LEON,2015-09-06,2015-09-12,2015,82,28.8,22.6
MADRIZ,2015-09-06,2015-09-12,2015,140,24.67142857142857,6.8
MANAGUA,2015-09-06,2015-09-12,2015,348,28.8,7.8999999999999995
MASAYA,2015-09-06,2015-09-12,2015,11,26.914285714285715,12.4
MATAGALPA,2015-09-06,2015-09-12,2015,41,24.514285714285712,4.8
NUEVA SEGOVIA,2015-09-06,2015-09-12,2015,131,25.2,9.1
REGION AUTONOMA DEL ATLANTICO SUR,2015-09-06,2015-09-12,2015,20,26.442857142857143,41.5
RIO SAN JUAN,2015-09-06,2015-09-12,2015,3,25.97142857142857,57.9
RIVAS,2015-09-06,2015-09-12,2015,30,27.085714285714285,31.4
ZELAYA CENTRAL,2015-09-06,2015-09-12,2015,33,25.37142857142857,43.2
BILWI,2015-09-13,2015-09-19,2015,0,26.87142857142857,49.4
BOACO,2015-09-13,2015-09-19,2015,33,25.62857142857143,30.3
CARAZO,2015-09-13,2015-09-19,2015,12,25.2,16.1
CHINANDEGA,2015-09-13,2015-09-19,2015,41,28.142857142857142,71.8
CHONTALES,2015-09-13,2015-09-19,2015,22,27.228571428571428,10.5
ESTELI,2015-09-13,2015-09-19,2015,123,24.357142857142858,61.1
GRANADA,2015-09-13,2015-09-19,2015,18,27.62857142857143,27.7
JINOTEGA,2015-09-13,2015-09-19,2015,47,22.428571428571427,44.900000000000006
LEON,2015-09-13,2015-09-19,2015,57,28.057142857142857,40.9
MADRIZ,2015-09-13,2015-09-19,2015,113,24.414285714285715,68.8
MANAGUA,2015-09-13,2015-09-19,2015,297,28.542857142857144,17.3
MASAYA,2015-09-13,2015-09-19,2015,11,26.857142857142858,27.7
MATAGALPA,2015-09-13,2015-09-19,2015,21,24.342857142857145,44.900000000000006
NUEVA SEGOVIA,2015-09-13,2015-09-19,2015,136,24.97142857142857,47.3
REGION AUTONOMA DEL ATLANTICO SUR,2015-09-13,2015-09-19,2015,9,26.314285714285713,70.7
RIO SAN JUAN,2015-09-13,2015-09-19,2015,2,26.3,50.8
RIVAS,2015-09-13,2015-09-19,2015,78,27.142857142857142,45.7
ZELAYA CENTRAL,2015-09-13,2015-09-19,2015,36,25.257142857142856,49.4
BILWI,2015-09-20,2015-09-26,2015,0,26.12857142857143,107.9
BOACO,2015-09-20,2015-09-26,2015,24,24.7,69.1
CARAZO,2015-09-20,2015-09-26,2015,20,24.414285714285715,66.2
CHINANDEGA,2015-09-20,2015-09-26,2015,36,27.04285714285714,145.4
CHONTALES,2015-09-20,2015-09-26,2015,36,26.385714285714286,48.300000000000004
ESTELI,2015-09-20,2015-09-26,2015,127,23.085714285714285,70.1
GRANADA,2015-09-20,2015-09-26,2015,23,26.92857142857143,77.9
JINOTEGA,2015-09-20,2015-09-26,2015,50,21.52857142857143,52.5
LEON,2015-09-20,2015-09-26,2015,60,26.8,111.8
MADRIZ,2015-09-20,2015-09-26,2015,115,23.057142857142857,78.1
MANAGUA,2015-09-20,2015-09-26,2015,272,27.357142857142858,51.4
MASAYA,2015-09-20,2015-09-26,2015,13,26.02857142857143,77.9
MATAGALPA,2015-09-20,2015-09-26,2015,38,23.5,52.5
NUEVA SEGOVIA,2015-09-20,2015-09-26,2015,154,23.57142857142857,61
REGION AUTONOMA DEL ATLANTICO SUR,2015-09-20,2015-09-26,2015,12,25.771428571428572,119.3
RIO SAN JUAN,2015-09-20,2015-09-26,2015,3,26.014285714285716,120.8
RIVAS,2015-09-20,2015-09-26,2015,92,26.814285714285713,106.5
ZELAYA CENTRAL,2015-09-20,2015-09-26,2015,45,24.785714285714285,80.7
BILWI,2015-09-27,2015-10-03,2015,0,27.428571428571427,26.9
BOACO,2015-09-27,2015-10-03,2015,19,25.8,23.099999999999998
CARAZO,2015-09-27,2015-10-03,2015,23,24.742857142857144,36.1
CHINANDEGA,2015-09-27,2015-10-03,2015,45,26.97142857142857,86.2
CHONTALES,2015-09-27,2015-10-03,2015,50,27.057142857142857,16.8
ESTELI,2015-09-27,2015-10-03,2015,108,23.52857142857143,31.7
GRANADA,2015-09-27,2015-10-03,2015,17,27.37142857142857,34.2
JINOTEGA,2015-09-27,2015-10-03,2015,50,22.514285714285716,15.8
LEON,2015-09-27,2015-10-03,2015,58,26.614285714285714,80.60000000000001
MADRIZ,2015-09-27,2015-10-03,2015,90,24.02857142857143,27.1
MANAGUA,2015-09-27,2015-10-03,2015,314,27.642857142857142,28.8
MASAYA,2015-09-27,2015-10-03,2015,12,26.428571428571427,34.2
MATAGALPA,2015-09-27,2015-10-03,2015,26,24.400000000000002,15.8
NUEVA SEGOVIA,2015-09-27,2015-10-03,2015,153,24.785714285714285,29.2
REGION AUTONOMA DEL ATLANTICO SUR,2015-09-27,2015-10-03,2015,6,26.928571428571427,43
RIO SAN JUAN,2015-09-27,2015-10-03,2015,8,26.84285714285714,39.7
RIVAS,2015-09-27,2015-10-03,2015,64,27.142857142857142,39
ZELAYA CENTRAL,2015-09-27,2015-10-03,2015,54,25.985714285714288,28.9
BILWI,2015-10-04,2015-10-10,2015,1,26.928571428571427,37.6
BOACO,2015-10-04,2015-10-10,2015,29,25.771428571428572,11.6
CARAZO,2015-10-04,2015-10-10,2015,38,25.2,6.8
CHINANDEGA,2015-10-04,2015-10-10,2015,47,28.185714285714287,25.1
CHONTALES,2015-10-04,2015-10-10,2015,79,27.15714285714286,12.6
ESTELI,2015-10-04,2015-10-10,2015,93,23.928571428571427,20.7
GRANADA,2015-10-04,2015-10-10,2015,26,27.82857142857143,7.1
JINOTEGA,2015-10-04,2015-10-10,2015,43,22.228571428571428,15.4
LEON,2015-10-04,2015-10-10,2015,109,27.957142857142856,23.8
MADRIZ,2015-10-04,2015-10-10,2015,112,23.785714285714285,21
MANAGUA,2015-10-04,2015-10-10,2015,326,28.385714285714286,8.3
MASAYA,2015-10-04,2015-10-10,2015,30,26.914285714285715,7.1
MATAGALPA,2015-10-04,2015-10-10,2015,34,24.457142857142856,15.4
NUEVA SEGOVIA,2015-10-04,2015-10-10,2015,169,24.285714285714285,23.2
REGION AUTONOMA DEL ATLANTICO SUR,2015-10-04,2015-10-10,2015,12,26.442857142857143,67.6
RIO SAN JUAN,2015-10-04,2015-10-10,2015,13,26.285714285714285,47.5
RIVAS,2015-10-04,2015-10-10,2015,73,27.242857142857144,26.700000000000003
ZELAYA CENTRAL,2015-10-04,2015-10-10,2015,119,25.442857142857143,41.1
BILWI,2015-10-11,2015-10-17,2015,1,25.785714285714285,94.3
BOACO,2015-10-11,2015-10-17,2015,26,24.242857142857144,137
CARAZO,2015-10-11,2015-10-17,2015,40,23.614285714285714,184.3
CHINANDEGA,2015-10-11,2015-10-17,2015,51,26.557142857142857,244.3
CHONTALES,2015-10-11,2015-10-17,2015,96,25.714285714285715,141.4
ESTELI,2015-10-11,2015-10-17,2015,113,22.742857142857144,135.7
GRANADA,2015-10-11,2015-10-17,2015,20,26.185714285714287,146.5
JINOTEGA,2015-10-11,2015-10-17,2015,45,21.114285714285714,119.3
LEON,2015-10-11,2015-10-17,2015,114,26.1,172.3
MADRIZ,2015-10-11,2015-10-17,2015,124,22.67142857142857,89
MANAGUA,2015-10-11,2015-10-17,2015,298,26.47142857142857,112.9
MASAYA,2015-10-11,2015-10-17,2015,29,25.257142857142856,146.5
MATAGALPA,2015-10-11,2015-10-17,2015,27,22.97142857142857,119.3
NUEVA SEGOVIA,2015-10-11,2015-10-17,2015,147,23.17142857142857,94
REGION AUTONOMA DEL ATLANTICO SUR,2015-10-11,2015-10-17,2015,9,25.3,90.3
RIO SAN JUAN,2015-10-11,2015-10-17,2015,5,25.6,160.9
RIVAS,2015-10-11,2015-10-17,2015,101,26.07142857142857,260.7
ZELAYA CENTRAL,2015-10-11,2015-10-17,2015,93,24.34285714285714,79.8
BILWI,2015-10-18,2015-10-24,2015,0,26.62857142857143,50.8
BOACO,2015-10-18,2015-10-24,2015,25,25.128571428571426,23.1
CARAZO,2015-10-18,2015-10-24,2015,36,24.185714285714287,38.3
CHINANDEGA,2015-10-18,2015-10-24,2015,60,26.857142857142858,66.9
CHONTALES,2015-10-18,2015-10-24,2015,118,26.414285714285715,31
ESTELI,2015-10-18,2015-10-24,2015,128,23.1,31.2
GRANADA,2015-10-18,2015-10-24,2015,18,26.914285714285715,30
JINOTEGA,2015-10-18,2015-10-24,2015,58,21.87142857142857,23
LEON,2015-10-18,2015-10-24,2015,145,26.514285714285716,66
MADRIZ,2015-10-18,2015-10-24,2015,113,23.214285714285715,40.6
MANAGUA,2015-10-18,2015-10-24,2015,396,27.014285714285716,24.400000000000002
MASAYA,2015-10-18,2015-10-24,2015,16,25.84285714285714,30
MATAGALPA,2015-10-18,2015-10-24,2015,24,23.7,23
NUEVA SEGOVIA,2015-10-18,2015-10-24,2015,144,23.67142857142857,44.699999999999996
REGION AUTONOMA DEL ATLANTICO SUR,2015-10-18,2015-10-24,2015,19,25.97142857142857,94.3
RIO SAN JUAN,2015-10-18,2015-10-24,2015,21,26.12857142857143,65
RIVAS,2015-10-18,2015-10-24,2015,103,26.7,108.9
ZELAYA CENTRAL,2015-10-18,2015-10-24,2015,52,25.057142857142857,83.3
BILWI,2015-10-25,2015-10-31,2015,0,26.942857142857143,17.4
BOACO,2015-10-25,2015-10-31,2015,30,25.071428571428573,13.6
CARAZO,2015-10-25,2015-10-31,2015,36,24.4,21.400000000000002
CHINANDEGA,2015-10-25,2015-10-31,2015,62,27.2,28.3
CHONTALES,2015-10-25,2015-10-31,2015,124,26.34285714285714,19.900000000000002
ESTELI,2015-10-25,2015-10-31,2015,135,23.385714285714286,6.2
GRANADA,2015-10-25,2015-10-31,2015,22,26.92857142857143,15.4
JINOTEGA,2015-10-25,2015-10-31,2015,39,21.985714285714284,6.2
LEON,2015-10-25,2015-10-31,2015,124,26.814285714285713,26.6
MADRIZ,2015-10-25,2015-10-31,2015,112,23.914285714285715,1.9
MANAGUA,2015-10-25,2015-10-31,2015,414,27.485714285714284,2.3
MASAYA,2015-10-25,2015-10-31,2015,20,25.942857142857143,15.4
MATAGALPA,2015-10-25,2015-10-31,2015,39,23.771428571428572,6.2
NUEVA SEGOVIA,2015-10-25,2015-10-31,2015,112,24.514285714285716,2.1
REGION AUTONOMA DEL ATLANTICO SUR,2015-10-25,2015-10-31,2015,12,26.371428571428574,23.7
RIO SAN JUAN,2015-10-25,2015-10-31,2015,9,26.1,43.9
RIVAS,2015-10-25,2015-10-31,2015,83,26.9,24.9
ZELAYA CENTRAL,2015-10-25,2015-10-31,2015,59,25.314285714285713,23.5
BILWI,2015-11-01,2015-11-07,2015,0,25.814285714285713,41.5
BOACO,2015-11-01,2015-11-07,2015,30,24.685714285714287,11.299999999999999
CARAZO,2015-11-01,2015-11-07,2015,31,24.085714285714285,7.3999999999999995
CHINANDEGA,2015-11-01,2015-11-07,2015,56,26.84285714285714,43.3
CHONTALES,2015-11-01,2015-11-07,2015,97,26.228571428571428,10.4
ESTELI,2015-11-01,2015-11-07,2015,120,23.12857142857143,8.6
GRANADA,2015-11-01,2015-11-07,2015,17,26.714285714285715,9.9
JINOTEGA,2015-11-01,2015-11-07,2015,42,21.47142857142857,9.1
LEON,2015-11-01,2015-11-07,2015,120,26.514285714285716,36.2
MADRIZ,2015-11-01,2015-11-07,2015,132,23.62857142857143,1.8
MANAGUA,2015-11-01,2015-11-07,2015,443,27.457142857142856,5.7
MASAYA,2015-11-01,2015-11-07,2015,28,25.771428571428572,9.9
MATAGALPA,2015-11-01,2015-11-07,2015,29,23.37142857142857,9.1
NUEVA SEGOVIA,2015-11-01,2015-11-07,2015,108,24.17142857142857,4.6000000000000005
REGION AUTONOMA DEL ATLANTICO SUR,2015-11-01,2015-11-07,2015,7,25.585714285714285,46.4
RIO SAN JUAN,2015-11-01,2015-11-07,2015,3,25.885714285714286,26
RIVAS,2015-11-01,2015-11-07,2015,114,26.457142857142856,36.8
ZELAYA CENTRAL,2015-11-01,2015-11-07,2015,32,24.742857142857144,23.5
BILWI,2015-11-08,2015-11-14,2015,0,25.242857142857144,144.1
BOACO,2015-11-08,2015-11-14,2015,39,24.15714285714286,31.9
CARAZO,2015-11-08,2015-11-14,2015,46,23.957142857142856,22.7
CHINANDEGA,2015-11-08,2015-11-14,2015,60,27.242857142857144,62.9
CHONTALES,2015-11-08,2015-11-14,2015,124,25.47142857142857,33.9
ESTELI,2015-11-08,2015-11-14,2015,142,22.84285714285714,34.6
GRANADA,2015-11-08,2015-11-14,2015,26,26.457142857142856,33.7
JINOTEGA,2015-11-08,2015-11-14,2015,38,21,38.8
LEON,2015-11-08,2015-11-14,2015,139,27.014285714285716,62.9
MADRIZ,2015-11-08,2015-11-14,2015,125,22.65714285714286,25.7
MANAGUA,2015-11-08,2015-11-14,2015,531,27.142857142857142,18.9
MASAYA,2015-11-08,2015-11-14,2015,23,25.5,33.7
MATAGALPA,2015-11-08,2015-11-14,2015,28,23,38.8
NUEVA SEGOVIA,2015-11-08,2015-11-14,2015,76,23.114285714285714,32
REGION AUTONOMA DEL ATLANTICO SUR,2015-11-08,2015-11-14,2015,7,25.12857142857143,125
RIO SAN JUAN,2015-11-08,2015-11-14,2015,10,25.54285714285714,65.6
RIVAS,2015-11-08,2015-11-14,2015,386,26.271428571428572,40.2
ZELAYA CENTRAL,2015-11-08,2015-11-14,2015,29,23.942857142857143,78.9
BILWI,2015-11-15,2015-11-21,2015,0,25.6,100.39999999999999
BOACO,2015-11-15,2015-11-21,2015,33,24.17142857142857,39.1
CARAZO,2015-11-15,2015-11-21,2015,44,23.728571428571428,36.5
CHINANDEGA,2015-11-15,2015-11-21,2015,70,26.885714285714286,114.80000000000001
CHONTALES,2015-11-15,2015-11-21,2015,129,25.614285714285714,38.6
ESTELI,2015-11-15,2015-11-21,2015,214,22.742857142857144,87.19999999999999
GRANADA,2015-11-15,2015-11-21,2015,32,26.32857142857143,53.4
JINOTEGA,2015-11-15,2015-11-21,2015,26,20.95714285714286,70.1
LEON,2015-11-15,2015-11-21,2015,130,26.485714285714284,98.4
MADRIZ,2015-11-15,2015-11-21,2015,131,22.57142857142857,74.5
MANAGUA,2015-11-15,2015-11-21,2015,614,26.685714285714287,34.9
MASAYA,2015-11-15,2015-11-21,2015,54,25.32857142857143,53.4
MATAGALPA,2015-11-15,2015-11-21,2015,38,22.928571428571427,70.1
NUEVA SEGOVIA,2015-11-15,2015-11-21,2015,80,23.014285714285712,62.9
REGION AUTONOMA DEL ATLANTICO SUR,2015-11-15,2015-11-21,2015,10,25.12857142857143,114.6
RIO SAN JUAN,2015-11-15,2015-11-21,2015,10,25.485714285714288,71.3
RIVAS,2015-11-15,2015-11-21,2015,526,26.114285714285714,72.3
ZELAYA CENTRAL,2015-11-15,2015-11-21,2015,24,24.2,82.9
BILWI,2015-11-22,2015-11-28,2015,0,26,16
BOACO,2015-11-22,2015-11-28,2015,26,24.47142857142857,0.30000000000000004
CARAZO,2015-11-22,2015-11-28,2015,65,24.4,7.7
CHINANDEGA,2015-11-22,2015-11-28,2015,75,28.1,0
CHONTALES,2015-11-22,2015-11-28,2015,105,26.1,0.1
ESTELI,2015-11-22,2015-11-28,2015,166,22.742857142857144,0.5
GRANADA,2015-11-22,2015-11-28,2015,45,26.914285714285715,2.4
JINOTEGA,2015-11-22,2015-11-28,2015,29,20.885714285714286,1.4
LEON,2015-11-22,2015-11-28,2015,126,27.785714285714285,0.6000000000000001
MADRIZ,2015-11-22,2015-11-28,2015,130,22.45714285714286,1.5
MANAGUA,2015-11-22,2015-11-28,2015,643,27.442857142857143,0
MASAYA,2015-11-22,2015-11-28,2015,66,25.942857142857143,2.4
MATAGALPA,2015-11-22,2015-11-28,2015,39,22.97142857142857,1.4
NUEVA SEGOVIA,2015-11-22,2015-11-28,2015,38,22.87142857142857,2.4
REGION AUTONOMA DEL ATLANTICO SUR,2015-11-22,2015-11-28,2015,11,25.771428571428572,25.4
RIO SAN JUAN,2015-11-22,2015-11-28,2015,2,25.914285714285715,23.1
RIVAS,2015-11-22,2015-11-28,2015,366,26.62857142857143,33.4
ZELAYA CENTRAL,2015-11-22,2015-11-28,2015,20,24.82857142857143,25.5
BILWI,2015-11-29,2015-12-05,2015,0,25.17142857142857,17.7
BOACO,2015-11-29,2015-12-05,2015,79,24.414285714285715,0.4
CARAZO,2015-11-29,2015-12-05,2015,47,24.47142857142857,0.1
CHINANDEGA,2015-11-29,2015-12-05,2015,107,27.599999999999998,1.2000000000000002
CHONTALES,2015-11-29,2015-12-05,2015,115,25.985714285714284,1.1
ESTELI,2015-11-29,2015-12-05,2015,127,22.385714285714286,0.7
GRANADA,2015-11-29,2015-12-05,2015,27,26.87142857142857,0.6
JINOTEGA,2015-11-29,2015-12-05,2015,28,20.485714285714284,1.6
LEON,2015-11-29,2015-12-05,2015,128,27.514285714285712,1
MADRIZ,2015-11-29,2015-12-05,2015,108,22.185714285714287,0.7
MANAGUA,2015-11-29,2015-12-05,2015,540,27.82857142857143,1.2
MASAYA,2015-11-29,2015-12-05,2015,63,25.97142857142857,0.6
MATAGALPA,2015-11-29,2015-12-05,2015,31,22.714285714285715,1.6
NUEVA SEGOVIA,2015-11-29,2015-12-05,2015,37,22.5,5.6000000000000005
REGION AUTONOMA DEL ATLANTICO SUR,2015-11-29,2015-12-05,2015,11,25.385714285714286,28.7
RIO SAN JUAN,2015-11-29,2015-12-05,2015,2,25.7,32.6
RIVAS,2015-11-29,2015-12-05,2015,146,26.57142857142857,2.3
ZELAYA CENTRAL,2015-11-29,2015-12-05,2015,25,24.557142857142857,14
BILWI,2015-12-06,2015-12-12,2015,0,25.285714285714285,30.4
BOACO,2015-12-06,2015-12-12,2015,48,24.65714285714286,0.4
CARAZO,2015-12-06,2015-12-12,2015,25,24.785714285714285,0.2
CHINANDEGA,2015-12-06,2015-12-12,2015,107,28.642857142857142,0.6
CHONTALES,2015-12-06,2015-12-12,2015,93,26.014285714285712,3.8
ESTELI,2015-12-06,2015-12-12,2015,109,23.257142857142856,0.4
GRANADA,2015-12-06,2015-12-12,2015,14,27,0.7
JINOTEGA,2015-12-06,2015-12-12,2015,16,21.042857142857144,2.1
LEON,2015-12-06,2015-12-12,2015,78,28.314285714285713,1.7000000000000002
MADRIZ,2015-12-06,2015-12-12,2015,87,22.814285714285713,1.5
MANAGUA,2015-12-06,2015-12-12,2015,470,28.228571428571428,0.2
MASAYA,2015-12-06,2015-12-12,2015,55,26.214285714285715,0.7
MATAGALPA,2015-12-06,2015-12-12,2015,40,23.271428571428572,2.1
NUEVA SEGOVIA,2015-12-06,2015-12-12,2015,32,23.271428571428572,2.3
REGION AUTONOMA DEL ATLANTICO SUR,2015-12-06,2015-12-12,2015,8,25.242857142857144,31.1
RIO SAN JUAN,2015-12-06,2015-12-12,2015,9,25.757142857142856,37
RIVAS,2015-12-06,2015-12-12,2015,48,26.5,0.9
ZELAYA CENTRAL,2015-12-06,2015-12-12,2015,24,24.428571428571427,20.5
BILWI,2015-12-13,2015-12-19,2015,0,25.87142857142857,28
BOACO,2015-12-13,2015-12-19,2015,56,24.942857142857143,3.6
CARAZO,2015-12-13,2015-12-19,2015,26,24.885714285714286,0.2
CHINANDEGA,2015-12-13,2015-12-19,2015,76,28.185714285714287,3.9
CHONTALES,2015-12-13,2015-12-19,2015,109,26.485714285714284,1.7
ESTELI,2015-12-13,2015-12-19,2015,88,23.42857142857143,2.5
GRANADA,2015-12-13,2015-12-19,2015,8,27.1,1
JINOTEGA,2015-12-13,2015-12-19,2015,31,21.385714285714286,3.8000000000000003
LEON,2015-12-13,2015-12-19,2015,77,27.742857142857144,5.8
MADRIZ,2015-12-13,2015-12-19,2015,90,23.47142857142857,1.2
MANAGUA,2015-12-13,2015-12-19,2015,496,28.442857142857143,0.2
MASAYA,2015-12-13,2015-12-19,2015,54,26.34285714285714,1
MATAGALPA,2015-12-13,2015-12-19,2015,45,23.542857142857144,3.8000000000000003
NUEVA SEGOVIA,2015-12-13,2015-12-19,2015,27,23.985714285714288,3.6
REGION AUTONOMA DEL ATLANTICO SUR,2015-12-13,2015-12-19,2015,9,25.928571428571427,22.9
RIO SAN JUAN,2015-12-13,2015-12-19,2015,3,26.185714285714287,20.8
RIVAS,2015-12-13,2015-12-19,2015,45,26.885714285714286,2.8
ZELAYA CENTRAL,2015-12-13,2015-12-19,2015,26,24.885714285714286,15
BILWI,2015-12-20,2015-12-26,2015,0,26.285714285714285,15.4
BOACO,2015-12-20,2015-12-26,2015,100,24.571428571428573,0.9
CARAZO,2015-12-20,2015-12-26,2015,28,25.014285714285716,0.2
CHINANDEGA,2015-12-20,2015-12-26,2015,39,29.62857142857143,0
CHONTALES,2015-12-20,2015-12-26,2015,65,26.214285714285715,2.9
ESTELI,2015-12-20,2015-12-26,2015,88,23.557142857142857,0.1
GRANADA,2015-12-20,2015-12-26,2015,4,27.2,1.7
JINOTEGA,2015-12-20,2015-12-26,2015,18,21.114285714285714,2.5
LEON,2015-12-20,2015-12-26,2015,72,29.085714285714285,0
MADRIZ,2015-12-20,2015-12-26,2015,73,22.942857142857143,1.3
MANAGUA,2015-12-20,2015-12-26,2015,296,28.428571428571427,0
MASAYA,2015-12-20,2015-12-26,2015,66,26.428571428571427,1.7
MATAGALPA,2015-12-20,2015-12-26,2015,18,23.242857142857144,2.5
NUEVA SEGOVIA,2015-12-20,2015-12-26,2015,23,23.442857142857143,2.6
REGION AUTONOMA DEL ATLANTICO SUR,2015-12-20,2015-12-26,2015,8,25.82857142857143,22.5
RIO SAN JUAN,2015-12-20,2015-12-26,2015,6,25.914285714285715,36.4
RIVAS,2015-12-20,2015-12-26,2015,28,26.65714285714286,7
ZELAYA CENTRAL,2015-12-20,2015-12-26,2015,17,24.771428571428572,26.6
BILWI,2015-12-27,2016-01-02,2015,0,26.1,16
BOACO,2015-12-27,2016-01-02,2015,112,24.685714285714287,0.8999999999999999
CARAZO,2015-12-27,2016-01-02,2015,15,25.17142857142857,0
CHINANDEGA,2015-12-27,2016-01-02,2015,52,29.599999999999998,0
CHONTALES,2015-12-27,2016-01-02,2015,71,26.54285714285714,0.8
ESTELI,2015-12-27,2016-01-02,2015,48,23.65714285714286,0.3
GRANADA,2015-12-27,2016-01-02,2015,6,27.314285714285713,1
JINOTEGA,2015-12-27,2016-01-02,2015,17,21.12857142857143,2.8
LEON,2015-12-27,2016-01-02,2015,41,29.17142857142857,0
MADRIZ,2015-12-27,2016-01-02,2015,80,22.82857142857143,0.8
MANAGUA,2015-12-27,2016-01-02,2015,263,28.52857142857143,0
MASAYA,2015-12-27,2016-01-02,2015,50,26.52857142857143,1
MATAGALPA,2015-12-27,2016-01-02,2015,15,23.285714285714285,2.8
NUEVA SEGOVIA,2015-12-27,2016-01-02,2015,27,23.285714285714285,2.3
REGION AUTONOMA DEL ATLANTICO SUR,2015-12-27,2016-01-02,2015,2,26.071428571428573,14.299999999999999
RIO SAN JUAN,2015-12-27,2016-01-02,2015,7,26.214285714285715,26
RIVAS,2015-12-27,2016-01-02,2015,26,26.914285714285715,2.7
ZELAYA CENTRAL,2015-12-27,2016-01-02,2015,7,25.142857142857142,13.2
BILWI,2016-01-03,2016-01-09,2016,0,25.142857142857142,13.4
BOACO,2016-01-03,2016-01-09,2016,144,24.557142857142857,1.1
CARAZO,2016-01-03,2016-01-09,2016,27,24.771428571428572,0
CHINANDEGA,2016-01-03,2016-01-09,2016,38,28.728571428571428,0
CHONTALES,2016-01-03,2016-01-09,2016,101,25.9,0.6
ESTELI,2016-01-03,2016-01-09,2016,103,23.32857142857143,1.1
GRANADA,2016-01-03,2016-01-09,2016,17,26.785714285714285,0
JINOTEGA,2016-01-03,2016-01-09,2016,18,20.885714285714286,0.9
LEON,2016-01-03,2016-01-09,2016,67,28.47142857142857,0
MADRIZ,2016-01-03,2016-01-09,2016,75,23.15714285714286,0.8
MANAGUA,2016-01-03,2016-01-09,2016,359,28.34285714285714,0
MASAYA,2016-01-03,2016-01-09,2016,68,26.15714285714286,0
MATAGALPA,2016-01-03,2016-01-09,2016,45,23.17142857142857,0.9
NUEVA SEGOVIA,2016-01-03,2016-01-09,2016,42,23.52857142857143,1.3
REGION AUTONOMA DEL ATLANTICO SUR,2016-01-03,2016-01-09,2016,2,25.014285714285712,17.3
RIO SAN JUAN,2016-01-03,2016-01-09,2016,25,25.571428571428573,25.7
RIVAS,2016-01-03,2016-01-09,2016,21,26.414285714285715,1.2
ZELAYA CENTRAL,2016-01-03,2016-01-09,2016,7,24.185714285714287,11
BILWI,2016-01-10,2016-01-16,2016,2,25.228571428571428,9.3
BOACO,2016-01-10,2016-01-16,2016,205,24.428571428571427,0
CARAZO,2016-01-10,2016-01-16,2016,14,24.52857142857143,0
CHINANDEGA,2016-01-10,2016-01-16,2016,38,28.442857142857143,0.2
CHONTALES,2016-01-10,2016-01-16,2016,81,26.02857142857143,0.1
ESTELI,2016-01-10,2016-01-16,2016,108,23.442857142857143,0
GRANADA,2016-01-10,2016-01-16,2016,11,26.6,0
JINOTEGA,2016-01-10,2016-01-16,2016,9,20.87142857142857,0.1
LEON,2016-01-10,2016-01-16,2016,72,28.285714285714285,1.4
MADRIZ,2016-01-10,2016-01-16,2016,89,23.385714285714286,0
MANAGUA,2016-01-10,2016-01-16,2016,276,28.17142857142857,0
MASAYA,2016-01-10,2016-01-16,2016,92,25.97142857142857,0
MATAGALPA,2016-01-10,2016-01-16,2016,52,23.014285714285712,0.1
NUEVA SEGOVIA,2016-01-10,2016-01-16,2016,24,23.742857142857144,0
REGION AUTONOMA DEL ATLANTICO SUR,2016-01-10,2016-01-16,2016,2,25.357142857142858,8.5
RIO SAN JUAN,2016-01-10,2016-01-16,2016,16,25.585714285714285,3.2
RIVAS,2016-01-10,2016-01-16,2016,72,26.4,0.6
ZELAYA CENTRAL,2016-01-10,2016-01-16,2016,7,24.15714285714286,7.3
BILWI,2016-01-17,2016-01-23,2016,2,24.814285714285713,17.3
BOACO,2016-01-17,2016-01-23,2016,112,24.3,0
CARAZO,2016-01-17,2016-01-23,2016,13,24.557142857142857,0
CHINANDEGA,2016-01-17,2016-01-23,2016,43,28.914285714285715,0
CHONTALES,2016-01-17,2016-01-23,2016,76,25.685714285714283,0
ESTELI,2016-01-17,2016-01-23,2016,130,22.771428571428572,0
GRANADA,2016-01-17,2016-01-23,2016,12,26.62857142857143,0.4
JINOTEGA,2016-01-17,2016-01-23,2016,15,20.4,0.1
LEON,2016-01-17,2016-01-23,2016,80,28.65714285714286,0.5
MADRIZ,2016-01-17,2016-01-23,2016,81,22.8,0
MANAGUA,2016-01-17,2016-01-23,2016,356,28.17142857142857,0
MASAYA,2016-01-17,2016-01-23,2016,76,26,0.4
MATAGALPA,2016-01-17,2016-01-23,2016,31,22.728571428571428,0.1
NUEVA SEGOVIA,2016-01-17,2016-01-23,2016,58,23.214285714285715,0.1
REGION AUTONOMA DEL ATLANTICO SUR,2016-01-17,2016-01-23,2016,9,24.95714285714286,12.1
RIO SAN JUAN,2016-01-17,2016-01-23,2016,19,25.5,25.3
RIVAS,2016-01-17,2016-01-23,2016,64,26.271428571428572,0.7
ZELAYA CENTRAL,2016-01-17,2016-01-23,2016,6,24.014285714285712,9.8
BILWI,2016-01-24,2016-01-30,2016,1,24.62857142857143,9.6
BOACO,2016-01-24,2016-01-30,2016,99,24.114285714285714,0
CARAZO,2016-01-24,2016-01-30,2016,13,24.4,0
CHINANDEGA,2016-01-24,2016-01-30,2016,43,28.728571428571428,0
CHONTALES,2016-01-24,2016-01-30,2016,82,25.45714285714286,0
ESTELI,2016-01-24,2016-01-30,2016,117,22.742857142857144,0
GRANADA,2016-01-24,2016-01-30,2016,21,26.34285714285714,0
JINOTEGA,2016-01-24,2016-01-30,2016,19,20.32857142857143,0.1
LEON,2016-01-24,2016-01-30,2016,60,28.428571428571427,0
MADRIZ,2016-01-24,2016-01-30,2016,56,21.82857142857143,0
MANAGUA,2016-01-24,2016-01-30,2016,373,28.014285714285716,0
MASAYA,2016-01-24,2016-01-30,2016,87,25.771428571428572,0
MATAGALPA,2016-01-24,2016-01-30,2016,43,22.65714285714286,0.1
NUEVA SEGOVIA,2016-01-24,2016-01-30,2016,46,22.242857142857144,1.6
REGION AUTONOMA DEL ATLANTICO SUR,2016-01-24,2016-01-30,2016,16,24.82857142857143,6.7
RIO SAN JUAN,2016-01-24,2016-01-30,2016,29,25.3,14.8
RIVAS,2016-01-24,2016-01-30,2016,70,25.985714285714284,0.1
ZELAYA CENTRAL,2016-01-24,2016-01-30,2016,11,23.914285714285715,2.6
BILWI,2016-01-31,2016-02-06,2016,4,25.457142857142856,4.8
BOACO,2016-01-31,2016-02-06,2016,51,24.685714285714287,0
CARAZO,2016-01-31,2016-02-06,2016,10,24.7,0
CHINANDEGA,2016-01-31,2016-02-06,2016,47,28.82857142857143,0
CHONTALES,2016-01-31,2016-02-06,2016,59,26.142857142857142,0
ESTELI,2016-01-31,2016-02-06,2016,108,23.34285714285714,0
GRANADA,2016-01-31,2016-02-06,2016,22,26.685714285714287,0
JINOTEGA,2016-01-31,2016-02-06,2016,14,20.9,0
LEON,2016-01-31,2016-02-06,2016,99,28.714285714285715,0
MADRIZ,2016-01-31,2016-02-06,2016,78,23.457142857142856,0
MANAGUA,2016-01-31,2016-02-06,2016,327,28.4,0
MASAYA,2016-01-31,2016-02-06,2016,82,26.2,0
MATAGALPA,2016-01-31,2016-02-06,2016,40,23.085714285714285,0
NUEVA SEGOVIA,2016-01-31,2016-02-06,2016,38,23.814285714285717,0.1
REGION AUTONOMA DEL ATLANTICO SUR,2016-01-31,2016-02-06,2016,20,25.271428571428572,6.3
RIO SAN JUAN,2016-01-31,2016-02-06,2016,27,25.685714285714287,5.8
RIVAS,2016-01-31,2016-02-06,2016,39,26.32857142857143,0.4
ZELAYA CENTRAL,2016-01-31,2016-02-06,2016,7,24.228571428571428,7.8
BILWI,2016-02-07,2016-02-13,2016,2,23.942857142857143,7.8999999999999995
BOACO,2016-02-07,2016-02-13,2016,23,23.45714285714286,0
CARAZO,2016-02-07,2016-02-13,2016,17,24.071428571428573,0
CHINANDEGA,2016-02-07,2016-02-13,2016,36,29.014285714285716,0
CHONTALES,2016-02-07,2016-02-13,2016,46,24.82857142857143,0
ESTELI,2016-02-07,2016-02-13,2016,73,21.785714285714285,0
GRANADA,2016-02-07,2016-02-13,2016,25,26.071428571428573,0
JINOTEGA,2016-02-07,2016-02-13,2016,8,19.114285714285714,0.5
LEON,2016-02-07,2016-02-13,2016,72,28.6,0
MADRIZ,2016-02-07,2016-02-13,2016,42,20.8,0.3
MANAGUA,2016-02-07,2016-02-13,2016,311,27.5,0
MASAYA,2016-02-07,2016-02-13,2016,87,25.5,0
MATAGALPA,2016-02-07,2016-02-13,2016,34,21.6,0.5
NUEVA SEGOVIA,2016-02-07,2016-02-13,2016,57,21.34285714285714,0.2
REGION AUTONOMA DEL ATLANTICO SUR,2016-02-07,2016-02-13,2016,13,24.014285714285716,20.4
RIO SAN JUAN,2016-02-07,2016-02-13,2016,14,24.9,27.2
RIVAS,2016-02-07,2016-02-13,2016,47,25.557142857142857,0
ZELAYA CENTRAL,2016-02-07,2016-02-13,2016,5,23.5,5.6000000000000005
BILWI,2016-02-14,2016-02-20,2016,6,25.428571428571427,15
BOACO,2016-02-14,2016-02-20,2016,27,24.67142857142857,0.4
CARAZO,2016-02-14,2016-02-20,2016,20,25.142857142857142,0
CHINANDEGA,2016-02-14,2016-02-20,2016,33,30.085714285714285,0
CHONTALES,2016-02-14,2016-02-20,2016,44,26.242857142857144,3.4
ESTELI,2016-02-14,2016-02-20,2016,79,23.428571428571427,0
GRANADA,2016-02-14,2016-02-20,2016,24,27.071428571428573,0
JINOTEGA,2016-02-14,2016-02-20,2016,16,20.900000000000002,0.8
LEON,2016-02-14,2016-02-20,2016,64,29.428571428571427,0
MADRIZ,2016-02-14,2016-02-20,2016,57,23.142857142857142,0.30000000000000004
MANAGUA,2016-02-14,2016-02-20,2016,217,28.62857142857143,0
MASAYA,2016-02-14,2016-02-20,2016,62,26.57142857142857,0
MATAGALPA,2016-02-14,2016-02-20,2016,27,23.142857142857142,0.8
NUEVA SEGOVIA,2016-02-14,2016-02-20,2016,29,23.614285714285714,0.7
REGION AUTONOMA DEL ATLANTICO SUR,2016-02-14,2016-02-20,2016,9,25.214285714285715,15.4
RIO SAN JUAN,2016-02-14,2016-02-20,2016,12,25.7,31.4
RIVAS,2016-02-14,2016-02-20,2016,29,26.428571428571427,0
ZELAYA CENTRAL,2016-02-14,2016-02-20,2016,3,24.614285714285714,15.1
BILWI,2016-02-21,2016-02-27,2016,1,25.5,10.6
BOACO,2016-02-21,2016-02-27,2016,36,25.1,0.5
CARAZO,2016-02-21,2016-02-27,2016,7,25.5,0
CHINANDEGA,2016-02-21,2016-02-27,2016,23,29.771428571428572,0
CHONTALES,2016-02-21,2016-02-27,2016,25,26.514285714285712,0.5
ESTELI,2016-02-21,2016-02-27,2016,60,23.97142857142857,0.1
GRANADA,2016-02-21,2016-02-27,2016,14,27.314285714285713,0.1
JINOTEGA,2016-02-21,2016-02-27,2016,12,21.3,0.8
LEON,2016-02-21,2016-02-27,2016,31,29.514285714285712,0
MADRIZ,2016-02-21,2016-02-27,2016,59,23.814285714285713,0.7
MANAGUA,2016-02-21,2016-02-27,2016,156,29.071428571428573,0
MASAYA,2016-02-21,2016-02-27,2016,72,26.87142857142857,0.1
MATAGALPA,2016-02-21,2016-02-27,2016,35,23.52857142857143,0.8
NUEVA SEGOVIA,2016-02-21,2016-02-27,2016,39,24.142857142857142,1.6
REGION AUTONOMA DEL ATLANTICO SUR,2016-02-21,2016-02-27,2016,6,25.32857142857143,15.2
RIO SAN JUAN,2016-02-21,2016-02-27,2016,15,25.97142857142857,23.3
RIVAS,2016-02-21,2016-02-27,2016,16,26.84285714285714,0.5
ZELAYA CENTRAL,2016-02-21,2016-02-27,2016,10,24.771428571428572,15.5
BILWI,2016-02-28,2016-03-05,2016,2,25.65714285714286,6.6000000000000005
BOACO,2016-02-28,2016-03-05,2016,33,25.02857142857143,0
CARAZO,2016-02-28,2016-03-05,2016,14,25.32857142857143,0
CHINANDEGA,2016-02-28,2016-03-05,2016,30,29.557142857142857,0
CHONTALES,2016-02-28,2016-03-05,2016,30,26.5,0.30000000000000004
ESTELI,2016-02-28,2016-03-05,2016,45,23.97142857142857,0
GRANADA,2016-02-28,2016-03-05,2016,29,27.257142857142856,0
JINOTEGA,2016-02-28,2016-03-05,2016,12,21.228571428571428,0
LEON,2016-02-28,2016-03-05,2016,33,29.542857142857144,0
MADRIZ,2016-02-28,2016-03-05,2016,45,23.557142857142857,0
MANAGUA,2016-02-28,2016-03-05,2016,140,28.928571428571427,0
MASAYA,2016-02-28,2016-03-05,2016,67,26.785714285714285,0
MATAGALPA,2016-02-28,2016-03-05,2016,49,23.428571428571427,0
NUEVA SEGOVIA,2016-02-28,2016-03-05,2016,33,23.985714285714288,0.2
REGION AUTONOMA DEL ATLANTICO SUR,2016-02-28,2016-03-05,2016,14,25.057142857142857,16.7
RIO SAN JUAN,2016-02-28,2016-03-05,2016,9,25.8,15.299999999999999
RIVAS,2016-02-28,2016-03-05,2016,9,26.714285714285715,0.1
ZELAYA CENTRAL,2016-02-28,2016-03-05,2016,7,24.57142857142857,7.6000000000000005
BILWI,2016-03-06,2016-03-12,2016,2,25.957142857142856,18.6
BOACO,2016-03-06,2016-03-12,2016,61,25.757142857142856,3.4
CARAZO,2016-03-06,2016-03-12,2016,12,25.914285714285715,0
CHINANDEGA,2016-03-06,2016-03-12,2016,20,30.15714285714286,1.4
CHONTALES,2016-03-06,2016-03-12,2016,32,27.3,3.2
ESTELI,2016-03-06,2016-03-12,2016,33,25.242857142857144,3.5
GRANADA,2016-03-06,2016-03-12,2016,40,27.785714285714285,1.2999999999999998
JINOTEGA,2016-03-06,2016-03-12,2016,10,22.414285714285715,4.1
LEON,2016-03-06,2016-03-12,2016,22,29.728571428571428,1
MADRIZ,2016-03-06,2016-03-12,2016,51,24.65714285714286,12
MANAGUA,2016-03-06,2016-03-12,2016,156,29.457142857142856,0.5
MASAYA,2016-03-06,2016-03-12,2016,72,27.3,1.2999999999999998
MATAGALPA,2016-03-06,2016-03-12,2016,51,24.3,4.1
NUEVA SEGOVIA,2016-03-06,2016-03-12,2016,49,25.057142857142857,16.4
REGION AUTONOMA DEL ATLANTICO SUR,2016-03-06,2016-03-12,2016,12,26.07142857142857,11
RIO SAN JUAN,2016-03-06,2016-03-12,2016,9,26.84285714285714,4.8
RIVAS,2016-03-06,2016-03-12,2016,8,27.514285714285716,2.3000000000000003
ZELAYA CENTRAL,2016-03-06,2016-03-12,2016,9,25.385714285714286,15.2
BILWI,2016-03-13,2016-03-19,2016,3,26.514285714285712,2.2
BOACO,2016-03-13,2016-03-19,2016,50,26.32857142857143,0
CARAZO,2016-03-13,2016-03-19,2016,10,26.17142857142857,0
CHINANDEGA,2016-03-13,2016-03-19,2016,14,29.571428571428573,0.2
CHONTALES,2016-03-13,2016-03-19,2016,22,27.485714285714284,0
ESTELI,2016-03-13,2016-03-19,2016,36,25.92857142857143,0
GRANADA,2016-03-13,2016-03-19,2016,46,27.82857142857143,0
JINOTEGA,2016-03-13,2016-03-19,2016,10,22.885714285714286,0
LEON,2016-03-13,2016-03-19,2016,29,29.02857142857143,0
MADRIZ,2016-03-13,2016-03-19,2016,65,26.014285714285716,0
MANAGUA,2016-03-13,2016-03-19,2016,241,29.84285714285714,0
MASAYA,2016-03-13,2016-03-19,2016,69,27.485714285714284,0
MATAGALPA,2016-03-13,2016-03-19,2016,49,24.742857142857144,0
NUEVA SEGOVIA,2016-03-13,2016-03-19,2016,43,26.514285714285716,0
REGION AUTONOMA DEL ATLANTICO SUR,2016-03-13,2016-03-19,2016,9,26.12857142857143,2.9
RIO SAN JUAN,2016-03-13,2016-03-19,2016,3,26.757142857142856,1.2000000000000002
RIVAS,2016-03-13,2016-03-19,2016,8,27.585714285714285,0.3
ZELAYA CENTRAL,2016-03-13,2016-03-19,2016,6,25.428571428571427,2.3
BILWI,2016-03-20,2016-03-26,2016,1,27.085714285714285,4
BOACO,2016-03-20,2016-03-26,2016,59,26.65714285714286,2.1
CARAZO,2016-03-20,2016-03-26,2016,3,26.87142857142857,0
CHINANDEGA,2016-03-20,2016-03-26,2016,13,31.014285714285712,1
CHONTALES,2016-03-20,2016-03-26,2016,7,28.185714285714287,0.2
ESTELI,2016-03-20,2016-03-26,2016,14,25.857142857142858,0.4
GRANADA,2016-03-20,2016-03-26,2016,18,28.742857142857144,0
JINOTEGA,2016-03-20,2016-03-26,2016,13,23.02857142857143,1.4
LEON,2016-03-20,2016-03-26,2016,32,30.442857142857143,1.2
MADRIZ,2016-03-20,2016-03-26,2016,29,25.571428571428573,3.9000000000000004
MANAGUA,2016-03-20,2016-03-26,2016,136,30.54285714285714,0
MASAYA,2016-03-20,2016-03-26,2016,51,28.32857142857143,0
MATAGALPA,2016-03-20,2016-03-26,2016,34,25.02857142857143,1.4
NUEVA SEGOVIA,2016-03-20,2016-03-26,2016,15,26.02857142857143,7.2
REGION AUTONOMA DEL ATLANTICO SUR,2016-03-20,2016-03-26,2016,4,26.728571428571428,8.7
RIO SAN JUAN,2016-03-20,2016-03-26,2016,5,27.34285714285714,12.3
RIVAS,2016-03-20,2016-03-26,2016,9,28.15714285714286,0.7
ZELAYA CENTRAL,2016-03-20,2016-03-26,2016,6,26.185714285714287,9.4
BILWI,2016-03-27,2016-04-02,2016,2,27.014285714285712,7.7
BOACO,2016-03-27,2016-04-02,2016,59,27.414285714285715,2
CARAZO,2016-03-27,2016-04-02,2016,11,26.97142857142857,1.1
CHINANDEGA,2016-03-27,2016-04-02,2016,24,29.757142857142856,2.2
CHONTALES,2016-03-27,2016-04-02,2016,34,28.5,0
ESTELI,2016-03-27,2016-04-02,2016,51,26.228571428571428,1
GRANADA,2016-03-27,2016-04-02,2016,14,28.82857142857143,1.6
JINOTEGA,2016-03-27,2016-04-02,2016,36,23.84285714285714,2.8
LEON,2016-03-27,2016-04-02,2016,44,29,3.8
MADRIZ,2016-03-27,2016-04-02,2016,46,26.5,0
MANAGUA,2016-03-27,2016-04-02,2016,224,30.62857142857143,0.2
MASAYA,2016-03-27,2016-04-02,2016,69,28.47142857142857,1.6
MATAGALPA,2016-03-27,2016-04-02,2016,30,25.67142857142857,2.8
NUEVA SEGOVIA,2016-03-27,2016-04-02,2016,90,27.271428571428572,0.2
REGION AUTONOMA DEL ATLANTICO SUR,2016-03-27,2016-04-02,2016,10,26.97142857142857,1.5
RIO SAN JUAN,2016-03-27,2016-04-02,2016,5,27.67142857142857,2.5
RIVAS,2016-03-27,2016-04-02,2016,63,28.34285714285714,0.6
ZELAYA CENTRAL,2016-03-27,2016-04-02,2016,16,26.65714285714286,2.8
BILWI,2016-04-03,2016-04-09,2016,6,27.17142857142857,9.1
BOACO,2016-04-03,2016-04-09,2016,97,27.085714285714285,0.2
CARAZO,2016-04-03,2016-04-09,2016,18,27.142857142857142,0
CHINANDEGA,2016-04-03,2016-04-09,2016,28,31.42857142857143,1
CHONTALES,2016-04-03,2016-04-09,2016,37,28.42857142857143,1.1
ESTELI,2016-04-03,2016-04-09,2016,137,26.271428571428572,0
GRANADA,2016-04-03,2016-04-09,2016,35,29.142857142857142,0
JINOTEGA,2016-04-03,2016-04-09,2016,89,23.62857142857143,0.1
LEON,2016-04-03,2016-04-09,2016,39,31.2,0.8
MADRIZ,2016-04-03,2016-04-09,2016,86,26.214285714285715,0.1
MANAGUA,2016-04-03,2016-04-09,2016,257,30.785714285714285,0
MASAYA,2016-04-03,2016-04-09,2016,76,28.714285714285715,0
MATAGALPA,2016-04-03,2016-04-09,2016,69,25.585714285714285,0.1
NUEVA SEGOVIA,2016-04-03,2016-04-09,2016,132,26.785714285714285,0.3
REGION AUTONOMA DEL ATLANTICO SUR,2016-04-03,2016-04-09,2016,19,26.542857142857144,11
RIO SAN JUAN,2016-04-03,2016-04-09,2016,10,27.571428571428573,11.5
RIVAS,2016-04-03,2016-04-09,2016,96,28.414285714285715,2
ZELAYA CENTRAL,2016-04-03,2016-04-09,2016,12,26.114285714285714,16
BILWI,2016-04-10,2016-04-16,2016,7,27.114285714285714,6.6000000000000005
BOACO,2016-04-10,2016-04-16,2016,69,27,0.1
CARAZO,2016-04-10,2016-04-16,2016,13,26.885714285714286,0
CHINANDEGA,2016-04-10,2016-04-16,2016,21,30.314285714285713,1.4
CHONTALES,2016-04-10,2016-04-16,2016,35,28.314285714285713,0.5
ESTELI,2016-04-10,2016-04-16,2016,147,26.242857142857144,0.4
GRANADA,2016-04-10,2016-04-16,2016,32,28.728571428571428,0
JINOTEGA,2016-04-10,2016-04-16,2016,83,23.5,0.1
LEON,2016-04-10,2016-04-16,2016,35,29.942857142857143,1.5
MADRIZ,2016-04-10,2016-04-16,2016,89,26.585714285714285,0.2
MANAGUA,2016-04-10,2016-04-16,2016,187,30.571428571428573,0
MASAYA,2016-04-10,2016-04-16,2016,89,28.357142857142858,0
MATAGALPA,2016-04-10,2016-04-16,2016,78,25.37142857142857,0.1
NUEVA SEGOVIA,2016-04-10,2016-04-16,2016,185,27.057142857142857,1
REGION AUTONOMA DEL ATLANTICO SUR,2016-04-10,2016-04-16,2016,23,26.685714285714287,10.6
RIO SAN JUAN,2016-04-10,2016-04-16,2016,23,27.5,4.6
RIVAS,2016-04-10,2016-04-16,2016,79,28.314285714285713,4.7
ZELAYA CENTRAL,2016-04-10,2016-04-16,2016,21,26.02857142857143,13.5
BILWI,2016-04-17,2016-04-23,2016,13,27.271428571428572,16.4
BOACO,2016-04-17,2016-04-23,2016,82,27.97142857142857,0.4
CARAZO,2016-04-17,2016-04-23,2016,15,27.65714285714286,0.3
CHINANDEGA,2016-04-17,2016-04-23,2016,46,30.285714285714285,6.3
CHONTALES,2016-04-17,2016-04-23,2016,68,28.942857142857143,1.7000000000000002
ESTELI,2016-04-17,2016-04-23,2016,97,27.32857142857143,1.9
GRANADA,2016-04-17,2016-04-23,2016,40,29.385714285714286,1.1
JINOTEGA,2016-04-17,2016-04-23,2016,58,24.6,3.2
LEON,2016-04-17,2016-04-23,2016,34,29.5,8.1
MADRIZ,2016-04-17,2016-04-23,2016,70,27.385714285714286,3.0999999999999996
MANAGUA,2016-04-17,2016-04-23,2016,170,31.52857142857143,0.2
MASAYA,2016-04-17,2016-04-23,2016,73,29.15714285714286,1.1
MATAGALPA,2016-04-17,2016-04-23,2016,103,26.47142857142857,3.2
NUEVA SEGOVIA,2016-04-17,2016-04-23,2016,215,27.957142857142856,2.1
REGION AUTONOMA DEL ATLANTICO SUR,2016-04-17,2016-04-23,2016,37,27.15714285714286,13.9
RIO SAN JUAN,2016-04-17,2016-04-23,2016,13,28.114285714285714,5.7
RIVAS,2016-04-17,2016-04-23,2016,59,28.84285714285714,3.5
ZELAYA CENTRAL,2016-04-17,2016-04-23,2016,17,26.757142857142856,11.9
BILWI,2016-04-24,2016-04-30,2016,9,27.6,20.900000000000002
BOACO,2016-04-24,2016-04-30,2016,76,27.228571428571428,36
CARAZO,2016-04-24,2016-04-30,2016,24,25.914285714285715,50.7
CHINANDEGA,2016-04-24,2016-04-30,2016,24,28.04285714285714,91.7
CHONTALES,2016-04-24,2016-04-30,2016,63,28.02857142857143,27.4
ESTELI,2016-04-24,2016-04-30,2016,77,24.914285714285715,56.699999999999996
GRANADA,2016-04-24,2016-04-30,2016,25,28.271428571428572,40.3
JINOTEGA,2016-04-24,2016-04-30,2016,45,23.65714285714286,46.7
LEON,2016-04-24,2016-04-30,2016,23,27.385714285714286,106.5
MADRIZ,2016-04-24,2016-04-30,2016,45,25.728571428571428,22.8
MANAGUA,2016-04-24,2016-04-30,2016,133,29.07142857142857,36
MASAYA,2016-04-24,2016-04-30,2016,63,27.571428571428573,40.3
MATAGALPA,2016-04-24,2016-04-30,2016,64,25.65714285714286,46.7
NUEVA SEGOVIA,2016-04-24,2016-04-30,2016,181,26.82857142857143,25.099999999999998
REGION AUTONOMA DEL ATLANTICO SUR,2016-04-24,2016-04-30,2016,20,27.12857142857143,36.7
RIO SAN JUAN,2016-04-24,2016-04-30,2016,17,27.15714285714286,42.1
RIVAS,2016-04-24,2016-04-30,2016,14,27.914285714285715,37.4
ZELAYA CENTRAL,2016-04-24,2016-04-30,2016,16,26.685714285714287,27.400000000000002
BILWI,2016-05-01,2016-05-07,2016,29,27.885714285714286,8
BOACO,2016-05-01,2016-05-07,2016,81,26.542857142857144,57.1
CARAZO,2016-05-01,2016-05-07,2016,21,25.314285714285713,129.2
CHINANDEGA,2016-05-01,2016-05-07,2016,31,27.814285714285713,35.9
CHONTALES,2016-05-01,2016-05-07,2016,52,27.4,28.7
ESTELI,2016-05-01,2016-05-07,2016,73,24.457142857142856,47.1
GRANADA,2016-05-01,2016-05-07,2016,18,27.9,95.6
JINOTEGA,2016-05-01,2016-05-07,2016,96,23.428571428571427,47.4
LEON,2016-05-01,2016-05-07,2016,26,27.085714285714285,46.5
MADRIZ,2016-05-01,2016-05-07,2016,37,25.557142857142857,14.9
MANAGUA,2016-05-01,2016-05-07,2016,129,28.2,56.4
MASAYA,2016-05-01,2016-05-07,2016,49,27.042857142857144,95.6
MATAGALPA,2016-05-01,2016-05-07,2016,84,25.17142857142857,47.4
NUEVA SEGOVIA,2016-05-01,2016-05-07,2016,164,26.571428571428573,16.7
REGION AUTONOMA DEL ATLANTICO SUR,2016-05-01,2016-05-07,2016,22,27.542857142857144,27.6
RIO SAN JUAN,2016-05-01,2016-05-07,2016,22,27.4,32.199999999999996
RIVAS,2016-05-01,2016-05-07,2016,24,27.65714285714286,69.2
ZELAYA CENTRAL,2016-05-01,2016-05-07,2016,15,27.142857142857142,12.6
BILWI,2016-05-08,2016-05-14,2016,16,27.442857142857143,11.9
BOACO,2016-05-08,2016-05-14,2016,115,27.014285714285712,3.3000000000000003
CARAZO,2016-05-08,2016-05-14,2016,23,26.12857142857143,0.1
CHINANDEGA,2016-05-08,2016-05-14,2016,33,29.428571428571427,6.5
CHONTALES,2016-05-08,2016-05-14,2016,46,28.485714285714288,2.1
ESTELI,2016-05-08,2016-05-14,2016,143,25.34285714285714,2.4
GRANADA,2016-05-08,2016-05-14,2016,34,28.5,0.9
JINOTEGA,2016-05-08,2016-05-14,2016,159,23.257142857142856,4.6
LEON,2016-05-08,2016-05-14,2016,39,28.97142857142857,2.4
MADRIZ,2016-05-08,2016-05-14,2016,49,26.099999999999998,0.6000000000000001
MANAGUA,2016-05-08,2016-05-14,2016,168,29.428571428571427,0.3
MASAYA,2016-05-08,2016-05-14,2016,46,27.728571428571428,0.9
MATAGALPA,2016-05-08,2016-05-14,2016,76,25.085714285714285,4.6
NUEVA SEGOVIA,2016-05-08,2016-05-14,2016,165,27.085714285714285,0.7
REGION AUTONOMA DEL ATLANTICO SUR,2016-05-08,2016-05-14,2016,24,26.87142857142857,19
RIO SAN JUAN,2016-05-08,2016-05-14,2016,23,27.757142857142856,10.5
RIVAS,2016-05-08,2016-05-14,2016,39,28.15714285714286,5.1000000000000005
ZELAYA CENTRAL,2016-05-08,2016-05-14,2016,28,26.82857142857143,10.2
BILWI,2016-05-15,2016-05-21,2016,19,27.814285714285713,26.7
BOACO,2016-05-15,2016-05-21,2016,96,26.62857142857143,11.9
CARAZO,2016-05-15,2016-05-21,2016,43,26.214285714285715,10.9
CHINANDEGA,2016-05-15,2016-05-21,2016,46,29.685714285714287,30.6
CHONTALES,2016-05-15,2016-05-21,2016,84,28.1,11
ESTELI,2016-05-15,2016-05-21,2016,124,25.685714285714287,10.9
GRANADA,2016-05-15,2016-05-21,2016,39,28.442857142857143,21.4
JINOTEGA,2016-05-15,2016-05-21,2016,319,23.3,10.5
LEON,2016-05-15,2016-05-21,2016,40,29.357142857142858,20.4
MADRIZ,2016-05-15,2016-05-21,2016,48,25.52857142857143,14.2
MANAGUA,2016-05-15,2016-05-21,2016,206,29.54285714285714,9.7
MASAYA,2016-05-15,2016-05-21,2016,61,27.67142857142857,21.4
MATAGALPA,2016-05-15,2016-05-21,2016,77,25.214285714285715,10.5
NUEVA SEGOVIA,2016-05-15,2016-05-21,2016,182,26.142857142857142,19.2
REGION AUTONOMA DEL ATLANTICO SUR,2016-05-15,2016-05-21,2016,27,26.7,58.1
RIO SAN JUAN,2016-05-15,2016-05-21,2016,24,26.942857142857143,56.5
RIVAS,2016-05-15,2016-05-21,2016,105,27.97142857142857,24.4
ZELAYA CENTRAL,2016-05-15,2016-05-21,2016,40,26.02857142857143,39
BILWI,2016-05-22,2016-05-28,2016,17,27.714285714285715,25.1
BOACO,2016-05-22,2016-05-28,2016,68,27.34285714285714,28.1
CARAZO,2016-05-22,2016-05-28,2016,38,26.185714285714287,17.900000000000002
CHINANDEGA,2016-05-22,2016-05-28,2016,34,28.942857142857143,39.5
CHONTALES,2016-05-22,2016-05-28,2016,91,28.285714285714285,29.200000000000003
ESTELI,2016-05-22,2016-05-28,2016,142,26.142857142857142,26.099999999999998
GRANADA,2016-05-22,2016-05-28,2016,60,28.442857142857143,18.1
JINOTEGA,2016-05-22,2016-05-28,2016,537,24.17142857142857,27.1
LEON,2016-05-22,2016-05-28,2016,35,28.34285714285714,65
MADRIZ,2016-05-22,2016-05-28,2016,93,26.757142857142856,11.3
MANAGUA,2016-05-22,2016-05-28,2016,175,29.714285714285715,17.5
MASAYA,2016-05-22,2016-05-28,2016,59,27.771428571428572,18.1
MATAGALPA,2016-05-22,2016-05-28,2016,132,26.014285714285712,27.1
NUEVA SEGOVIA,2016-05-22,2016-05-28,2016,184,27.67142857142857,11.7
REGION AUTONOMA DEL ATLANTICO SUR,2016-05-22,2016-05-28,2016,15,26.957142857142856,43.8
RIO SAN JUAN,2016-05-22,2016-05-28,2016,21,27.085714285714285,38.8
RIVAS,2016-05-22,2016-05-28,2016,126,28.085714285714285,16
ZELAYA CENTRAL,2016-05-22,2016-05-28,2016,53,26.428571428571427,29
BILWI,2016-05-29,2016-06-04,2016,31,26.314285714285713,74.1
BOACO,2016-05-29,2016-06-04,2016,75,25.071428571428573,98.5
CARAZO,2016-05-29,2016-06-04,2016,31,24.2,89.6
CHINANDEGA,2016-05-29,2016-06-04,2016,29,27.042857142857144,135.1
CHONTALES,2016-05-29,2016-06-04,2016,77,26.285714285714285,95
ESTELI,2016-05-29,2016-06-04,2016,163,23.285714285714285,138.1
GRANADA,2016-05-29,2016-06-04,2016,64,26.8,89.60000000000001
JINOTEGA,2016-05-29,2016-06-04,2016,488,21.871428571428574,102.5
LEON,2016-05-29,2016-06-04,2016,63,26.45714285714286,155.1
MADRIZ,2016-05-29,2016-06-04,2016,69,23.928571428571427,91.4
MANAGUA,2016-05-29,2016-06-04,2016,180,27.15714285714286,93.9
MASAYA,2016-05-29,2016-06-04,2016,78,25.885714285714286,89.60000000000001
MATAGALPA,2016-05-29,2016-06-04,2016,284,23.585714285714285,102.5
NUEVA SEGOVIA,2016-05-29,2016-06-04,2016,149,24.614285714285714,85
REGION AUTONOMA DEL ATLANTICO SUR,2016-05-29,2016-06-04,2016,24,25.9,94.4
RIO SAN JUAN,2016-05-29,2016-06-04,2016,52,26.114285714285714,67.6
RIVAS,2016-05-29,2016-06-04,2016,74,26.8,102.2
ZELAYA CENTRAL,2016-05-29,2016-06-04,2016,27,25.12857142857143,67.60000000000001
BILWI,2016-06-05,2016-06-11,2016,45,27.12857142857143,75.1
BOACO,2016-06-05,2016-06-11,2016,156,24.985714285714288,74.1
CARAZO,2016-06-05,2016-06-11,2016,52,24.185714285714287,101.5
CHINANDEGA,2016-06-05,2016-06-11,2016,36,26.728571428571428,124.5
CHONTALES,2016-06-05,2016-06-11,2016,138,26.12857142857143,86.1
ESTELI,2016-06-05,2016-06-11,2016,168,23.114285714285714,133.3
GRANADA,2016-06-05,2016-06-11,2016,93,26.814285714285713,96.5
JINOTEGA,2016-06-05,2016-06-11,2016,511,21.942857142857143,67.9
LEON,2016-06-05,2016-06-11,2016,74,26.3,121.5
MADRIZ,2016-06-05,2016-06-11,2016,136,23.371428571428574,78
MANAGUA,2016-06-05,2016-06-11,2016,218,26.97142857142857,61.3
MASAYA,2016-06-05,2016-06-11,2016,77,25.82857142857143,96.5
MATAGALPA,2016-06-05,2016-06-11,2016,309,23.7,67.9
NUEVA SEGOVIA,2016-06-05,2016-06-11,2016,201,24.02857142857143,65.5
REGION AUTONOMA DEL ATLANTICO SUR,2016-06-05,2016-06-11,2016,37,26.728571428571428,60.1
RIO SAN JUAN,2016-06-05,2016-06-11,2016,64,26.571428571428573,61.9
RIVAS,2016-06-05,2016-06-11,2016,111,26.685714285714287,89.9
ZELAYA CENTRAL,2016-06-05,2016-06-11,2016,38,25.771428571428572,45.2
BILWI,2016-06-12,2016-06-18,2016,23,27.071428571428573,45.6
BOACO,2016-06-12,2016-06-18,2016,140,25.12857142857143,14.6
CARAZO,2016-06-12,2016-06-18,2016,55,24.571428571428573,16.6
CHINANDEGA,2016-06-12,2016-06-18,2016,63,27.57142857142857,42.8
CHONTALES,2016-06-12,2016-06-18,2016,167,26.385714285714286,22.8
ESTELI,2016-06-12,2016-06-18,2016,268,23.557142857142857,28.900000000000002
GRANADA,2016-06-12,2016-06-18,2016,99,27,31.6
JINOTEGA,2016-06-12,2016-06-18,2016,613,21.97142857142857,27.7
LEON,2016-06-12,2016-06-18,2016,106,27.285714285714285,27.6
MADRIZ,2016-06-12,2016-06-18,2016,118,23.84285714285714,28.3
MANAGUA,2016-06-12,2016-06-18,2016,258,27.571428571428573,19
MASAYA,2016-06-12,2016-06-18,2016,102,26.085714285714285,31.6
MATAGALPA,2016-06-12,2016-06-18,2016,544,23.814285714285713,27.7
NUEVA SEGOVIA,2016-06-12,2016-06-18,2016,222,24.32857142857143,30.9
REGION AUTONOMA DEL ATLANTICO SUR,2016-06-12,2016-06-18,2016,51,26.042857142857144,55
RIO SAN JUAN,2016-06-12,2016-06-18,2016,84,25.728571428571428,45.1
RIVAS,2016-06-12,2016-06-18,2016,135,26.742857142857144,30.5
ZELAYA CENTRAL,2016-06-12,2016-06-18,2016,55,24.985714285714288,38.9
BILWI,2016-06-19,2016-06-25,2016,42,26.32857142857143,85.10000000000001
BOACO,2016-06-19,2016-06-25,2016,135,24.914285714285715,17.8
CARAZO,2016-06-19,2016-06-25,2016,87,24.614285714285714,29.7
CHINANDEGA,2016-06-19,2016-06-25,2016,49,28.37142857142857,42.5
CHONTALES,2016-06-19,2016-06-25,2016,157,26.057142857142857,26.1
ESTELI,2016-06-19,2016-06-25,2016,241,23.65714285714286,31
GRANADA,2016-06-19,2016-06-25,2016,90,27.014285714285716,28.2
JINOTEGA,2016-06-19,2016-06-25,2016,519,21.7,25.2
LEON,2016-06-19,2016-06-25,2016,77,27.914285714285715,43.2
MADRIZ,2016-06-19,2016-06-25,2016,124,23.514285714285716,28.4
MANAGUA,2016-06-19,2016-06-25,2016,341,27.771428571428572,24.700000000000003
MASAYA,2016-06-19,2016-06-25,2016,148,26.17142857142857,28.2
MATAGALPA,2016-06-19,2016-06-25,2016,439,23.685714285714287,25.2
NUEVA SEGOVIA,2016-06-19,2016-06-25,2016,231,24,29.5
REGION AUTONOMA DEL ATLANTICO SUR,2016-06-19,2016-06-25,2016,74,25.614285714285714,100.60000000000001
RIO SAN JUAN,2016-06-19,2016-06-25,2016,133,25.52857142857143,77.7
RIVAS,2016-06-19,2016-06-25,2016,154,26.32857142857143,66.2
ZELAYA CENTRAL,2016-06-19,2016-06-25,2016,47,24.514285714285716,85
BILWI,2016-06-26,2016-07-02,2016,96,27,43.2
BOACO,2016-06-26,2016-07-02,2016,179,24.885714285714286,11
CARAZO,2016-06-26,2016-07-02,2016,76,24.92857142857143,5.7
CHINANDEGA,2016-06-26,2016-07-02,2016,91,29.014285714285712,8.4
CHONTALES,2016-06-26,2016-07-02,2016,188,25.928571428571427,22.4
ESTELI,2016-06-26,2016-07-02,2016,280,24.114285714285714,4
GRANADA,2016-06-26,2016-07-02,2016,129,27.085714285714285,15.3
JINOTEGA,2016-06-26,2016-07-02,2016,441,21.714285714285715,9.4
LEON,2016-06-26,2016-07-02,2016,78,28.557142857142857,9.9
MADRIZ,2016-06-26,2016-07-02,2016,110,23.62857142857143,6.1
MANAGUA,2016-06-26,2016-07-02,2016,443,28.12857142857143,4.9
MASAYA,2016-06-26,2016-07-02,2016,164,26.271428571428572,15.3
MATAGALPA,2016-06-26,2016-07-02,2016,611,23.728571428571428,9.4
NUEVA SEGOVIA,2016-06-26,2016-07-02,2016,204,24.114285714285714,9.6
REGION AUTONOMA DEL ATLANTICO SUR,2016-06-26,2016-07-02,2016,110,25.642857142857142,124.5
RIO SAN JUAN,2016-06-26,2016-07-02,2016,109,25.52857142857143,73.2
RIVAS,2016-06-26,2016-07-02,2016,164,26.42857142857143,34.3
ZELAYA CENTRAL,2016-06-26,2016-07-02,2016,124,24.65714285714286,103.2
BILWI,2016-07-03,2016-07-09,2016,75,26.82857142857143,60.6
BOACO,2016-07-03,2016-07-09,2016,196,24.785714285714285,15.5
CARAZO,2016-07-03,2016-07-09,2016,71,24.742857142857144,13.4
CHINANDEGA,2016-07-03,2016-07-09,2016,128,29.557142857142857,10
CHONTALES,2016-07-03,2016-07-09,2016,146,25.92857142857143,18.3
ESTELI,2016-07-03,2016-07-09,2016,487,24.17142857142857,7.1
GRANADA,2016-07-03,2016-07-09,2016,173,26.900000000000002,21.7
JINOTEGA,2016-07-03,2016-07-09,2016,353,21.65714285714286,17.2
LEON,2016-07-03,2016-07-09,2016,92,28.942857142857143,2.7
MADRIZ,2016-07-03,2016-07-09,2016,126,23.557142857142857,10.2
MANAGUA,2016-07-03,2016-07-09,2016,486,28.071428571428573,6
MASAYA,2016-07-03,2016-07-09,2016,127,26.114285714285714,21.7
MATAGALPA,2016-07-03,2016-07-09,2016,584,23.571428571428573,17.2
NUEVA SEGOVIA,2016-07-03,2016-07-09,2016,205,24.014285714285716,19.3
REGION AUTONOMA DEL ATLANTICO SUR,2016-07-03,2016-07-09,2016,125,25.62857142857143,99.9
RIO SAN JUAN,2016-07-03,2016-07-09,2016,141,25.65714285714286,56.9
RIVAS,2016-07-03,2016-07-09,2016,151,26.257142857142856,54.9
ZELAYA CENTRAL,2016-07-03,2016-07-09,2016,88,24.6,67.6
BILWI,2016-07-10,2016-07-16,2016,85,27.085714285714285,34.2
BOACO,2016-07-10,2016-07-16,2016,203,25.114285714285714,11.6
CARAZO,2016-07-10,2016-07-16,2016,58,24.65714285714286,25.200000000000003
CHINANDEGA,2016-07-10,2016-07-16,2016,139,29.5,13.4
CHONTALES,2016-07-10,2016-07-16,2016,169,26.214285714285715,17.6
ESTELI,2016-07-10,2016-07-16,2016,608,24.357142857142858,4.2
GRANADA,2016-07-10,2016-07-16,2016,322,26.9,23.9
JINOTEGA,2016-07-10,2016-07-16,2016,354,21.9,6.3
LEON,2016-07-10,2016-07-16,2016,131,29.142857142857142,6.5
MADRIZ,2016-07-10,2016-07-16,2016,126,24.17142857142857,4.2
MANAGUA,2016-07-10,2016-07-16,2016,572,28.12857142857143,7.3999999999999995
MASAYA,2016-07-10,2016-07-16,2016,137,26.17142857142857,23.9
MATAGALPA,2016-07-10,2016-07-16,2016,596,23.9,6.3
NUEVA SEGOVIA,2016-07-10,2016-07-16,2016,294,24.65714285714286,4.6
REGION AUTONOMA DEL ATLANTICO SUR,2016-07-10,2016-07-16,2016,128,25.7,65.1
RIO SAN JUAN,2016-07-10,2016-07-16,2016,189,25.585714285714285,50
RIVAS,2016-07-10,2016-07-16,2016,114,26.242857142857144,37.5
ZELAYA CENTRAL,2016-07-10,2016-07-16,2016,72,24.785714285714285,54.1
BILWI,2016-07-17,2016-07-23,2016,89,26.442857142857143,60.3
BOACO,2016-07-17,2016-07-23,2016,164,24.5,23.900000000000002
CARAZO,2016-07-17,2016-07-23,2016,61,24.15714285714286,35
CHINANDEGA,2016-07-17,2016-07-23,2016,158,28.442857142857143,20
CHONTALES,2016-07-17,2016-07-23,2016,133,25.57142857142857,24.599999999999998
ESTELI,2016-07-17,2016-07-23,2016,354,23.728571428571428,16.2
GRANADA,2016-07-17,2016-07-23,2016,261,26.457142857142856,24.1
JINOTEGA,2016-07-17,2016-07-23,2016,273,21.314285714285713,20.2
LEON,2016-07-17,2016-07-23,2016,150,27.914285714285715,27.900000000000002
MADRIZ,2016-07-17,2016-07-23,2016,95,23.542857142857144,23
MANAGUA,2016-07-17,2016-07-23,2016,636,27.65714285714286,7.7
MASAYA,2016-07-17,2016-07-23,2016,127,25.65714285714286,24.1
MATAGALPA,2016-07-17,2016-07-23,2016,441,23.3,20.2
NUEVA SEGOVIA,2016-07-17,2016-07-23,2016,431,24,41.6
REGION AUTONOMA DEL ATLANTICO SUR,2016-07-17,2016-07-23,2016,91,25.34285714285714,112.4
RIO SAN JUAN,2016-07-17,2016-07-23,2016,71,25.4,155.1
RIVAS,2016-07-17,2016-07-23,2016,120,26.02857142857143,54.1
ZELAYA CENTRAL,2016-07-17,2016-07-23,2016,65,24.34285714285714,69.8
BILWI,2016-07-24,2016-07-30,2016,50,27.042857142857144,23.1
BOACO,2016-07-24,2016-07-30,2016,217,25.242857142857144,7.7
CARAZO,2016-07-24,2016-07-30,2016,70,24.87142857142857,12.9
CHINANDEGA,2016-07-24,2016-07-30,2016,158,29.114285714285714,20.2
CHONTALES,2016-07-24,2016-07-30,2016,193,26.514285714285716,7.1
ESTELI,2016-07-24,2016-07-30,2016,466,24.5,5.5
GRANADA,2016-07-24,2016-07-30,2016,305,27.12857142857143,19.3
JINOTEGA,2016-07-24,2016-07-30,2016,290,21.97142857142857,6.1
LEON,2016-07-24,2016-07-30,2016,157,29.12857142857143,18.3
MADRIZ,2016-07-24,2016-07-30,2016,127,24.285714285714285,4
MANAGUA,2016-07-24,2016-07-30,2016,571,28.5,7.9
MASAYA,2016-07-24,2016-07-30,2016,140,26.442857142857143,19.3
MATAGALPA,2016-07-24,2016-07-30,2016,445,24.042857142857144,6.1
NUEVA SEGOVIA,2016-07-24,2016-07-30,2016,413,24.7,6.5
REGION AUTONOMA DEL ATLANTICO SUR,2016-07-24,2016-07-30,2016,95,26.04285714285714,47.3
RIO SAN JUAN,2016-07-24,2016-07-30,2016,63,25.728571428571428,36.4
RIVAS,2016-07-24,2016-07-30,2016,121,26.414285714285715,27.6
ZELAYA CENTRAL,2016-07-24,2016-07-30,2016,95,25.014285714285716,43.1
BILWI,2016-07-31,2016-08-06,2016,60,26.62857142857143,64.2
BOACO,2016-07-31,2016-08-06,2016,161,25.15714285714286,47.5
CARAZO,2016-07-31,2016-08-06,2016,49,24.442857142857143,42.1
CHINANDEGA,2016-07-31,2016-08-06,2016,182,27.771428571428572,66.4
CHONTALES,2016-07-31,2016-08-06,2016,134,26.257142857142856,40.5
ESTELI,2016-07-31,2016-08-06,2016,338,23.742857142857144,48.7
GRANADA,2016-07-31,2016-08-06,2016,213,26.914285714285715,40.5
JINOTEGA,2016-07-31,2016-08-06,2016,201,21.957142857142856,36.9
LEON,2016-07-31,2016-08-06,2016,117,27.114285714285714,68.10000000000001
MADRIZ,2016-07-31,2016-08-06,2016,106,23.900000000000002,37.9
MANAGUA,2016-07-31,2016-08-06,2016,529,27.6,39.5
MASAYA,2016-07-31,2016-08-06,2016,80,26.071428571428573,40.5
MATAGALPA,2016-07-31,2016-08-06,2016,444,23.87142857142857,36.9
NUEVA SEGOVIA,2016-07-31,2016-08-06,2016,378,24.428571428571427,39
REGION AUTONOMA DEL ATLANTICO SUR,2016-07-31,2016-08-06,2016,83,25.928571428571427,73.9
RIO SAN JUAN,2016-07-31,2016-08-06,2016,131,26.085714285714285,55.1
RIVAS,2016-07-31,2016-08-06,2016,74,26.485714285714284,37.3
ZELAYA CENTRAL,2016-07-31,2016-08-06,2016,97,24.97142857142857,68.9
BILWI,2016-08-07,2016-08-13,2016,46,27.257142857142856,29.9
BOACO,2016-08-07,2016-08-13,2016,117,25.285714285714285,31.5
CARAZO,2016-08-07,2016-08-13,2016,42,24.97142857142857,19.8
CHINANDEGA,2016-08-07,2016-08-13,2016,178,28.67142857142857,47.7
CHONTALES,2016-08-07,2016-08-13,2016,93,26.642857142857142,21.2
ESTELI,2016-08-07,2016-08-13,2016,299,24.585714285714285,27.599999999999998
GRANADA,2016-08-07,2016-08-13,2016,182,27.285714285714285,33.3
JINOTEGA,2016-08-07,2016-08-13,2016,163,22.428571428571427,18.5
LEON,2016-08-07,2016-08-13,2016,120,28.385714285714286,51.5
MADRIZ,2016-08-07,2016-08-13,2016,88,24.685714285714287,17
MANAGUA,2016-08-07,2016-08-13,2016,448,28.285714285714285,19.9
MASAYA,2016-08-07,2016-08-13,2016,84,26.514285714285712,33.3
MATAGALPA,2016-08-07,2016-08-13,2016,362,24.228571428571428,18.5
NUEVA SEGOVIA,2016-08-07,2016-08-13,2016,302,25.15714285714286,15.8
REGION AUTONOMA DEL ATLANTICO SUR,2016-08-07,2016-08-13,2016,52,26.257142857142856,62.2
RIO SAN JUAN,2016-08-07,2016-08-13,2016,146,26.057142857142857,44.7
RIVAS,2016-08-07,2016-08-13,2016,67,26.714285714285715,34.5
ZELAYA CENTRAL,2016-08-07,2016-08-13,2016,75,25.2,55.5
BILWI,2016-08-14,2016-08-20,2016,31,26.82857142857143,52.8
BOACO,2016-08-14,2016-08-20,2016,136,24.97142857142857,23.4
CARAZO,2016-08-14,2016-08-20,2016,42,24.614285714285714,13.3
CHINANDEGA,2016-08-14,2016-08-20,2016,189,28.54285714285714,28.700000000000003
CHONTALES,2016-08-14,2016-08-20,2016,80,26.32857142857143,20
ESTELI,2016-08-14,2016-08-20,2016,307,24.185714285714283,18.400000000000002
GRANADA,2016-08-14,2016-08-20,2016,144,27,22.2
JINOTEGA,2016-08-14,2016-08-20,2016,119,22.057142857142857,12.4
LEON,2016-08-14,2016-08-20,2016,119,28.271428571428572,32.800000000000004
MADRIZ,2016-08-14,2016-08-20,2016,77,24.07142857142857,8.7
MANAGUA,2016-08-14,2016-08-20,2016,485,27.785714285714285,14.8
MASAYA,2016-08-14,2016-08-20,2016,58,26.15714285714286,22.2
MATAGALPA,2016-08-14,2016-08-20,2016,346,23.928571428571427,12.4
NUEVA SEGOVIA,2016-08-14,2016-08-20,2016,208,24.614285714285714,13.5
REGION AUTONOMA DEL ATLANTICO SUR,2016-08-14,2016-08-20,2016,35,26.285714285714285,61.4
RIO SAN JUAN,2016-08-14,2016-08-20,2016,116,25.885714285714286,31.9
RIVAS,2016-08-14,2016-08-20,2016,60,26.52857142857143,52.1
ZELAYA CENTRAL,2016-08-14,2016-08-20,2016,72,25.185714285714287,54.5
BILWI,2016-08-21,2016-08-27,2016,22,26.957142857142856,26.6
BOACO,2016-08-21,2016-08-27,2016,176,25.257142857142856,23.1
CARAZO,2016-08-21,2016-08-27,2016,47,24.785714285714285,22.099999999999998
CHINANDEGA,2016-08-21,2016-08-27,2016,170,28.228571428571428,66
CHONTALES,2016-08-21,2016-08-27,2016,84,26.514285714285712,23.3
ESTELI,2016-08-21,2016-08-27,2016,284,24.15714285714286,33.5
GRANADA,2016-08-21,2016-08-27,2016,116,27.185714285714287,20
JINOTEGA,2016-08-21,2016-08-27,2016,126,22.17142857142857,23.200000000000003
LEON,2016-08-21,2016-08-27,2016,103,27.757142857142856,104.39999999999999
MADRIZ,2016-08-21,2016-08-27,2016,63,24.357142857142858,19.7
MANAGUA,2016-08-21,2016-08-27,2016,360,28.042857142857144,18.6
MASAYA,2016-08-21,2016-08-27,2016,71,26.34285714285714,20
MATAGALPA,2016-08-21,2016-08-27,2016,287,24.114285714285714,23.200000000000003
NUEVA SEGOVIA,2016-08-21,2016-08-27,2016,181,25,27.3
REGION AUTONOMA DEL ATLANTICO SUR,2016-08-21,2016-08-27,2016,34,26.45714285714286,42.7
RIO SAN JUAN,2016-08-21,2016-08-27,2016,107,26.142857142857142,36.2
RIVAS,2016-08-21,2016-08-27,2016,69,26.742857142857144,32.7
ZELAYA CENTRAL,2016-08-21,2016-08-27,2016,77,25.400000000000002,35.5
BILWI,2016-08-28,2016-09-03,2016,42,27.057142857142857,34.8
BOACO,2016-08-28,2016-09-03,2016,152,25.042857142857144,67.60000000000001
CARAZO,2016-08-28,2016-09-03,2016,26,24.014285714285716,81.3
CHINANDEGA,2016-08-28,2016-09-03,2016,155,26.47142857142857,92.9
CHONTALES,2016-08-28,2016-09-03,2016,67,26.07142857142857,62.4
ESTELI,2016-08-28,2016-09-03,2016,162,23.057142857142857,110.89999999999999
GRANADA,2016-08-28,2016-09-03,2016,88,26.7,49.2
JINOTEGA,2016-08-28,2016-09-03,2016,105,22.071428571428573,73.7
LEON,2016-08-28,2016-09-03,2016,70,25.92857142857143,88.9
MADRIZ,2016-08-28,2016-09-03,2016,46,23.6,97
MANAGUA,2016-08-28,2016-09-03,2016,243,26.957142857142856,49.8
MASAYA,2016-08-28,2016-09-03,2016,70,25.8,49.2
MATAGALPA,2016-08-28,2016-09-03,2016,248,23.757142857142856,73.7
NUEVA SEGOVIA,2016-08-28,2016-09-03,2016,171,24.385714285714286,72
REGION AUTONOMA DEL ATLANTICO SUR,2016-08-28,2016-09-03,2016,36,26.5,40.5
RIO SAN JUAN,2016-08-28,2016-09-03,2016,82,26.085714285714285,81.60000000000001
RIVAS,2016-08-28,2016-09-03,2016,47,26.400000000000002,58.8
ZELAYA CENTRAL,2016-08-28,2016-09-03,2016,56,25.5,36.9
BILWI,2016-09-04,2016-09-10,2016,69,26.34285714285714,60.4
BOACO,2016-09-04,2016-09-10,2016,129,24.728571428571428,26.9
CARAZO,2016-09-04,2016-09-10,2016,29,24.285714285714285,22.2
CHINANDEGA,2016-09-04,2016-09-10,2016,136,27.65714285714286,40
CHONTALES,2016-09-04,2016-09-10,2016,96,26.042857142857144,16.2
ESTELI,2016-09-04,2016-09-10,2016,177,23.457142857142856,22.7
GRANADA,2016-09-04,2016-09-10,2016,82,26.914285714285715,25.2
JINOTEGA,2016-09-04,2016-09-10,2016,69,21.47142857142857,15.4
LEON,2016-09-04,2016-09-10,2016,85,27.34285714285714,58.6
MADRIZ,2016-09-04,2016-09-10,2016,43,23.428571428571427,7
MANAGUA,2016-09-04,2016-09-10,2016,158,27.457142857142856,17.3
MASAYA,2016-09-04,2016-09-10,2016,49,26.014285714285712,25.2
MATAGALPA,2016-09-04,2016-09-10,2016,200,23.37142857142857,15.4
NUEVA SEGOVIA,2016-09-04,2016-09-10,2016,110,23.857142857142858,16.6
REGION AUTONOMA DEL ATLANTICO SUR,2016-09-04,2016-09-10,2016,52,25.557142857142857,110
RIO SAN JUAN,2016-09-04,2016-09-10,2016,122,25.32857142857143,61.2
RIVAS,2016-09-04,2016-09-10,2016,42,26.3,67.9
ZELAYA CENTRAL,2016-09-04,2016-09-10,2016,75,24.485714285714284,71.5
BILWI,2016-09-11,2016-09-17,2016,41,26.357142857142858,55.4
BOACO,2016-09-11,2016-09-17,2016,121,24.442857142857143,69.6
CARAZO,2016-09-11,2016-09-17,2016,24,23.8,91.8
CHINANDEGA,2016-09-11,2016-09-17,2016,92,26.6,112.3
CHONTALES,2016-09-11,2016-09-17,2016,94,25.714285714285715,58.599999999999994
ESTELI,2016-09-11,2016-09-17,2016,135,23.12857142857143,54.6
GRANADA,2016-09-11,2016-09-17,2016,70,26.32857142857143,66.7
JINOTEGA,2016-09-11,2016-09-17,2016,44,21.67142857142857,43.1
LEON,2016-09-11,2016-09-17,2016,44,26.142857142857142,105.8
MADRIZ,2016-09-11,2016-09-17,2016,50,23.571428571428573,36
MANAGUA,2016-09-11,2016-09-17,2016,126,26.757142857142856,49.9
MASAYA,2016-09-11,2016-09-17,2016,37,25.414285714285715,66.7
MATAGALPA,2016-09-11,2016-09-17,2016,179,23.400000000000002,43.1
NUEVA SEGOVIA,2016-09-11,2016-09-17,2016,99,24.1,39
REGION AUTONOMA DEL ATLANTICO SUR,2016-09-11,2016-09-17,2016,54,25.814285714285713,80.4
RIO SAN JUAN,2016-09-11,2016-09-17,2016,107,25.757142857142856,79.1
RIVAS,2016-09-11,2016-09-17,2016,38,26.2,223.1
ZELAYA CENTRAL,2016-09-11,2016-09-17,2016,43,24.685714285714287,63.1
BILWI,2016-09-18,2016-09-24,2016,37,26.085714285714285,68.4
BOACO,2016-09-18,2016-09-24,2016,200,24.6,38.7
CARAZO,2016-09-18,2016-09-24,2016,19,24.37142857142857,21.2
CHINANDEGA,2016-09-18,2016-09-24,2016,78,27.514285714285716,75.3
CHONTALES,2016-09-18,2016-09-24,2016,79,26.071428571428573,33.2
ESTELI,2016-09-18,2016-09-24,2016,125,23.228571428571428,38.3
GRANADA,2016-09-18,2016-09-24,2016,67,26.885714285714286,34.5
JINOTEGA,2016-09-18,2016-09-24,2016,67,21.47142857142857,23
LEON,2016-09-18,2016-09-24,2016,63,27.271428571428572,50.199999999999996
MADRIZ,2016-09-18,2016-09-24,2016,37,23.52857142857143,37.9
MANAGUA,2016-09-18,2016-09-24,2016,183,27.485714285714288,16.7
MASAYA,2016-09-18,2016-09-24,2016,60,25.914285714285715,34.5
MATAGALPA,2016-09-18,2016-09-24,2016,217,23.32857142857143,23
NUEVA SEGOVIA,2016-09-18,2016-09-24,2016,116,24,36.5
REGION AUTONOMA DEL ATLANTICO SUR,2016-09-18,2016-09-24,2016,26,25.514285714285716,76
RIO SAN JUAN,2016-09-18,2016-09-24,2016,70,25.885714285714286,47.8
RIVAS,2016-09-18,2016-09-24,2016,43,26.62857142857143,26.5
ZELAYA CENTRAL,2016-09-18,2016-09-24,2016,74,24.542857142857144,44.8
BILWI,2016-09-25,2016-10-01,2016,50,27.1,35.5
BOACO,2016-09-25,2016-10-01,2016,149,25.228571428571428,12
CARAZO,2016-09-25,2016-10-01,2016,19,24.67142857142857,9.200000000000001
CHINANDEGA,2016-09-25,2016-10-01,2016,114,28.02857142857143,25.1
CHONTALES,2016-09-25,2016-10-01,2016,71,26.557142857142857,11.1
ESTELI,2016-09-25,2016-10-01,2016,135,23.785714285714285,5.8999999999999995
GRANADA,2016-09-25,2016-10-01,2016,61,27.2,20.3
JINOTEGA,2016-09-25,2016-10-01,2016,62,22.099999999999998,6.4
LEON,2016-09-25,2016-10-01,2016,59,27.714285714285715,27.4
MADRIZ,2016-09-25,2016-10-01,2016,28,24.071428571428573,2.8
MANAGUA,2016-09-25,2016-10-01,2016,130,27.942857142857143,10.5
MASAYA,2016-09-25,2016-10-01,2016,79,26.3,20.3
MATAGALPA,2016-09-25,2016-10-01,2016,213,24.014285714285716,6.4
NUEVA SEGOVIA,2016-09-25,2016-10-01,2016,162,24.62857142857143,6.4
REGION AUTONOMA DEL ATLANTICO SUR,2016-09-25,2016-10-01,2016,24,26.042857142857144,56.199999999999996
RIO SAN JUAN,2016-09-25,2016-10-01,2016,62,26.1,38.3
RIVAS,2016-09-25,2016-10-01,2016,41,26.757142857142856,34.1
ZELAYA CENTRAL,2016-09-25,2016-10-01,2016,61,25.1,42.5
BILWI,2016-10-02,2016-10-08,2016,24,26.84285714285714,41.6
BOACO,2016-10-02,2016-10-08,2016,131,24.82857142857143,69.9
CARAZO,2016-10-02,2016-10-08,2016,22,23.9,66.4
CHINANDEGA,2016-10-02,2016-10-08,2016,109,26.442857142857143,77.9
CHONTALES,2016-10-02,2016-10-08,2016,92,25.9,51.5
ESTELI,2016-10-02,2016-10-08,2016,137,22.957142857142856,63.699999999999996
GRANADA,2016-10-02,2016-10-08,2016,53,26.614285714285714,74.39999999999999
JINOTEGA,2016-10-02,2016-10-08,2016,61,21.914285714285715,55.2
LEON,2016-10-02,2016-10-08,2016,64,25.900000000000002,80
MADRIZ,2016-10-02,2016-10-08,2016,22,23.914285714285715,29.9
MANAGUA,2016-10-02,2016-10-08,2016,114,26.9,44.3
MASAYA,2016-10-02,2016-10-08,2016,75,25.685714285714287,74.39999999999999
MATAGALPA,2016-10-02,2016-10-08,2016,206,23.585714285714285,55.2
NUEVA SEGOVIA,2016-10-02,2016-10-08,2016,141,24.87142857142857,26
REGION AUTONOMA DEL ATLANTICO SUR,2016-10-02,2016-10-08,2016,38,26.4,58
RIO SAN JUAN,2016-10-02,2016-10-08,2016,79,26.3,57
RIVAS,2016-10-02,2016-10-08,2016,41,26.285714285714285,50.9
ZELAYA CENTRAL,2016-10-02,2016-10-08,2016,47,25.442857142857143,52
BILWI,2016-10-09,2016-10-15,2016,35,25.97142857142857,72.9
BOACO,2016-10-09,2016-10-15,2016,152,24.557142857142857,43.5
CARAZO,2016-10-09,2016-10-15,2016,17,24.014285714285716,32.3
CHINANDEGA,2016-10-09,2016-10-15,2016,98,27.17142857142857,87.5
CHONTALES,2016-10-09,2016-10-15,2016,88,25.82857142857143,27
ESTELI,2016-10-09,2016-10-15,2016,156,23.142857142857142,61.2
GRANADA,2016-10-09,2016-10-15,2016,47,26.614285714285714,35.2
JINOTEGA,2016-10-09,2016-10-15,2016,90,21.442857142857143,67
LEON,2016-10-09,2016-10-15,2016,55,26.728571428571428,77.4
MADRIZ,2016-10-09,2016-10-15,2016,27,23.47142857142857,20.900000000000002
MANAGUA,2016-10-09,2016-10-15,2016,166,27.114285714285714,23.9
MASAYA,2016-10-09,2016-10-15,2016,74,25.642857142857142,35.2
MATAGALPA,2016-10-09,2016-10-15,2016,184,23.32857142857143,67
NUEVA SEGOVIA,2016-10-09,2016-10-15,2016,168,23.985714285714284,19.3
REGION AUTONOMA DEL ATLANTICO SUR,2016-10-09,2016-10-15,2016,24,25.114285714285714,96.4
RIO SAN JUAN,2016-10-09,2016-10-15,2016,73,25.214285714285715,57.300000000000004
RIVAS,2016-10-09,2016-10-15,2016,58,26.142857142857142,75.8
ZELAYA CENTRAL,2016-10-09,2016-10-15,2016,42,24.1,58.2
BILWI,2016-10-16,2016-10-22,2016,67,25.15714285714286,121.5
BOACO,2016-10-16,2016-10-22,2016,134,23.585714285714285,136.1
CARAZO,2016-10-16,2016-10-22,2016,13,22.914285714285715,164.6
CHINANDEGA,2016-10-16,2016-10-22,2016,70,25.47142857142857,282.2
CHONTALES,2016-10-16,2016-10-22,2016,85,24.82857142857143,220.2
ESTELI,2016-10-16,2016-10-22,2016,135,22.042857142857144,194
GRANADA,2016-10-16,2016-10-22,2016,51,25.557142857142857,158.4
JINOTEGA,2016-10-16,2016-10-22,2016,59,20.7,134
LEON,2016-10-16,2016-10-22,2016,46,24.92857142857143,297.40000000000003
MADRIZ,2016-10-16,2016-10-22,2016,37,22.32857142857143,179.3
MANAGUA,2016-10-16,2016-10-22,2016,147,25.685714285714287,127.6
MASAYA,2016-10-16,2016-10-22,2016,69,24.614285714285714,158.4
MATAGALPA,2016-10-16,2016-10-22,2016,174,22.385714285714286,134
NUEVA SEGOVIA,2016-10-16,2016-10-22,2016,137,22.84285714285714,141
REGION AUTONOMA DEL ATLANTICO SUR,2016-10-16,2016-10-22,2016,23,24.985714285714284,143.3
RIO SAN JUAN,2016-10-16,2016-10-22,2016,80,25.6,77.4
RIVAS,2016-10-16,2016-10-22,2016,42,25.442857142857143,189.7
ZELAYA CENTRAL,2016-10-16,2016-10-22,2016,40,24,142.2
BILWI,2016-10-23,2016-10-29,2016,78,25.52857142857143,58.900000000000006
BOACO,2016-10-23,2016-10-29,2016,149,24.400000000000002,15.4
CARAZO,2016-10-23,2016-10-29,2016,13,23.957142857142856,14.7
CHINANDEGA,2016-10-23,2016-10-29,2016,92,27.228571428571428,11.700000000000001
CHONTALES,2016-10-23,2016-10-29,2016,99,25.62857142857143,19.4
ESTELI,2016-10-23,2016-10-29,2016,131,22.34285714285714,18.3
GRANADA,2016-10-23,2016-10-29,2016,48,26.7,16.2
JINOTEGA,2016-10-23,2016-10-29,2016,47,20.742857142857144,15
LEON,2016-10-23,2016-10-29,2016,37,26.728571428571428,28.5
MADRIZ,2016-10-23,2016-10-29,2016,31,22.7,7.6
MANAGUA,2016-10-23,2016-10-29,2016,152,26.95714285714286,9.2
MASAYA,2016-10-23,2016-10-29,2016,64,25.685714285714287,16.2
MATAGALPA,2016-10-23,2016-10-29,2016,154,22.67142857142857,15
NUEVA SEGOVIA,2016-10-23,2016-10-29,2016,138,23.042857142857144,12.799999999999999
REGION AUTONOMA DEL ATLANTICO SUR,2016-10-23,2016-10-29,2016,21,25.114285714285714,70
RIO SAN JUAN,2016-10-23,2016-10-29,2016,61,25.442857142857143,45.6
RIVAS,2016-10-23,2016-10-29,2016,53,26.385714285714286,17.5
ZELAYA CENTRAL,2016-10-23,2016-10-29,2016,42,24.32857142857143,50.1
BILWI,2016-10-30,2016-11-05,2016,39,25.84285714285714,39.5
BOACO,2016-10-30,2016-11-05,2016,136,24.228571428571428,44.9
CARAZO,2016-10-30,2016-11-05,2016,16,23.614285714285714,67.7
CHINANDEGA,2016-10-30,2016-11-05,2016,77,26.47142857142857,81.6
CHONTALES,2016-10-30,2016-11-05,2016,76,25.52857142857143,43.1
ESTELI,2016-10-30,2016-11-05,2016,123,22.642857142857142,61.3
GRANADA,2016-10-30,2016-11-05,2016,58,26.257142857142856,51.1
JINOTEGA,2016-10-30,2016-11-05,2016,46,21.02857142857143,43.5
LEON,2016-10-30,2016-11-05,2016,31,25.928571428571427,104.7
MADRIZ,2016-10-30,2016-11-05,2016,23,23.185714285714287,24.2
MANAGUA,2016-10-30,2016-11-05,2016,136,26.614285714285714,25.8
MASAYA,2016-10-30,2016-11-05,2016,78,25.3,51.1
MATAGALPA,2016-10-30,2016-11-05,2016,136,22.757142857142856,43.5
NUEVA SEGOVIA,2016-10-30,2016-11-05,2016,124,23.628571428571426,33.7
REGION AUTONOMA DEL ATLANTICO SUR,2016-10-30,2016-11-05,2016,27,25.214285714285715,62.6
RIO SAN JUAN,2016-10-30,2016-11-05,2016,62,25.357142857142858,62
RIVAS,2016-10-30,2016-11-05,2016,62,26.15714285714286,62.2
ZELAYA CENTRAL,2016-10-30,2016-11-05,2016,56,24.385714285714286,44.4
BILWI,2016-11-06,2016-11-12,2016,27,25.428571428571427,36
BOACO,2016-11-06,2016-11-12,2016,145,24.314285714285713,1.6
CARAZO,2016-11-06,2016-11-12,2016,16,24.04285714285714,25.5
CHINANDEGA,2016-11-06,2016-11-12,2016,79,27.357142857142858,3.3000000000000003
CHONTALES,2016-11-06,2016-11-12,2016,116,25.757142857142856,18.5
ESTELI,2016-11-06,2016-11-12,2016,159,22.514285714285716,4.8
GRANADA,2016-11-06,2016-11-12,2016,81,26.714285714285715,16.3
JINOTEGA,2016-11-06,2016-11-12,2016,46,20.785714285714285,5.6
LEON,2016-11-06,2016-11-12,2016,61,26.942857142857143,9
MADRIZ,2016-11-06,2016-11-12,2016,11,22.557142857142857,2.8000000000000003
MANAGUA,2016-11-06,2016-11-12,2016,140,27.228571428571428,6
MASAYA,2016-11-06,2016-11-12,2016,93,25.7,16.3
MATAGALPA,2016-11-06,2016-11-12,2016,185,22.7,5.6
NUEVA SEGOVIA,2016-11-06,2016-11-12,2016,128,23,8.2
REGION AUTONOMA DEL ATLANTICO SUR,2016-11-06,2016-11-12,2016,25,25.385714285714286,56.7
RIO SAN JUAN,2016-11-06,2016-11-12,2016,85,25.557142857142857,39.2
RIVAS,2016-11-06,2016-11-12,2016,67,26.357142857142858,77.3
ZELAYA CENTRAL,2016-11-06,2016-11-12,2016,75,24.442857142857143,40.2
BILWI,2016-11-13,2016-11-19,2016,21,24.34285714285714,102.2
BOACO,2016-11-13,2016-11-19,2016,151,23.95714285714286,19.5
CARAZO,2016-11-13,2016-11-19,2016,31,23.585714285714285,33.3
CHINANDEGA,2016-11-13,2016-11-19,2016,69,26.928571428571427,20.9
CHONTALES,2016-11-13,2016-11-19,2016,131,25.271428571428572,38.2
ESTELI,2016-11-13,2016-11-19,2016,121,22.32857142857143,22.700000000000003
GRANADA,2016-11-13,2016-11-19,2016,88,26.357142857142858,29.1
JINOTEGA,2016-11-13,2016-11-19,2016,29,20.414285714285715,18.8
LEON,2016-11-13,2016-11-19,2016,51,26.3,63.1
MADRIZ,2016-11-13,2016-11-19,2016,23,22.32857142857143,16.6
MANAGUA,2016-11-13,2016-11-19,2016,100,26.8,19.8
MASAYA,2016-11-13,2016-11-19,2016,64,25.4,29.1
MATAGALPA,2016-11-13,2016-11-19,2016,198,22.414285714285715,18.8
NUEVA SEGOVIA,2016-11-13,2016-11-19,2016,130,22.742857142857144,28
REGION AUTONOMA DEL ATLANTICO SUR,2016-11-13,2016-11-19,2016,20,24.15714285714286,161.20000000000002
RIO SAN JUAN,2016-11-13,2016-11-19,2016,95,24.757142857142856,94.3
RIVAS,2016-11-13,2016-11-19,2016,91,26.042857142857144,32.2
ZELAYA CENTRAL,2016-11-13,2016-11-19,2016,81,23.614285714285714,96.6
BILWI,2016-11-20,2016-11-26,2016,19,24.785714285714285,101.7
BOACO,2016-11-20,2016-11-26,2016,133,23.599999999999998,12.299999999999999
CARAZO,2016-11-20,2016-11-26,2016,23,23.12857142857143,21.2
CHINANDEGA,2016-11-20,2016-11-26,2016,75,26.428571428571427,5.1
CHONTALES,2016-11-20,2016-11-26,2016,129,24.685714285714287,20.7
ESTELI,2016-11-20,2016-11-26,2016,129,22,6.8
GRANADA,2016-11-20,2016-11-26,2016,73,25.97142857142857,21.1
JINOTEGA,2016-11-20,2016-11-26,2016,48,19.900000000000002,8.9
LEON,2016-11-20,2016-11-26,2016,46,25.957142857142856,17.4
MADRIZ,2016-11-20,2016-11-26,2016,15,21.52857142857143,10.299999999999999
MANAGUA,2016-11-20,2016-11-26,2016,87,26.271428571428572,8.5
MASAYA,2016-11-20,2016-11-26,2016,41,24.9,21.1
MATAGALPA,2016-11-20,2016-11-26,2016,203,22.114285714285714,8.9
NUEVA SEGOVIA,2016-11-20,2016-11-26,2016,103,21.885714285714286,18.4
REGION AUTONOMA DEL ATLANTICO SUR,2016-11-20,2016-11-26,2016,20,24.257142857142856,133.5
RIO SAN JUAN,2016-11-20,2016-11-26,2016,96,24.685714285714287,83.6
RIVAS,2016-11-20,2016-11-26,2016,46,25.685714285714287,38.1
ZELAYA CENTRAL,2016-11-20,2016-11-26,2016,61,23.5,46.9
BILWI,2016-11-27,2016-12-03,2016,31,25.8,7.4
BOACO,2016-11-27,2016-12-03,2016,79,24.514285714285712,3.1
CARAZO,2016-11-27,2016-12-03,2016,22,23.957142857142856,2.1
CHINANDEGA,2016-11-27,2016-12-03,2016,62,27.02857142857143,3.5
CHONTALES,2016-11-27,2016-12-03,2016,65,25.757142857142856,4.3
ESTELI,2016-11-27,2016-12-03,2016,101,22.785714285714285,1.6
GRANADA,2016-11-27,2016-12-03,2016,61,26.514285714285716,3.1
JINOTEGA,2016-11-27,2016-12-03,2016,55,20.942857142857143,2
LEON,2016-11-27,2016-12-03,2016,37,26.414285714285715,6.6
MADRIZ,2016-11-27,2016-12-03,2016,2,22.914285714285715,0.4
MANAGUA,2016-11-27,2016-12-03,2016,180,27.4,0.30000000000000004
MASAYA,2016-11-27,2016-12-03,2016,43,25.6,3.1
MATAGALPA,2016-11-27,2016-12-03,2016,173,22.928571428571427,2
NUEVA SEGOVIA,2016-11-27,2016-12-03,2016,110,23.271428571428572,0.6
REGION AUTONOMA DEL ATLANTICO SUR,2016-11-27,2016-12-03,2016,15,25.385714285714286,28.7
RIO SAN JUAN,2016-11-27,2016-12-03,2016,83,25.314285714285713,31
RIVAS,2016-11-27,2016-12-03,2016,30,26.114285714285714,8.6
ZELAYA CENTRAL,2016-11-27,2016-12-03,2016,39,24.485714285714288,16
BILWI,2016-12-04,2016-12-10,2016,17,25.714285714285715,20.3
BOACO,2016-12-04,2016-12-10,2016,91,24.32857142857143,4.7
CARAZO,2016-12-04,2016-12-10,2016,13,23.65714285714286,20.900000000000002
CHINANDEGA,2016-12-04,2016-12-10,2016,52,26.885714285714286,13.8
CHONTALES,2016-12-04,2016-12-10,2016,64,25.285714285714285,10.1
ESTELI,2016-12-04,2016-12-10,2016,83,22.714285714285715,2.1
GRANADA,2016-12-04,2016-12-10,2016,58,26.099999999999998,14.6
JINOTEGA,2016-12-04,2016-12-10,2016,44,20.885714285714286,1.8
LEON,2016-12-04,2016-12-10,2016,20,26.45714285714286,7.4
MADRIZ,2016-12-04,2016-12-10,2016,10,22.9,3.1
MANAGUA,2016-12-04,2016-12-10,2016,192,27.014285714285716,4.8
MASAYA,2016-12-04,2016-12-10,2016,35,25.285714285714285,14.6
MATAGALPA,2016-12-04,2016-12-10,2016,168,22.914285714285715,1.8
NUEVA SEGOVIA,2016-12-04,2016-12-10,2016,87,23.514285714285712,3.6
REGION AUTONOMA DEL ATLANTICO SUR,2016-12-04,2016-12-10,2016,13,25.04285714285714,40.8
RIO SAN JUAN,2016-12-04,2016-12-10,2016,70,25,63.9
RIVAS,2016-12-04,2016-12-10,2016,38,25.714285714285715,60.6
ZELAYA CENTRAL,2016-12-04,2016-12-10,2016,30,24.057142857142857,38.9
BILWI,2016-12-11,2016-12-17,2016,24,25.04285714285714,85
BOACO,2016-12-11,2016-12-17,2016,116,23.15714285714286,41
CARAZO,2016-12-11,2016-12-17,2016,52,23.185714285714283,25.8
CHINANDEGA,2016-12-11,2016-12-17,2016,50,27.3,10.8
CHONTALES,2016-12-11,2016-12-17,2016,63,24.4,51.300000000000004
ESTELI,2016-12-11,2016-12-17,2016,84,22.12857142857143,24.299999999999997
GRANADA,2016-12-11,2016-12-17,2016,117,25.485714285714288,39
JINOTEGA,2016-12-11,2016-12-17,2016,72,19.9,38.1
LEON,2016-12-11,2016-12-17,2016,13,26.757142857142856,10.9
MADRIZ,2016-12-11,2016-12-17,2016,10,21.442857142857143,23.099999999999998
MANAGUA,2016-12-11,2016-12-17,2016,136,26.185714285714287,21.2
MASAYA,2016-12-11,2016-12-17,2016,37,24.571428571428573,39
MATAGALPA,2016-12-11,2016-12-17,2016,152,21.9,38.1
NUEVA SEGOVIA,2016-12-11,2016-12-17,2016,112,21.885714285714286,28.400000000000002
REGION AUTONOMA DEL ATLANTICO SUR,2016-12-11,2016-12-17,2016,22,24.57142857142857,108.2
RIO SAN JUAN,2016-12-11,2016-12-17,2016,108,24.757142857142856,111.6
RIVAS,2016-12-11,2016-12-17,2016,38,25.185714285714287,82.2
ZELAYA CENTRAL,2016-12-11,2016-12-17,2016,45,23.485714285714284,86.60000000000001
BILWI,2016-12-18,2016-12-24,2016,15,25.12857142857143,39
BOACO,2016-12-18,2016-12-24,2016,53,23.37142857142857,2.9
CARAZO,2016-12-18,2016-12-24,2016,19,23.514285714285716,1.3
CHINANDEGA,2016-12-18,2016-12-24,2016,44,27.914285714285715,0.6
CHONTALES,2016-12-18,2016-12-24,2016,68,24.67142857142857,4.6
ESTELI,2016-12-18,2016-12-24,2016,57,22.114285714285714,2.3
GRANADA,2016-12-18,2016-12-24,2016,76,25.771428571428572,4.6000000000000005
JINOTEGA,2016-12-18,2016-12-24,2016,63,19.82857142857143,5.8
LEON,2016-12-18,2016-12-24,2016,15,27.357142857142858,0.4
MADRIZ,2016-12-18,2016-12-24,2016,18,21.8,6.8999999999999995
MANAGUA,2016-12-18,2016-12-24,2016,93,26.757142857142856,0.1
MASAYA,2016-12-18,2016-12-24,2016,24,24.942857142857143,4.6000000000000005
MATAGALPA,2016-12-18,2016-12-24,2016,114,21.97142857142857,5.8
NUEVA SEGOVIA,2016-12-18,2016-12-24,2016,47,22.271428571428572,10.799999999999999
REGION AUTONOMA DEL ATLANTICO SUR,2016-12-18,2016-12-24,2016,15,24.37142857142857,51.9
RIO SAN JUAN,2016-12-18,2016-12-24,2016,51,24.728571428571428,57
RIVAS,2016-12-18,2016-12-24,2016,30,25.32857142857143,14.799999999999999
ZELAYA CENTRAL,2016-12-18,2016-12-24,2016,21,23.485714285714284,48.2
BILWI,2016-12-25,2016-12-31,2016,9,24.84285714285714,45.1
BOACO,2016-12-25,2016-12-31,2016,40,23.085714285714285,3.7
CARAZO,2016-12-25,2016-12-31,2016,14,23.485714285714284,0.5
CHINANDEGA,2016-12-25,2016-12-31,2016,24,27.97142857142857,2.8000000000000003
CHONTALES,2016-12-25,2016-12-31,2016,41,24.5,2.3
ESTELI,2016-12-25,2016-12-31,2016,60,21.885714285714286,1.3
GRANADA,2016-12-25,2016-12-31,2016,60,25.685714285714287,2.1
JINOTEGA,2016-12-25,2016-12-31,2016,76,19.428571428571427,3.3000000000000003
LEON,2016-12-25,2016-12-31,2016,15,27.357142857142858,1.7
MADRIZ,2016-12-25,2016-12-31,2016,23,21.071428571428573,1.9
MANAGUA,2016-12-25,2016-12-31,2016,95,26.714285714285715,1.4
MASAYA,2016-12-25,2016-12-31,2016,29,24.8,2.1
MATAGALPA,2016-12-25,2016-12-31,2016,109,21.6,3.3000000000000003
NUEVA SEGOVIA,2016-12-25,2016-12-31,2016,53,21.45714285714286,3.6
REGION AUTONOMA DEL ATLANTICO SUR,2016-12-25,2016-12-31,2016,6,24.4,47.7
RIO SAN JUAN,2016-12-25,2016-12-31,2016,31,24.514285714285716,56.5
RIVAS,2016-12-25,2016-12-31,2016,42,25.2,9.7
ZELAYA CENTRAL,2016-12-25,2016-12-31,2016,16,23.385714285714286,48.6
BILWI,2017-01-01,2017-01-07,2017,13,25.257142857142856,15.4
BOACO,2017-01-01,2017-01-07,2017,93,23.15714285714286,1
CARAZO,2017-01-01,2017-01-07,2017,18,23.271428571428572,1
CHINANDEGA,2017-01-01,2017-01-07,2017,32,26.857142857142858,1.2
CHONTALES,2017-01-01,2017-01-07,2017,98,25.442857142857143,1.8
ESTELI,2017-01-01,2017-01-07,2017,57,21.4,0.4
GRANADA,2017-01-01,2017-01-07,2017,66,26.114285714285714,4.2
JINOTEGA,2017-01-01,2017-01-07,2017,89,19.785714285714285,1.8
LEON,2017-01-01,2017-01-07,2017,15,28,0.9
MADRIZ,2017-01-01,2017-01-07,2017,20,22.02857142857143,2.4
MANAGUA,2017-01-01,2017-01-07,2017,102,26.82857142857143,1.2
MASAYA,2017-01-01,2017-01-07,2017,46,23.9,3.5
MATAGALPA,2017-01-01,2017-01-07,2017,133,22.042857142857144,0.2
NUEVA SEGOVIA,2017-01-01,2017-01-07,2017,137,23.2,0.4
REGION AUTONOMA DEL ATLANTICO SUR,2017-01-01,2017-01-07,2017,13,25.17142857142857,53.300000000000004
RIO SAN JUAN,2017-01-01,2017-01-07,2017,84,25.12857142857143,6.8
RIVAS,2017-01-01,2017-01-07,2017,41,25.942857142857143,2.4000000000000004
ZELAYA CENTRAL,2017-01-01,2017-01-07,2017,56,24.042857142857144,35.1
BILWI,2017-01-08,2017-01-14,2017,6,24.5,27.6
BOACO,2017-01-08,2017-01-14,2017,90,21.885714285714286,0.5
CARAZO,2017-01-08,2017-01-14,2017,16,22.45714285714286,0.1
CHINANDEGA,2017-01-08,2017-01-14,2017,31,27.942857142857143,0
CHONTALES,2017-01-08,2017-01-14,2017,99,24.257142857142856,1.1
ESTELI,2017-01-08,2017-01-14,2017,64,19.714285714285715,0.4
GRANADA,2017-01-08,2017-01-14,2017,51,25.428571428571427,5.4
JINOTEGA,2017-01-08,2017-01-14,2017,62,17.84285714285714,4.6000000000000005
LEON,2017-01-08,2017-01-14,2017,25,28.17142857142857,0
MADRIZ,2017-01-08,2017-01-14,2017,11,20.7,4.5
MANAGUA,2017-01-08,2017-01-14,2017,93,26.071428571428573,3.2
MASAYA,2017-01-08,2017-01-14,2017,49,23.34285714285714,6.2
MATAGALPA,2017-01-08,2017-01-14,2017,116,20.742857142857144,0
NUEVA SEGOVIA,2017-01-08,2017-01-14,2017,109,21.87142857142857,0.7
REGION AUTONOMA DEL ATLANTICO SUR,2017-01-08,2017-01-14,2017,14,23.757142857142856,164.2
RIO SAN JUAN,2017-01-08,2017-01-14,2017,66,23.942857142857143,24.299999999999997
RIVAS,2017-01-08,2017-01-14,2017,46,25.214285714285715,2.7
ZELAYA CENTRAL,2017-01-08,2017-01-14,2017,70,22.614285714285714,54.3
BILWI,2017-01-15,2017-01-21,2017,25,24.785714285714285,18.8
BOACO,2017-01-15,2017-01-21,2017,78,22.542857142857144,1
CARAZO,2017-01-15,2017-01-21,2017,8,22.52857142857143,2
CHINANDEGA,2017-01-15,2017-01-21,2017,32,27.085714285714285,0.2
CHONTALES,2017-01-15,2017-01-21,2017,76,24.642857142857142,2.4
ESTELI,2017-01-15,2017-01-21,2017,64,21.12857142857143,0.5
GRANADA,2017-01-15,2017-01-21,2017,26,25.214285714285715,5.3
JINOTEGA,2017-01-15,2017-01-21,2017,79,19.085714285714285,2.7
LEON,2017-01-15,2017-01-21,2017,14,27.814285714285713,0.9
MADRIZ,2017-01-15,2017-01-21,2017,5,21.65714285714286,3.3
MANAGUA,2017-01-15,2017-01-21,2017,96,26.17142857142857,2.4
MASAYA,2017-01-15,2017-01-21,2017,96,23.257142857142856,4.3
MATAGALPA,2017-01-15,2017-01-21,2017,127,21.514285714285712,0.8
NUEVA SEGOVIA,2017-01-15,2017-01-21,2017,106,22.9,1.1
REGION AUTONOMA DEL ATLANTICO SUR,2017-01-15,2017-01-21,2017,13,24.15714285714286,81.5
RIO SAN JUAN,2017-01-15,2017-01-21,2017,43,24.457142857142856,14.4
RIVAS,2017-01-15,2017-01-21,2017,53,25.04285714285714,4.7
ZELAYA CENTRAL,2017-01-15,2017-01-21,2017,68,22.65714285714286,48.4
BILWI,2017-01-22,2017-01-28,2017,13,24.714285714285715,4.8
BOACO,2017-01-22,2017-01-28,2017,67,23.257142857142856,1
CARAZO,2017-01-22,2017-01-28,2017,12,23.02857142857143,0.8999999999999999
CHINANDEGA,2017-01-22,2017-01-28,2017,36,25.914285714285715,3
CHONTALES,2017-01-22,2017-01-28,2017,85,25.185714285714287,2.7
ESTELI,2017-01-22,2017-01-28,2017,68,21.87142857142857,0.1
GRANADA,2017-01-22,2017-01-28,2017,35,25.52857142857143,1.5999999999999999
JINOTEGA,2017-01-22,2017-01-28,2017,85,19.52857142857143,7.7
LEON,2017-01-22,2017-01-28,2017,14,26.757142857142856,2.7
MADRIZ,2017-01-22,2017-01-28,2017,10,22.37142857142857,0.4
MANAGUA,2017-01-22,2017-01-28,2017,151,26.42857142857143,1.6
MASAYA,2017-01-22,2017-01-28,2017,119,23.585714285714285,1.5999999999999999
MATAGALPA,2017-01-22,2017-01-28,2017,135,22,21.700000000000003
NUEVA SEGOVIA,2017-01-22,2017-01-28,2017,125,23.54285714285714,0.1
REGION AUTONOMA DEL ATLANTICO SUR,2017-01-22,2017-01-28,2017,28,25.042857142857144,13.4
RIO SAN JUAN,2017-01-22,2017-01-28,2017,71,24.485714285714288,3.9
RIVAS,2017-01-22,2017-01-28,2017,45,25.4,2.4
ZELAYA CENTRAL,2017-01-22,2017-01-28,2017,61,23.542857142857144,8.4
BILWI,2017-01-29,2017-02-04,2017,12,24.84285714285714,18.8
BOACO,2017-01-29,2017-02-04,2017,58,23.142857142857142,0.30000000000000004
CARAZO,2017-01-29,2017-02-04,2017,10,23.5,0
CHINANDEGA,2017-01-29,2017-02-04,2017,28,28.814285714285713,0
CHONTALES,2017-01-29,2017-02-04,2017,77,25.485714285714284,0.7000000000000001
ESTELI,2017-01-29,2017-02-04,2017,68,21.314285714285713,0.4
GRANADA,2017-01-29,2017-02-04,2017,39,26.3,1.4
JINOTEGA,2017-01-29,2017-02-04,2017,52,19.15714285714286,0.8
LEON,2017-01-29,2017-02-04,2017,5,29.457142857142856,0.30000000000000004
MADRIZ,2017-01-29,2017-02-04,2017,10,22.32857142857143,2.4
MANAGUA,2017-01-29,2017-02-04,2017,154,27.142857142857142,0.1
MASAYA,2017-01-29,2017-02-04,2017,91,24.285714285714285,0.5
MATAGALPA,2017-01-29,2017-02-04,2017,120,21.885714285714286,0
NUEVA SEGOVIA,2017-01-29,2017-02-04,2017,116,23.185714285714287,0.30000000000000004
REGION AUTONOMA DEL ATLANTICO SUR,2017-01-29,2017-02-04,2017,20,24.928571428571427,47.5
RIO SAN JUAN,2017-01-29,2017-02-04,2017,78,24.785714285714285,8.8
RIVAS,2017-01-29,2017-02-04,2017,37,26.15714285714286,0
ZELAYA CENTRAL,2017-01-29,2017-02-04,2017,41,23.571428571428573,30.4
BILWI,2017-02-05,2017-02-11,2017,63,25.771428571428572,17.1
BOACO,2017-02-05,2017-02-11,2017,322,23.62857142857143,0.30000000000000004
CARAZO,2017-02-05,2017-02-11,2017,65,23.942857142857143,0.2
CHINANDEGA,2017-02-05,2017-02-11,2017,250,29.057142857142857,0.1
CHONTALES,2017-02-05,2017-02-11,2017,434,26.114285714285714,1.3
ESTELI,2017-02-05,2017-02-11,2017,539,22.02857142857143,0
GRANADA,2017-02-05,2017-02-11,2017,258,26.728571428571428,3.1
JINOTEGA,2017-02-05,2017-02-11,2017,343,19.742857142857144,1.3
LEON,2017-02-05,2017-02-11,2017,70,29.97142857142857,0.5
MADRIZ,2017-02-05,2017-02-11,2017,97,22.857142857142858,3
MANAGUA,2017-02-05,2017-02-11,2017,773,27.614285714285714,0.2
MASAYA,2017-02-05,2017-02-11,2017,420,24.728571428571428,2.9
MATAGALPA,2017-02-05,2017-02-11,2017,682,22.37142857142857,0.1
NUEVA SEGOVIA,2017-02-05,2017-02-11,2017,647,23.82857142857143,0
REGION AUTONOMA DEL ATLANTICO SUR,2017-02-05,2017-02-11,2017,108,25.814285714285713,29.3
RIO SAN JUAN,2017-02-05,2017-02-11,2017,431,25.34285714285714,9.5
RIVAS,2017-02-05,2017-02-11,2017,204,26.642857142857142,2.6
ZELAYA CENTRAL,2017-02-05,2017-02-11,2017,201,24.32857142857143,22.1
BILWI,2017-02-12,2017-02-18,2017,11,25.285714285714285,4.8
BOACO,2017-02-12,2017-02-18,2017,56,23.47142857142857,0
CARAZO,2017-02-12,2017-02-18,2017,21,23.65714285714286,0
CHINANDEGA,2017-02-12,2017-02-18,2017,46,27.4,1.4
CHONTALES,2017-02-12,2017-02-18,2017,111,25.571428571428573,0.7
ESTELI,2017-02-12,2017-02-18,2017,57,22.571428571428573,0.2
GRANADA,2017-02-12,2017-02-18,2017,46,26.185714285714287,0.30000000000000004
JINOTEGA,2017-02-12,2017-02-18,2017,73,19.542857142857144,0.9
LEON,2017-02-12,2017-02-18,2017,16,28.12857142857143,0.3
MADRIZ,2017-02-12,2017-02-18,2017,20,23.071428571428573,1
MANAGUA,2017-02-12,2017-02-18,2017,164,27.185714285714287,0
MASAYA,2017-02-12,2017-02-18,2017,76,24.071428571428573,0.30000000000000004
MATAGALPA,2017-02-12,2017-02-18,2017,150,22.314285714285713,0.5
NUEVA SEGOVIA,2017-02-12,2017-02-18,2017,159,23.928571428571427,0.1
REGION AUTONOMA DEL ATLANTICO SUR,2017-02-12,2017-02-18,2017,23,25.085714285714285,18.1
RIO SAN JUAN,2017-02-12,2017-02-18,2017,99,24.87142857142857,4.9
RIVAS,2017-02-12,2017-02-18,2017,51,26.15714285714286,0.4
ZELAYA CENTRAL,2017-02-12,2017-02-18,2017,29,23.257142857142856,10.2
BILWI,2017-02-19,2017-02-25,2017,15,25.6,6.1
BOACO,2017-02-19,2017-02-25,2017,56,24.728571428571428,2.3
CARAZO,2017-02-19,2017-02-25,2017,13,24.17142857142857,0.6000000000000001
CHINANDEGA,2017-02-19,2017-02-25,2017,63,26.8,3.2
CHONTALES,2017-02-19,2017-02-25,2017,64,26.62857142857143,1.5
ESTELI,2017-02-19,2017-02-25,2017,111,23.12857142857143,7.4
GRANADA,2017-02-19,2017-02-25,2017,55,26.7,1.1
JINOTEGA,2017-02-19,2017-02-25,2017,70,21.02857142857143,2.5
LEON,2017-02-19,2017-02-25,2017,10,27.542857142857144,3.1
MADRIZ,2017-02-19,2017-02-25,2017,27,24.12857142857143,1.1
MANAGUA,2017-02-19,2017-02-25,2017,161,27.5,1.6
MASAYA,2017-02-19,2017-02-25,2017,88,25,0.2
MATAGALPA,2017-02-19,2017-02-25,2017,134,23.742857142857144,6.7
NUEVA SEGOVIA,2017-02-19,2017-02-25,2017,118,25.12857142857143,1.4
REGION AUTONOMA DEL ATLANTICO SUR,2017-02-19,2017-02-25,2017,22,25.685714285714287,6.7
RIO SAN JUAN,2017-02-19,2017-02-25,2017,74,25.9,3
RIVAS,2017-02-19,2017-02-25,2017,41,26.614285714285714,0.5
ZELAYA CENTRAL,2017-02-19,2017-02-25,2017,43,24.5,4.3
BILWI,2017-02-26,2017-03-04,2017,11,26,20.4
BOACO,2017-02-26,2017-03-04,2017,75,23.942857142857143,2
CARAZO,2017-02-26,2017-03-04,2017,10,24.485714285714284,0.4
CHINANDEGA,2017-02-26,2017-03-04,2017,55,29.485714285714284,4.1
CHONTALES,2017-02-26,2017-03-04,2017,90,26.52857142857143,1.4
ESTELI,2017-02-26,2017-03-04,2017,141,22.428571428571427,2.5
GRANADA,2017-02-26,2017-03-04,2017,59,27.257142857142856,4.2
JINOTEGA,2017-02-26,2017-03-04,2017,55,20.099999999999998,8.9
LEON,2017-02-26,2017-03-04,2017,15,29.714285714285715,3.2
MADRIZ,2017-02-26,2017-03-04,2017,21,23.242857142857144,5.6000000000000005
MANAGUA,2017-02-26,2017-03-04,2017,159,27.942857142857143,1.3
MASAYA,2017-02-26,2017-03-04,2017,75,25.3,3.8000000000000003
MATAGALPA,2017-02-26,2017-03-04,2017,125,22.585714285714285,4.7
NUEVA SEGOVIA,2017-02-26,2017-03-04,2017,121,24.02857142857143,1.2
REGION AUTONOMA DEL ATLANTICO SUR,2017-02-26,2017-03-04,2017,32,25.914285714285715,51
RIO SAN JUAN,2017-02-26,2017-03-04,2017,97,25.8,8.2
RIVAS,2017-02-26,2017-03-04,2017,37,27.185714285714287,1.4
ZELAYA CENTRAL,2017-02-26,2017-03-04,2017,39,24.414285714285715,25.9
BILWI,2017-03-05,2017-03-11,2017,9,25.47142857142857,37.9
BOACO,2017-03-05,2017-03-11,2017,66,23.7,1.8
CARAZO,2017-03-05,2017-03-11,2017,8,24.285714285714285,0
CHINANDEGA,2017-03-05,2017-03-11,2017,51,30.285714285714285,0.3
CHONTALES,2017-03-05,2017-03-11,2017,78,26.242857142857144,1.8
ESTELI,2017-03-05,2017-03-11,2017,146,22.314285714285713,0.4
GRANADA,2017-03-05,2017-03-11,2017,54,27.07142857142857,1.5
JINOTEGA,2017-03-05,2017-03-11,2017,81,19.97142857142857,2.7
LEON,2017-03-05,2017-03-11,2017,8,30.21428571428571,0.9
MADRIZ,2017-03-05,2017-03-11,2017,15,22.985714285714288,7.4
MANAGUA,2017-03-05,2017-03-11,2017,108,27.87142857142857,0.6000000000000001
MASAYA,2017-03-05,2017-03-11,2017,75,25.214285714285715,1.5
MATAGALPA,2017-03-05,2017-03-11,2017,130,22.52857142857143,0.6000000000000001
NUEVA SEGOVIA,2017-03-05,2017-03-11,2017,141,23.9,0.8
REGION AUTONOMA DEL ATLANTICO SUR,2017-03-05,2017-03-11,2017,14,25.52857142857143,46.5
RIO SAN JUAN,2017-03-05,2017-03-11,2017,60,25.6,12.1
RIVAS,2017-03-05,2017-03-11,2017,47,27.057142857142857,2.9
ZELAYA CENTRAL,2017-03-05,2017-03-11,2017,49,24.128571428571426,32.800000000000004
BILWI,2017-03-12,2017-03-18,2017,4,25.071428571428573,24.3
BOACO,2017-03-12,2017-03-18,2017,44,24.314285714285713,2.8
CARAZO,2017-03-12,2017-03-18,2017,16,24.914285714285715,0.4
CHINANDEGA,2017-03-12,2017-03-18,2017,52,29.84285714285714,5.1000000000000005
CHONTALES,2017-03-12,2017-03-18,2017,80,26.571428571428573,2.8
ESTELI,2017-03-12,2017-03-18,2017,137,23.042857142857144,1
GRANADA,2017-03-12,2017-03-18,2017,81,27.442857142857143,2.6
JINOTEGA,2017-03-12,2017-03-18,2017,71,20.571428571428573,6
LEON,2017-03-12,2017-03-18,2017,12,30.557142857142857,2.5
MADRIZ,2017-03-12,2017-03-18,2017,37,24.014285714285712,2.1
MANAGUA,2017-03-12,2017-03-18,2017,105,28.5,1.2
MASAYA,2017-03-12,2017-03-18,2017,62,25.814285714285713,3.2
MATAGALPA,2017-03-12,2017-03-18,2017,133,23.442857142857143,1.9000000000000001
NUEVA SEGOVIA,2017-03-12,2017-03-18,2017,124,24.742857142857144,0.8
REGION AUTONOMA DEL ATLANTICO SUR,2017-03-12,2017-03-18,2017,15,25.285714285714285,56.9
RIO SAN JUAN,2017-03-12,2017-03-18,2017,87,26.07142857142857,8
RIVAS,2017-03-12,2017-03-18,2017,47,27.442857142857143,0.9
ZELAYA CENTRAL,2017-03-12,2017-03-18,2017,41,24.52857142857143,25.5
BILWI,2017-03-19,2017-03-25,2017,6,24.15714285714286,31.3
BOACO,2017-03-19,2017-03-25,2017,67,24.085714285714285,0.5
CARAZO,2017-03-19,2017-03-25,2017,7,24.628571428571426,0.30000000000000004
CHINANDEGA,2017-03-19,2017-03-25,2017,57,29.414285714285715,0
CHONTALES,2017-03-19,2017-03-25,2017,66,26.257142857142856,0.2
ESTELI,2017-03-19,2017-03-25,2017,137,22.442857142857143,0.6
GRANADA,2017-03-19,2017-03-25,2017,78,27.142857142857142,0.5
JINOTEGA,2017-03-19,2017-03-25,2017,90,19.67142857142857,4.2
LEON,2017-03-19,2017-03-25,2017,12,30.3,0
MADRIZ,2017-03-19,2017-03-25,2017,31,23.142857142857142,0.8999999999999999
MANAGUA,2017-03-19,2017-03-25,2017,119,28.314285714285713,1.3
MASAYA,2017-03-19,2017-03-25,2017,76,25.5,1.1
MATAGALPA,2017-03-19,2017-03-25,2017,108,23.142857142857142,0.2
NUEVA SEGOVIA,2017-03-19,2017-03-25,2017,149,23.714285714285715,0
REGION AUTONOMA DEL ATLANTICO SUR,2017-03-19,2017-03-25,2017,12,25.114285714285714,20.5
RIO SAN JUAN,2017-03-19,2017-03-25,2017,81,25.62857142857143,9.6
RIVAS,2017-03-19,2017-03-25,2017,46,26.885714285714286,1.2000000000000002
ZELAYA CENTRAL,2017-03-19,2017-03-25,2017,60,24.185714285714287,27.700000000000003
BILWI,2017-03-26,2017-04-01,2017,5,25.8,6.2
BOACO,2017-03-26,2017-04-01,2017,77,25.65714285714286,0.1
CARAZO,2017-03-26,2017-04-01,2017,23,25.52857142857143,0.1
CHINANDEGA,2017-03-26,2017-04-01,2017,36,28.32857142857143,2.9
CHONTALES,2017-03-26,2017-04-01,2017,73,27.52857142857143,1.3
ESTELI,2017-03-26,2017-04-01,2017,121,24.6,3.3000000000000003
GRANADA,2017-03-26,2017-04-01,2017,98,27.8,0.3
JINOTEGA,2017-03-26,2017-04-01,2017,80,21.914285714285715,0
LEON,2017-03-26,2017-04-01,2017,9,28.785714285714285,1.8
MADRIZ,2017-03-26,2017-04-01,2017,35,25.52857142857143,0.9
MANAGUA,2017-03-26,2017-04-01,2017,123,28.928571428571427,0.1
MASAYA,2017-03-26,2017-04-01,2017,83,26.057142857142857,0
MATAGALPA,2017-03-26,2017-04-01,2017,114,24.771428571428572,0.2
NUEVA SEGOVIA,2017-03-26,2017-04-01,2017,139,26.37142857142857,1.6
REGION AUTONOMA DEL ATLANTICO SUR,2017-03-26,2017-04-01,2017,18,26.042857142857144,6.3999999999999995
RIO SAN JUAN,2017-03-26,2017-04-01,2017,85,26.714285714285715,1.6
RIVAS,2017-03-26,2017-04-01,2017,38,27.8,0.2
ZELAYA CENTRAL,2017-03-26,2017-04-01,2017,74,24.814285714285713,2.4
BILWI,2017-04-02,2017-04-08,2017,7,27.15714285714286,9.2
BOACO,2017-04-02,2017-04-08,2017,56,26.314285714285713,3.9
CARAZO,2017-04-02,2017-04-08,2017,8,26.357142857142858,3.6
CHINANDEGA,2017-04-02,2017-04-08,2017,43,29.757142857142856,7.4
CHONTALES,2017-04-02,2017-04-08,2017,63,28.65714285714286,5.3
ESTELI,2017-04-02,2017-04-08,2017,128,25.314285714285713,1
GRANADA,2017-04-02,2017-04-08,2017,109,28.87142857142857,2.2
JINOTEGA,2017-04-02,2017-04-08,2017,67,22.742857142857144,6.3999999999999995
LEON,2017-04-02,2017-04-08,2017,13,31.3,1.6
MADRIZ,2017-04-02,2017-04-08,2017,32,26.285714285714285,1.4
MANAGUA,2017-04-02,2017-04-08,2017,108,29.942857142857143,0.30000000000000004
MASAYA,2017-04-02,2017-04-08,2017,99,27.2,1.9000000000000001
MATAGALPA,2017-04-02,2017-04-08,2017,134,24.942857142857143,3
NUEVA SEGOVIA,2017-04-02,2017-04-08,2017,143,26.914285714285715,1.9
REGION AUTONOMA DEL ATLANTICO SUR,2017-04-02,2017-04-08,2017,18,26.82857142857143,27.9
RIO SAN JUAN,2017-04-02,2017-04-08,2017,45,27.642857142857142,4.8
RIVAS,2017-04-02,2017-04-08,2017,18,28.785714285714285,3.3
ZELAYA CENTRAL,2017-04-02,2017-04-08,2017,56,26.15714285714286,11.799999999999999
BILWI,2017-04-09,2017-04-15,2017,9,25.54285714285714,21.9
BOACO,2017-04-09,2017-04-15,2017,49,24.97142857142857,3.9
CARAZO,2017-04-09,2017-04-15,2017,10,25.428571428571427,0.7
CHINANDEGA,2017-04-09,2017-04-15,2017,45,30.014285714285712,3.4
CHONTALES,2017-04-09,2017-04-15,2017,49,27.34285714285714,1.7
ESTELI,2017-04-09,2017-04-15,2017,84,23.442857142857143,3.8
GRANADA,2017-04-09,2017-04-15,2017,77,28.057142857142857,0.4
JINOTEGA,2017-04-09,2017-04-15,2017,69,21.214285714285715,4.1000000000000005
LEON,2017-04-09,2017-04-15,2017,12,31.185714285714287,4.1000000000000005
MADRIZ,2017-04-09,2017-04-15,2017,26,24.285714285714285,1.5
MANAGUA,2017-04-09,2017-04-15,2017,59,29.014285714285716,0.8999999999999999
MASAYA,2017-04-09,2017-04-15,2017,58,26.285714285714285,1.9
MATAGALPA,2017-04-09,2017-04-15,2017,85,23.6,2.8000000000000003
NUEVA SEGOVIA,2017-04-09,2017-04-15,2017,107,24.82857142857143,0.6
REGION AUTONOMA DEL ATLANTICO SUR,2017-04-09,2017-04-15,2017,6,25.9,48.4
RIO SAN JUAN,2017-04-09,2017-04-15,2017,27,26.8,8.3
RIVAS,2017-04-09,2017-04-15,2017,25,28.099999999999998,0
ZELAYA CENTRAL,2017-04-09,2017-04-15,2017,11,25.099999999999998,16.6
BILWI,2017-04-16,2017-04-22,2017,13,25.82857142857143,60.300000000000004
BOACO,2017-04-16,2017-04-22,2017,82,25.714285714285715,17.8
CARAZO,2017-04-16,2017-04-22,2017,10,25.47142857142857,23.6
CHINANDEGA,2017-04-16,2017-04-22,2017,38,28.6,24.4
CHONTALES,2017-04-16,2017-04-22,2017,109,27.542857142857144,17.2
ESTELI,2017-04-16,2017-04-22,2017,97,24.1,16.400000000000002
GRANADA,2017-04-16,2017-04-22,2017,88,27.87142857142857,13.7
JINOTEGA,2017-04-16,2017-04-22,2017,91,22.185714285714287,15.799999999999999
LEON,2017-04-16,2017-04-22,2017,23,29.1,17.9
MADRIZ,2017-04-16,2017-04-22,2017,27,24.642857142857142,54.6
MANAGUA,2017-04-16,2017-04-22,2017,107,28.885714285714286,9.4
MASAYA,2017-04-16,2017-04-22,2017,118,26.357142857142858,18.3
MATAGALPA,2017-04-16,2017-04-22,2017,121,24.357142857142858,21.2
NUEVA SEGOVIA,2017-04-16,2017-04-22,2017,161,25.057142857142857,30.7
REGION AUTONOMA DEL ATLANTICO SUR,2017-04-16,2017-04-22,2017,14,25.84285714285714,78.3
RIO SAN JUAN,2017-04-16,2017-04-22,2017,71,26.485714285714284,28.9
RIVAS,2017-04-16,2017-04-22,2017,46,27.8,13
ZELAYA CENTRAL,2017-04-16,2017-04-22,2017,77,25.242857142857144,80.60000000000001
BILWI,2017-04-23,2017-04-29,2017,5,27.485714285714284,9.8
BOACO,2017-04-23,2017-04-29,2017,64,26.8,18.3
CARAZO,2017-04-23,2017-04-29,2017,5,26.1,19.6
CHINANDEGA,2017-04-23,2017-04-29,2017,53,28.285714285714285,41.2
CHONTALES,2017-04-23,2017-04-29,2017,95,28.2,19.3
ESTELI,2017-04-23,2017-04-29,2017,84,24.685714285714287,25.1
GRANADA,2017-04-23,2017-04-29,2017,100,28.457142857142856,28.599999999999998
JINOTEGA,2017-04-23,2017-04-29,2017,93,23.014285714285712,11.9
LEON,2017-04-23,2017-04-29,2017,13,28.771428571428572,25.7
MADRIZ,2017-04-23,2017-04-29,2017,25,25.085714285714285,17.1
MANAGUA,2017-04-23,2017-04-29,2017,84,29.442857142857143,15.9
MASAYA,2017-04-23,2017-04-29,2017,96,27.02857142857143,15.9
MATAGALPA,2017-04-23,2017-04-29,2017,135,25.285714285714285,13.6
NUEVA SEGOVIA,2017-04-23,2017-04-29,2017,138,25.714285714285715,20.9
REGION AUTONOMA DEL ATLANTICO SUR,2017-04-23,2017-04-29,2017,14,27.385714285714286,14.4
RIO SAN JUAN,2017-04-23,2017-04-29,2017,74,27.82857142857143,13.2
RIVAS,2017-04-23,2017-04-29,2017,64,28.585714285714285,19.5
ZELAYA CENTRAL,2017-04-23,2017-04-29,2017,88,26.6,19.7
BILWI,2017-04-30,2017-05-06,2017,18,27.014285714285712,42.7
BOACO,2017-04-30,2017-05-06,2017,80,26.057142857142857,34.800000000000004
CARAZO,2017-04-30,2017-05-06,2017,7,25.642857142857142,30.4
CHINANDEGA,2017-04-30,2017-05-06,2017,51,27.82857142857143,72.1
CHONTALES,2017-04-30,2017-05-06,2017,105,28.114285714285714,19.7
ESTELI,2017-04-30,2017-05-06,2017,86,24.542857142857144,47.4
GRANADA,2017-04-30,2017-05-06,2017,97,28.014285714285712,45.9
JINOTEGA,2017-04-30,2017-05-06,2017,78,22.4,74.2
LEON,2017-04-30,2017-05-06,2017,12,28.485714285714288,38.3
MADRIZ,2017-04-30,2017-05-06,2017,23,24.97142857142857,41.2
MANAGUA,2017-04-30,2017-05-06,2017,112,28.5,83.60000000000001
MASAYA,2017-04-30,2017-05-06,2017,111,26.257142857142856,43.4
MATAGALPA,2017-04-30,2017-05-06,2017,108,24.62857142857143,128.4
NUEVA SEGOVIA,2017-04-30,2017-05-06,2017,149,25.82857142857143,25.9
REGION AUTONOMA DEL ATLANTICO SUR,2017-04-30,2017-05-06,2017,8,26.614285714285714,77.2
RIO SAN JUAN,2017-04-30,2017-05-06,2017,94,26.642857142857142,58.3
RIVAS,2017-04-30,2017-05-06,2017,60,27.928571428571427,41.6
ZELAYA CENTRAL,2017-04-30,2017-05-06,2017,80,25.857142857142858,42.7
BILWI,2017-05-07,2017-05-13,2017,19,26.442857142857143,49.9
BOACO,2017-05-07,2017-05-13,2017,67,25.400000000000002,22.099999999999998
CARAZO,2017-05-07,2017-05-13,2017,6,24.628571428571426,50.6
CHINANDEGA,2017-05-07,2017-05-13,2017,44,27.442857142857143,79
CHONTALES,2017-05-07,2017-05-13,2017,105,27.2,27.1
ESTELI,2017-05-07,2017-05-13,2017,80,23.585714285714285,37
GRANADA,2017-05-07,2017-05-13,2017,70,27.242857142857144,58.699999999999996
JINOTEGA,2017-05-07,2017-05-13,2017,69,22.257142857142856,17.8
LEON,2017-05-07,2017-05-13,2017,16,28.014285714285712,65.89999999999999
MADRIZ,2017-05-07,2017-05-13,2017,23,24.5,14.3
MANAGUA,2017-05-07,2017-05-13,2017,149,27.37142857142857,77.10000000000001
MASAYA,2017-05-07,2017-05-13,2017,100,25.442857142857143,47.300000000000004
MATAGALPA,2017-05-07,2017-05-13,2017,141,24.257142857142856,19.2
NUEVA SEGOVIA,2017-05-07,2017-05-13,2017,163,25.15714285714286,7.8999999999999995
REGION AUTONOMA DEL ATLANTICO SUR,2017-05-07,2017-05-13,2017,23,26,105.5
RIO SAN JUAN,2017-05-07,2017-05-13,2017,76,25.785714285714285,90.3
RIVAS,2017-05-07,2017-05-13,2017,78,26.8,64.4
ZELAYA CENTRAL,2017-05-07,2017-05-13,2017,64,25.414285714285715,52.2
BILWI,2017-05-14,2017-05-20,2017,32,26.8,127.4
BOACO,2017-05-14,2017-05-20,2017,75,24.614285714285714,109.7
CARAZO,2017-05-14,2017-05-20,2017,6,24.428571428571427,71.3
CHINANDEGA,2017-05-14,2017-05-20,2017,61,27.3,78.7
CHONTALES,2017-05-14,2017-05-20,2017,102,26.32857142857143,100
ESTELI,2017-05-14,2017-05-20,2017,63,22.885714285714286,123.6
GRANADA,2017-05-14,2017-05-20,2017,103,27.314285714285713,80.7
JINOTEGA,2017-05-14,2017-05-20,2017,83,22.057142857142857,104.2
LEON,2017-05-14,2017-05-20,2017,20,27.5,68.6
MADRIZ,2017-05-14,2017-05-20,2017,27,24.04285714285714,95.4
MANAGUA,2017-05-14,2017-05-20,2017,159,27.257142857142856,83.8
MASAYA,2017-05-14,2017-05-20,2017,91,25.52857142857143,74.6
MATAGALPA,2017-05-14,2017-05-20,2017,137,23.642857142857142,93.7
NUEVA SEGOVIA,2017-05-14,2017-05-20,2017,179,24.357142857142858,173.3
REGION AUTONOMA DEL ATLANTICO SUR,2017-05-14,2017-05-20,2017,35,26.571428571428573,134.8
RIO SAN JUAN,2017-05-14,2017-05-20,2017,111,26.442857142857143,103.5
RIVAS,2017-05-14,2017-05-20,2017,112,27.014285714285712,69.3
ZELAYA CENTRAL,2017-05-14,2017-05-20,2017,59,25.885714285714286,106.5
BILWI,2017-05-21,2017-05-27,2017,29,27.185714285714287,81.7
BOACO,2017-05-21,2017-05-27,2017,91,24.457142857142856,51.3
CARAZO,2017-05-21,2017-05-27,2017,15,24.32857142857143,63
CHINANDEGA,2017-05-21,2017-05-27,2017,48,27.214285714285715,75.8
CHONTALES,2017-05-21,2017-05-27,2017,112,26.285714285714285,76.6
ESTELI,2017-05-21,2017-05-27,2017,82,23.285714285714285,51
GRANADA,2017-05-21,2017-05-27,2017,72,27.014285714285712,78.9
JINOTEGA,2017-05-21,2017-05-27,2017,44,21.95714285714286,39.2
LEON,2017-05-21,2017-05-27,2017,21,27.614285714285714,32.7
MADRIZ,2017-05-21,2017-05-27,2017,26,23.785714285714285,71
MANAGUA,2017-05-21,2017-05-27,2017,180,27,52.2
MASAYA,2017-05-21,2017-05-27,2017,95,25.057142857142857,77.4
MATAGALPA,2017-05-21,2017-05-27,2017,137,23.614285714285714,38.6
NUEVA SEGOVIA,2017-05-21,2017-05-27,2017,193,24.37142857142857,38.3
REGION AUTONOMA DEL ATLANTICO SUR,2017-05-21,2017-05-27,2017,67,26.52857142857143,109.1
RIO SAN JUAN,2017-05-21,2017-05-27,2017,92,26.02857142857143,83.4
RIVAS,2017-05-21,2017-05-27,2017,160,26.757142857142856,141.4
ZELAYA CENTRAL,2017-05-21,2017-05-27,2017,48,25.4,84.8
BILWI,2017-05-28,2017-06-03,2017,31,27.271428571428572,59.199999999999996
BOACO,2017-05-28,2017-06-03,2017,90,24.62857142857143,5.1
CARAZO,2017-05-28,2017-06-03,2017,10,24.514285714285716,8.7
CHINANDEGA,2017-05-28,2017-06-03,2017,58,27.771428571428572,33.9
CHONTALES,2017-05-28,2017-06-03,2017,108,26.4,35.5
ESTELI,2017-05-28,2017-06-03,2017,66,23.485714285714288,18.400000000000002
GRANADA,2017-05-28,2017-06-03,2017,72,27.2,25.2
JINOTEGA,2017-05-28,2017-06-03,2017,53,21.67142857142857,10.4
LEON,2017-05-28,2017-06-03,2017,26,28.457142857142856,42.5
MADRIZ,2017-05-28,2017-06-03,2017,33,24.114285714285714,9.2
MANAGUA,2017-05-28,2017-06-03,2017,177,27.57142857142857,8.8
MASAYA,2017-05-28,2017-06-03,2017,88,25.3,31.5
MATAGALPA,2017-05-28,2017-06-03,2017,131,23.67142857142857,19.4
NUEVA SEGOVIA,2017-05-28,2017-06-03,2017,178,24.6,5.1
REGION AUTONOMA DEL ATLANTICO SUR,2017-05-28,2017-06-03,2017,70,26.62857142857143,86.2
RIO SAN JUAN,2017-05-28,2017-06-03,2017,94,25.9,96.3
RIVAS,2017-05-28,2017-06-03,2017,120,26.9,63.2
ZELAYA CENTRAL,2017-05-28,2017-06-03,2017,55,25.385714285714286,44.6
BILWI,2017-06-04,2017-06-10,2017,51,27.485714285714288,63.7
BOACO,2017-06-04,2017-06-10,2017,74,24.9,90.9
CARAZO,2017-06-04,2017-06-10,2017,12,24.742857142857144,75.1
CHINANDEGA,2017-06-04,2017-06-10,2017,59,27.071428571428573,101.5
CHONTALES,2017-06-04,2017-06-10,2017,159,26.45714285714286,66.3
ESTELI,2017-06-04,2017-06-10,2017,103,23.614285714285714,50.9
GRANADA,2017-06-04,2017-06-10,2017,92,27.32857142857143,82.3
JINOTEGA,2017-06-04,2017-06-10,2017,78,22.54285714285714,48.9
LEON,2017-06-04,2017-06-10,2017,41,27.357142857142858,130.6
MADRIZ,2017-06-04,2017-06-10,2017,61,24.571428571428573,70
MANAGUA,2017-06-04,2017-06-10,2017,172,27.6,68.3
MASAYA,2017-06-04,2017-06-10,2017,98,25.54285714285714,71.9
MATAGALPA,2017-06-04,2017-06-10,2017,167,24.314285714285713,57.9
NUEVA SEGOVIA,2017-06-04,2017-06-10,2017,181,25.02857142857143,81.6
REGION AUTONOMA DEL ATLANTICO SUR,2017-06-04,2017-06-10,2017,70,27.042857142857144,68
RIO SAN JUAN,2017-06-04,2017-06-10,2017,112,26.757142857142856,55.1
RIVAS,2017-06-04,2017-06-10,2017,125,27.057142857142857,89.1
ZELAYA CENTRAL,2017-06-04,2017-06-10,2017,69,26.15714285714286,55.8
BILWI,2017-06-11,2017-06-17,2017,39,26.685714285714287,139.1
BOACO,2017-06-11,2017-06-17,2017,85,23.87142857142857,61.5
CARAZO,2017-06-11,2017-06-17,2017,10,23.52857142857143,59.2
CHINANDEGA,2017-06-11,2017-06-17,2017,84,26.414285714285715,91.2
CHONTALES,2017-06-11,2017-06-17,2017,155,25.571428571428573,82.60000000000001
ESTELI,2017-06-11,2017-06-17,2017,104,22.571428571428573,51.2
GRANADA,2017-06-11,2017-06-17,2017,98,26.457142857142856,103.6
JINOTEGA,2017-06-11,2017-06-17,2017,95,21.257142857142856,43.1
LEON,2017-06-11,2017-06-17,2017,42,26.814285714285717,95.8
MADRIZ,2017-06-11,2017-06-17,2017,63,23.17142857142857,60.5
MANAGUA,2017-06-11,2017-06-17,2017,198,26.642857142857142,30.400000000000002
MASAYA,2017-06-11,2017-06-17,2017,108,24.557142857142857,62.8
MATAGALPA,2017-06-11,2017-06-17,2017,134,23,40.5
NUEVA SEGOVIA,2017-06-11,2017-06-17,2017,151,23.485714285714284,61.1
REGION AUTONOMA DEL ATLANTICO SUR,2017-06-11,2017-06-17,2017,81,26.071428571428573,149.20000000000002
RIO SAN JUAN,2017-06-11,2017-06-17,2017,119,25.7,101.2
RIVAS,2017-06-11,2017-06-17,2017,112,25.985714285714288,76.4
ZELAYA CENTRAL,2017-06-11,2017-06-17,2017,50,25.385714285714286,78
BILWI,2017-06-18,2017-06-24,2017,27,26.928571428571427,80.8
BOACO,2017-06-18,2017-06-24,2017,134,23.8,72.3
CARAZO,2017-06-18,2017-06-24,2017,14,23.67142857142857,64.8
CHINANDEGA,2017-06-18,2017-06-24,2017,73,25.97142857142857,160.6
CHONTALES,2017-06-18,2017-06-24,2017,166,25.542857142857144,59.1
ESTELI,2017-06-18,2017-06-24,2017,78,22.271428571428572,77.1
GRANADA,2017-06-18,2017-06-24,2017,99,26.557142857142857,56.6
JINOTEGA,2017-06-18,2017-06-24,2017,73,21.257142857142856,62.6
LEON,2017-06-18,2017-06-24,2017,58,26.114285714285714,147.6
MADRIZ,2017-06-18,2017-06-24,2017,77,22.84285714285714,74.2
MANAGUA,2017-06-18,2017-06-24,2017,227,26.614285714285714,68.5
MASAYA,2017-06-18,2017-06-24,2017,134,24.7,55
MATAGALPA,2017-06-18,2017-06-24,2017,147,22.985714285714284,61.1
NUEVA SEGOVIA,2017-06-18,2017-06-24,2017,161,23.099999999999998,70.89999999999999
REGION AUTONOMA DEL ATLANTICO SUR,2017-06-18,2017-06-24,2017,72,26.54285714285714,92.9
RIO SAN JUAN,2017-06-18,2017-06-24,2017,142,26.1,92.9
RIVAS,2017-06-18,2017-06-24,2017,111,26.1,136.9
ZELAYA CENTRAL,2017-06-18,2017-06-24,2017,87,25.6,62.8
BILWI,2017-06-25,2017-07-01,2017,27,26.52857142857143,113.5
BOACO,2017-06-25,2017-07-01,2017,134,23.985714285714288,14
CARAZO,2017-06-25,2017-07-01,2017,23,23.87142857142857,37.4
CHINANDEGA,2017-06-25,2017-07-01,2017,97,27.142857142857142,108.9
CHONTALES,2017-06-25,2017-07-01,2017,169,25.814285714285713,35.1
ESTELI,2017-06-25,2017-07-01,2017,79,22.714285714285715,21.900000000000002
GRANADA,2017-06-25,2017-07-01,2017,135,26.771428571428572,71.5
JINOTEGA,2017-06-25,2017-07-01,2017,89,21.242857142857144,34.1
LEON,2017-06-25,2017-07-01,2017,44,27.557142857142857,61.2
MADRIZ,2017-06-25,2017-07-01,2017,79,23.142857142857142,50.4
MANAGUA,2017-06-25,2017-07-01,2017,245,26.785714285714285,44.3
MASAYA,2017-06-25,2017-07-01,2017,154,24.642857142857142,61.2
MATAGALPA,2017-06-25,2017-07-01,2017,179,23.114285714285714,26.5
NUEVA SEGOVIA,2017-06-25,2017-07-01,2017,178,23.685714285714287,20.1
REGION AUTONOMA DEL ATLANTICO SUR,2017-06-25,2017-07-01,2017,56,26.014285714285716,137.3
RIO SAN JUAN,2017-06-25,2017-07-01,2017,116,25.585714285714285,59.8
RIVAS,2017-06-25,2017-07-01,2017,84,26.314285714285713,90.5
ZELAYA CENTRAL,2017-06-25,2017-07-01,2017,43,24.728571428571428,69.10000000000001
BILWI,2017-07-02,2017-07-08,2017,38,26.65714285714286,101.5
BOACO,2017-07-02,2017-07-08,2017,105,23.985714285714284,8.3
CARAZO,2017-07-02,2017-07-08,2017,14,23.885714285714286,17.400000000000002
CHINANDEGA,2017-07-02,2017-07-08,2017,66,27.400000000000002,75.8
CHONTALES,2017-07-02,2017-07-08,2017,155,25.857142857142858,12.3
ESTELI,2017-07-02,2017-07-08,2017,89,22.814285714285713,27
GRANADA,2017-07-02,2017-07-08,2017,112,26.757142857142856,67.5
JINOTEGA,2017-07-02,2017-07-08,2017,78,21.228571428571428,15.200000000000001
LEON,2017-07-02,2017-07-08,2017,32,27.757142857142856,45.9
MADRIZ,2017-07-02,2017-07-08,2017,71,23.057142857142857,33.7
MANAGUA,2017-07-02,2017-07-08,2017,224,26.857142857142858,18.3
MASAYA,2017-07-02,2017-07-08,2017,92,24.585714285714285,54
MATAGALPA,2017-07-02,2017-07-08,2017,142,23.12857142857143,4.2
NUEVA SEGOVIA,2017-07-02,2017-07-08,2017,150,23.814285714285713,8.1
REGION AUTONOMA DEL ATLANTICO SUR,2017-07-02,2017-07-08,2017,39,25.928571428571427,175
RIO SAN JUAN,2017-07-02,2017-07-08,2017,120,25.228571428571428,104.60000000000001
RIVAS,2017-07-02,2017-07-08,2017,60,26.37142857142857,41.699999999999996
ZELAYA CENTRAL,2017-07-02,2017-07-08,2017,51,24.628571428571426,73.9
BILWI,2017-07-09,2017-07-15,2017,52,26.685714285714287,86
BOACO,2017-07-09,2017-07-15,2017,85,24.085714285714285,13.3
CARAZO,2017-07-09,2017-07-15,2017,6,23.957142857142856,14.6
CHINANDEGA,2017-07-09,2017-07-15,2017,58,27.271428571428572,38.7
CHONTALES,2017-07-09,2017-07-15,2017,111,25.814285714285713,20.9
ESTELI,2017-07-09,2017-07-15,2017,83,22.714285714285715,33.699999999999996
GRANADA,2017-07-09,2017-07-15,2017,89,26.785714285714285,45.4
JINOTEGA,2017-07-09,2017-07-15,2017,87,21.228571428571428,16.4
LEON,2017-07-09,2017-07-15,2017,25,27.84285714285714,22
MADRIZ,2017-07-09,2017-07-15,2017,68,22.942857142857143,38
MANAGUA,2017-07-09,2017-07-15,2017,215,26.87142857142857,19.8
MASAYA,2017-07-09,2017-07-15,2017,113,24.571428571428573,47.2
MATAGALPA,2017-07-09,2017-07-15,2017,161,23.314285714285713,10.7
NUEVA SEGOVIA,2017-07-09,2017-07-15,2017,138,23.714285714285715,27.5
REGION AUTONOMA DEL ATLANTICO SUR,2017-07-09,2017-07-15,2017,49,25.685714285714287,147.8
RIO SAN JUAN,2017-07-09,2017-07-15,2017,140,25.37142857142857,67.4
RIVAS,2017-07-09,2017-07-15,2017,56,26.47142857142857,41.6
ZELAYA CENTRAL,2017-07-09,2017-07-15,2017,50,24.557142857142857,68.5
BILWI,2017-07-16,2017-07-22,2017,57,26.7,88.8
BOACO,2017-07-16,2017-07-22,2017,83,24.014285714285712,11.2
CARAZO,2017-07-16,2017-07-22,2017,10,23.92857142857143,11.1
CHINANDEGA,2017-07-16,2017-07-22,2017,44,27.87142857142857,29.9
CHONTALES,2017-07-16,2017-07-22,2017,142,25.957142857142856,11.5
ESTELI,2017-07-16,2017-07-22,2017,86,22.900000000000002,18.5
GRANADA,2017-07-16,2017-07-22,2017,66,26.82857142857143,30.4
JINOTEGA,2017-07-16,2017-07-22,2017,123,21.2,12.1
LEON,2017-07-16,2017-07-22,2017,32,28.17142857142857,29.1
MADRIZ,2017-07-16,2017-07-22,2017,36,23.228571428571428,9.9
MANAGUA,2017-07-16,2017-07-22,2017,223,27,18.6
MASAYA,2017-07-16,2017-07-22,2017,105,24.6,40.2
MATAGALPA,2017-07-16,2017-07-22,2017,156,23.257142857142856,6
NUEVA SEGOVIA,2017-07-16,2017-07-22,2017,123,24.185714285714287,4.6
REGION AUTONOMA DEL ATLANTICO SUR,2017-07-16,2017-07-22,2017,45,25.942857142857143,140.8
RIO SAN JUAN,2017-07-16,2017-07-22,2017,145,25.257142857142856,102.2
RIVAS,2017-07-16,2017-07-22,2017,37,26.21428571428571,59
ZELAYA CENTRAL,2017-07-16,2017-07-22,2017,34,24.57142857142857,77.9
BILWI,2017-07-23,2017-07-29,2017,51,26.757142857142856,84.7
BOACO,2017-07-23,2017-07-29,2017,107,24.514285714285716,7.6
CARAZO,2017-07-23,2017-07-29,2017,7,24.37142857142857,9.2
CHINANDEGA,2017-07-23,2017-07-29,2017,40,28.3,26.400000000000002
CHONTALES,2017-07-23,2017-07-29,2017,178,26.47142857142857,4.3
ESTELI,2017-07-23,2017-07-29,2017,123,23.442857142857143,22.7
GRANADA,2017-07-23,2017-07-29,2017,77,27.2,23.8
JINOTEGA,2017-07-23,2017-07-29,2017,149,21.67142857142857,10
LEON,2017-07-23,2017-07-29,2017,26,28.9,19.2
MADRIZ,2017-07-23,2017-07-29,2017,35,23.62857142857143,16.4
MANAGUA,2017-07-23,2017-07-29,2017,220,27.52857142857143,11.4
MASAYA,2017-07-23,2017-07-29,2017,136,25.057142857142857,29
MATAGALPA,2017-07-23,2017-07-29,2017,177,23.9,7.3
NUEVA SEGOVIA,2017-07-23,2017-07-29,2017,142,24.8,4.2
REGION AUTONOMA DEL ATLANTICO SUR,2017-07-23,2017-07-29,2017,42,25.87142857142857,156.1
RIO SAN JUAN,2017-07-23,2017-07-29,2017,150,25.557142857142857,49.7
RIVAS,2017-07-23,2017-07-29,2017,51,26.557142857142857,21.3
ZELAYA CENTRAL,2017-07-23,2017-07-29,2017,47,24.785714285714285,78.7
BILWI,2017-07-30,2017-08-05,2017,46,26.45714285714286,88.2
BOACO,2017-07-30,2017-08-05,2017,119,24.342857142857145,14
CARAZO,2017-07-30,2017-08-05,2017,8,24.15714285714286,15.2
CHINANDEGA,2017-07-30,2017-08-05,2017,38,27.357142857142858,55
CHONTALES,2017-07-30,2017-08-05,2017,153,26.142857142857142,17.900000000000002
ESTELI,2017-07-30,2017-08-05,2017,92,23.17142857142857,21.8
GRANADA,2017-07-30,2017-08-05,2017,76,26.8,38.2
JINOTEGA,2017-07-30,2017-08-05,2017,183,21.614285714285714,17.7
LEON,2017-07-30,2017-08-05,2017,21,27.814285714285713,39.7
MADRIZ,2017-07-30,2017-08-05,2017,28,23.37142857142857,30.6
MANAGUA,2017-07-30,2017-08-05,2017,181,27.214285714285715,23.400000000000002
MASAYA,2017-07-30,2017-08-05,2017,144,24.785714285714285,42.9
MATAGALPA,2017-07-30,2017-08-05,2017,174,23.785714285714285,8.2
NUEVA SEGOVIA,2017-07-30,2017-08-05,2017,114,24.428571428571427,9.3
REGION AUTONOMA DEL ATLANTICO SUR,2017-07-30,2017-08-05,2017,47,25.714285714285715,112.8
RIO SAN JUAN,2017-07-30,2017-08-05,2017,165,25.385714285714286,69
RIVAS,2017-07-30,2017-08-05,2017,50,26.34285714285714,44.4
ZELAYA CENTRAL,2017-07-30,2017-08-05,2017,77,24.45714285714286,84.1
BILWI,2017-08-06,2017-08-12,2017,31,26.67142857142857,86.5
BOACO,2017-08-06,2017-08-12,2017,130,24.571428571428573,38.6
CARAZO,2017-08-06,2017-08-12,2017,5,24.17142857142857,48
CHINANDEGA,2017-08-06,2017-08-12,2017,21,26.84285714285714,76
CHONTALES,2017-08-06,2017-08-12,2017,196,26.2,44.7
ESTELI,2017-08-06,2017-08-12,2017,48,23.214285714285715,49.4
GRANADA,2017-08-06,2017-08-12,2017,62,26.928571428571427,66.4
JINOTEGA,2017-08-06,2017-08-12,2017,158,21.84285714285714,56.5
LEON,2017-08-06,2017-08-12,2017,19,27.02857142857143,112.5
MADRIZ,2017-08-06,2017-08-12,2017,25,23.514285714285712,42.2
MANAGUA,2017-08-06,2017-08-12,2017,198,27.114285714285714,47.6
MASAYA,2017-08-06,2017-08-12,2017,124,24.87142857142857,53.699999999999996
MATAGALPA,2017-08-06,2017-08-12,2017,155,23.814285714285713,37.8
NUEVA SEGOVIA,2017-08-06,2017-08-12,2017,108,24.542857142857144,33.1
REGION AUTONOMA DEL ATLANTICO SUR,2017-08-06,2017-08-12,2017,37,26.185714285714287,103.8
RIO SAN JUAN,2017-08-06,2017-08-12,2017,174,25.557142857142857,59.1
RIVAS,2017-08-06,2017-08-12,2017,83,26.414285714285715,70.6
ZELAYA CENTRAL,2017-08-06,2017-08-12,2017,85,25.2,59
BILWI,2017-08-13,2017-08-19,2017,25,27.1,54.199999999999996
BOACO,2017-08-13,2017-08-19,2017,101,24.65714285714286,14.100000000000001
CARAZO,2017-08-13,2017-08-19,2017,16,24.37142857142857,24.6
CHINANDEGA,2017-08-13,2017-08-19,2017,26,27.885714285714286,52.3
CHONTALES,2017-08-13,2017-08-19,2017,172,26.32857142857143,14
ESTELI,2017-08-13,2017-08-19,2017,46,23.385714285714286,18.6
GRANADA,2017-08-13,2017-08-19,2017,43,27.271428571428572,44.7
JINOTEGA,2017-08-13,2017-08-19,2017,161,21.67142857142857,13.7
LEON,2017-08-13,2017-08-19,2017,14,28.185714285714287,36.7
MADRIZ,2017-08-13,2017-08-19,2017,22,23.771428571428572,18.8
MANAGUA,2017-08-13,2017-08-19,2017,226,27.5,19.400000000000002
MASAYA,2017-08-13,2017-08-19,2017,125,25.014285714285712,45.5
MATAGALPA,2017-08-13,2017-08-19,2017,191,23.985714285714284,12.4
NUEVA SEGOVIA,2017-08-13,2017-08-19,2017,93,24.785714285714285,7.5
REGION AUTONOMA DEL ATLANTICO SUR,2017-08-13,2017-08-19,2017,24,26.37142857142857,97.9
RIO SAN JUAN,2017-08-13,2017-08-19,2017,156,25.557142857142857,55.5
RIVAS,2017-08-13,2017-08-19,2017,66,26.6,42.7
ZELAYA CENTRAL,2017-08-13,2017-08-19,2017,72,25.02857142857143,61.9
BILWI,2017-08-20,2017-08-26,2017,5,26.8,49.3
BOACO,2017-08-20,2017-08-26,2017,123,24.785714285714285,23.2
CARAZO,2017-08-20,2017-08-26,2017,16,24.12857142857143,46
CHINANDEGA,2017-08-20,2017-08-26,2017,19,26.6,77
CHONTALES,2017-08-20,2017-08-26,2017,131,26.257142857142856,27.099999999999998
ESTELI,2017-08-20,2017-08-26,2017,32,23.142857142857142,60.3
GRANADA,2017-08-20,2017-08-26,2017,45,27,53.4
JINOTEGA,2017-08-20,2017-08-26,2017,137,21.87142857142857,32.1
LEON,2017-08-20,2017-08-26,2017,13,26.87142857142857,61.9
MADRIZ,2017-08-20,2017-08-26,2017,20,23.542857142857144,43.8
MANAGUA,2017-08-20,2017-08-26,2017,178,27.2,27.8
MASAYA,2017-08-20,2017-08-26,2017,129,24.914285714285715,34.4
MATAGALPA,2017-08-20,2017-08-26,2017,183,23.885714285714286,22.2
NUEVA SEGOVIA,2017-08-20,2017-08-26,2017,110,24.84285714285714,39.2
REGION AUTONOMA DEL ATLANTICO SUR,2017-08-20,2017-08-26,2017,39,26.34285714285714,70.89999999999999
RIO SAN JUAN,2017-08-20,2017-08-26,2017,120,25.785714285714285,52.4
RIVAS,2017-08-20,2017-08-26,2017,54,26.585714285714285,60.199999999999996
ZELAYA CENTRAL,2017-08-20,2017-08-26,2017,46,25.242857142857144,56
BILWI,2017-08-27,2017-09-02,2017,23,26.84285714285714,60.4
BOACO,2017-08-27,2017-09-02,2017,85,24.84285714285714,24.1
CARAZO,2017-08-27,2017-09-02,2017,20,24.4,11.4
CHINANDEGA,2017-08-27,2017-09-02,2017,18,27,56.6
CHONTALES,2017-08-27,2017-09-02,2017,89,26.457142857142856,18.3
ESTELI,2017-08-27,2017-09-02,2017,47,23.314285714285713,48.8
GRANADA,2017-08-27,2017-09-02,2017,67,27.214285714285715,46
JINOTEGA,2017-08-27,2017-09-02,2017,125,22.071428571428573,16.5
LEON,2017-08-27,2017-09-02,2017,12,27.42857142857143,55.599999999999994
MADRIZ,2017-08-27,2017-09-02,2017,22,23.54285714285714,40.5
MANAGUA,2017-08-27,2017-09-02,2017,206,27.34285714285714,22.3
MASAYA,2017-08-27,2017-09-02,2017,122,25.1,29.599999999999998
MATAGALPA,2017-08-27,2017-09-02,2017,171,24.014285714285712,14.6
NUEVA SEGOVIA,2017-08-27,2017-09-02,2017,91,24.8,24.5
REGION AUTONOMA DEL ATLANTICO SUR,2017-08-27,2017-09-02,2017,20,26.5,78.2
RIO SAN JUAN,2017-08-27,2017-09-02,2017,104,26.228571428571428,34.5
RIVAS,2017-08-27,2017-09-02,2017,50,26.728571428571428,48.9
ZELAYA CENTRAL,2017-08-27,2017-09-02,2017,42,25.32857142857143,49
BILWI,2017-09-03,2017-09-09,2017,20,27.271428571428572,16.400000000000002
BOACO,2017-09-03,2017-09-09,2017,88,25.45714285714286,13.5
CARAZO,2017-09-03,2017-09-09,2017,14,24.542857142857144,15.4
CHINANDEGA,2017-09-03,2017-09-09,2017,21,27,50.2
CHONTALES,2017-09-03,2017-09-09,2017,61,26.914285714285715,19
ESTELI,2017-09-03,2017-09-09,2017,42,23.385714285714286,21.1
GRANADA,2017-09-03,2017-09-09,2017,62,27.242857142857144,40.4
JINOTEGA,2017-09-03,2017-09-09,2017,118,22.442857142857143,8
LEON,2017-09-03,2017-09-09,2017,19,27.32857142857143,49.7
MADRIZ,2017-09-03,2017-09-09,2017,28,24.014285714285716,8.9
MANAGUA,2017-09-03,2017-09-09,2017,170,27.614285714285714,18.5
MASAYA,2017-09-03,2017-09-09,2017,137,25.314285714285713,23.2
MATAGALPA,2017-09-03,2017-09-09,2017,185,24.571428571428573,15.8
NUEVA SEGOVIA,2017-09-03,2017-09-09,2017,105,25.228571428571428,13.799999999999999
REGION AUTONOMA DEL ATLANTICO SUR,2017-09-03,2017-09-09,2017,12,26.771428571428572,46.4
RIO SAN JUAN,2017-09-03,2017-09-09,2017,77,26.32857142857143,36.1
RIVAS,2017-09-03,2017-09-09,2017,44,26.771428571428572,26.1
ZELAYA CENTRAL,2017-09-03,2017-09-09,2017,31,25.928571428571427,30.5
BILWI,2017-09-10,2017-09-16,2017,11,27.82857142857143,19.599999999999998
BOACO,2017-09-10,2017-09-16,2017,103,24.757142857142856,32.3
CARAZO,2017-09-10,2017-09-16,2017,16,24.242857142857144,59.3
CHINANDEGA,2017-09-10,2017-09-16,2017,14,26.67142857142857,69.5
CHONTALES,2017-09-10,2017-09-16,2017,58,26.271428571428572,50
ESTELI,2017-09-10,2017-09-16,2017,27,23.085714285714285,45
GRANADA,2017-09-10,2017-09-16,2017,42,27.2,52.2
JINOTEGA,2017-09-10,2017-09-16,2017,74,22.214285714285715,35.300000000000004
LEON,2017-09-10,2017-09-16,2017,13,27,43.3
MADRIZ,2017-09-10,2017-09-16,2017,15,24,43
MANAGUA,2017-09-10,2017-09-16,2017,121,27.314285714285713,24.5
MASAYA,2017-09-10,2017-09-16,2017,130,25.242857142857144,22.5
MATAGALPA,2017-09-10,2017-09-16,2017,137,24.142857142857142,35.8
NUEVA SEGOVIA,2017-09-10,2017-09-16,2017,62,24.742857142857144,37.7
REGION AUTONOMA DEL ATLANTICO SUR,2017-09-10,2017-09-16,2017,17,27.014285714285716,58.199999999999996
RIO SAN JUAN,2017-09-10,2017-09-16,2017,44,26.485714285714288,51.5
RIVAS,2017-09-10,2017-09-16,2017,30,26.614285714285714,37.800000000000004
ZELAYA CENTRAL,2017-09-10,2017-09-16,2017,26,25.957142857142856,41.8
BILWI,2017-09-17,2017-09-23,2017,3,26.814285714285713,75.4
BOACO,2017-09-17,2017-09-23,2017,87,24.114285714285714,132.4
CARAZO,2017-09-17,2017-09-23,2017,24,23.67142857142857,113.2
CHINANDEGA,2017-09-17,2017-09-23,2017,25,26.014285714285716,170.4
CHONTALES,2017-09-17,2017-09-23,2017,48,25.885714285714286,111.1
ESTELI,2017-09-17,2017-09-23,2017,17,22.57142857142857,105.9
GRANADA,2017-09-17,2017-09-23,2017,24,26.614285714285714,194.5
JINOTEGA,2017-09-17,2017-09-23,2017,72,21.771428571428572,67.4
LEON,2017-09-17,2017-09-23,2017,8,26.15714285714286,171.2
MADRIZ,2017-09-17,2017-09-23,2017,20,23.15714285714286,102.4
MANAGUA,2017-09-17,2017-09-23,2017,122,26.757142857142856,110.5
MASAYA,2017-09-17,2017-09-23,2017,145,24.67142857142857,133.6
MATAGALPA,2017-09-17,2017-09-23,2017,127,23.414285714285715,72.1
NUEVA SEGOVIA,2017-09-17,2017-09-23,2017,68,23.942857142857143,103.8
REGION AUTONOMA DEL ATLANTICO SUR,2017-09-17,2017-09-23,2017,14,26.214285714285715,102.3
RIO SAN JUAN,2017-09-17,2017-09-23,2017,60,25.885714285714286,111.4
RIVAS,2017-09-17,2017-09-23,2017,41,26.014285714285712,187
ZELAYA CENTRAL,2017-09-17,2017-09-23,2017,23,25.257142857142856,85.2
BILWI,2017-09-24,2017-09-30,2017,6,27.271428571428572,44.9
BOACO,2017-09-24,2017-09-30,2017,68,23.542857142857144,90.2
CARAZO,2017-09-24,2017-09-30,2017,11,23.4,85.2
CHINANDEGA,2017-09-24,2017-09-30,2017,28,25.62857142857143,125.2
CHONTALES,2017-09-24,2017-09-30,2017,54,25.228571428571428,75.1
ESTELI,2017-09-24,2017-09-30,2017,41,22.085714285714285,93.9
GRANADA,2017-09-24,2017-09-30,2017,24,26.457142857142856,81.3
JINOTEGA,2017-09-24,2017-09-30,2017,73,21.357142857142858,142.6
LEON,2017-09-24,2017-09-30,2017,26,25.685714285714287,139.1
MADRIZ,2017-09-24,2017-09-30,2017,4,23.1,71.4
MANAGUA,2017-09-24,2017-09-30,2017,158,26.314285714285713,54.7
MASAYA,2017-09-24,2017-09-30,2017,173,24.6,90.6
MATAGALPA,2017-09-24,2017-09-30,2017,111,23.042857142857144,177.7
NUEVA SEGOVIA,2017-09-24,2017-09-30,2017,71,23.371428571428574,108.5
REGION AUTONOMA DEL ATLANTICO SUR,2017-09-24,2017-09-30,2017,16,26.542857142857144,105.3
RIO SAN JUAN,2017-09-24,2017-09-30,2017,81,26.228571428571428,119.7
RIVAS,2017-09-24,2017-09-30,2017,34,25.728571428571428,79.8
ZELAYA CENTRAL,2017-09-24,2017-09-30,2017,32,25.6,78.4
BILWI,2017-10-01,2017-10-07,2017,23,26.07142857142857,190.70000000000002
BOACO,2017-10-01,2017-10-07,2017,57,22.8,231.2
CARAZO,2017-10-01,2017-10-07,2017,10,22.6,310.8
CHINANDEGA,2017-10-01,2017-10-07,2017,30,25.185714285714287,247.60000000000002
CHONTALES,2017-10-01,2017-10-07,2017,44,24.428571428571427,231.2
ESTELI,2017-10-01,2017-10-07,2017,39,21.62857142857143,130.2
GRANADA,2017-10-01,2017-10-07,2017,24,25.585714285714285,250.9
JINOTEGA,2017-10-01,2017-10-07,2017,81,20.742857142857144,126.5
LEON,2017-10-01,2017-10-07,2017,29,25.142857142857142,255.3
MADRIZ,2017-10-01,2017-10-07,2017,15,22.485714285714284,78
MANAGUA,2017-10-01,2017-10-07,2017,129,25.485714285714288,285.4
MASAYA,2017-10-01,2017-10-07,2017,158,23.885714285714286,305.5
MATAGALPA,2017-10-01,2017-10-07,2017,93,22.357142857142858,175
NUEVA SEGOVIA,2017-10-01,2017-10-07,2017,78,22.814285714285713,124.3
REGION AUTONOMA DEL ATLANTICO SUR,2017-10-01,2017-10-07,2017,12,25.771428571428572,81.9
RIO SAN JUAN,2017-10-01,2017-10-07,2017,50,25.7,244.29999999999998
RIVAS,2017-10-01,2017-10-07,2017,23,24.914285714285715,238.10000000000002
ZELAYA CENTRAL,2017-10-01,2017-10-07,2017,29,25.071428571428573,68.5
BILWI,2017-10-08,2017-10-14,2017,19,26.785714285714285,24.3
BOACO,2017-10-08,2017-10-14,2017,77,24.257142857142856,16.7
CARAZO,2017-10-08,2017-10-14,2017,7,24.442857142857143,15.8
CHINANDEGA,2017-10-08,2017-10-14,2017,40,26.54285714285714,52.300000000000004
CHONTALES,2017-10-08,2017-10-14,2017,56,25.942857142857143,20.8
ESTELI,2017-10-08,2017-10-14,2017,58,22.34285714285714,30.400000000000002
GRANADA,2017-10-08,2017-10-14,2017,48,27.042857142857144,48.3
JINOTEGA,2017-10-08,2017-10-14,2017,64,21.62857142857143,26
LEON,2017-10-08,2017-10-14,2017,31,26.67142857142857,43
MADRIZ,2017-10-08,2017-10-14,2017,15,22.95714285714286,44.8
MANAGUA,2017-10-08,2017-10-14,2017,144,27.02857142857143,23.2
MASAYA,2017-10-08,2017-10-14,2017,200,25.085714285714285,28.7
MATAGALPA,2017-10-08,2017-10-14,2017,131,23.3,28.3
NUEVA SEGOVIA,2017-10-08,2017-10-14,2017,64,23.285714285714285,31.8
REGION AUTONOMA DEL ATLANTICO SUR,2017-10-08,2017-10-14,2017,19,26.54285714285714,95.1
RIO SAN JUAN,2017-10-08,2017-10-14,2017,83,26.02857142857143,40.4
RIVAS,2017-10-08,2017-10-14,2017,28,26.642857142857142,43
ZELAYA CENTRAL,2017-10-08,2017-10-14,2017,27,25.457142857142856,47.8
BILWI,2017-10-15,2017-10-21,2017,11,26.3,74.8
BOACO,2017-10-15,2017-10-21,2017,79,24.5,8.2
CARAZO,2017-10-15,2017-10-21,2017,7,24.714285714285715,9.5
CHINANDEGA,2017-10-15,2017-10-21,2017,66,28.042857142857144,14
CHONTALES,2017-10-15,2017-10-21,2017,77,26.37142857142857,6.3
ESTELI,2017-10-15,2017-10-21,2017,32,23.142857142857142,4.4
GRANADA,2017-10-15,2017-10-21,2017,37,27.67142857142857,11.9
JINOTEGA,2017-10-15,2017-10-21,2017,71,21.685714285714287,8
LEON,2017-10-15,2017-10-21,2017,25,28.12857142857143,15.7
MADRIZ,2017-10-15,2017-10-21,2017,26,23.37142857142857,5.9
MANAGUA,2017-10-15,2017-10-21,2017,188,27.685714285714287,8.7
MASAYA,2017-10-15,2017-10-21,2017,204,25.385714285714286,11.799999999999999
MATAGALPA,2017-10-15,2017-10-21,2017,95,23.82857142857143,2
NUEVA SEGOVIA,2017-10-15,2017-10-21,2017,94,23.985714285714288,2
REGION AUTONOMA DEL ATLANTICO SUR,2017-10-15,2017-10-21,2017,22,26.057142857142857,102.5
RIO SAN JUAN,2017-10-15,2017-10-21,2017,88,25.62857142857143,111.1
RIVAS,2017-10-15,2017-10-21,2017,43,27.014285714285716,19.3
ZELAYA CENTRAL,2017-10-15,2017-10-21,2017,54,24.914285714285715,46.8
BILWI,2017-10-22,2017-10-28,2017,13,25.185714285714287,122.4
BOACO,2017-10-22,2017-10-28,2017,68,23.12857142857143,227
CARAZO,2017-10-22,2017-10-28,2017,9,23.02857142857143,96.7
CHINANDEGA,2017-10-22,2017-10-28,2017,247,25.442857142857143,149.9
CHONTALES,2017-10-22,2017-10-28,2017,56,24.84285714285714,117.1
ESTELI,2017-10-22,2017-10-28,2017,34,21.585714285714285,106.2
GRANADA,2017-10-22,2017-10-28,2017,27,25.928571428571427,125.9
JINOTEGA,2017-10-22,2017-10-28,2017,50,20.57142857142857,117.4
LEON,2017-10-22,2017-10-28,2017,24,25.485714285714284,204.29999999999998
MADRIZ,2017-10-22,2017-10-28,2017,28,21.642857142857142,73
MANAGUA,2017-10-22,2017-10-28,2017,167,25.914285714285715,125.1
MASAYA,2017-10-22,2017-10-28,2017,200,24.042857142857144,123.5
MATAGALPA,2017-10-22,2017-10-28,2017,85,22.485714285714284,117.1
NUEVA SEGOVIA,2017-10-22,2017-10-28,2017,53,22.242857142857144,85.4
REGION AUTONOMA DEL ATLANTICO SUR,2017-10-22,2017-10-28,2017,60,25.571428571428573,79.9
RIO SAN JUAN,2017-10-22,2017-10-28,2017,105,25.357142857142858,113.4
RIVAS,2017-10-22,2017-10-28,2017,37,25.400000000000002,75.8
ZELAYA CENTRAL,2017-10-22,2017-10-28,2017,28,24.8,87.1
BILWI,2017-10-29,2017-11-04,2017,9,25.3,46
BOACO,2017-10-29,2017-11-04,2017,74,23.771428571428572,15
CARAZO,2017-10-29,2017-11-04,2017,6,23.814285714285713,20.1
CHINANDEGA,2017-10-29,2017-11-04,2017,269,26.4,22.5
CHONTALES,2017-10-29,2017-11-04,2017,65,25.52857142857143,11
ESTELI,2017-10-29,2017-11-04,2017,33,22.142857142857142,9.6
GRANADA,2017-10-29,2017-11-04,2017,23,26.714285714285715,12.299999999999999
JINOTEGA,2017-10-29,2017-11-04,2017,47,20.742857142857144,12.4
LEON,2017-10-29,2017-11-04,2017,30,26.557142857142857,35.4
MADRIZ,2017-10-29,2017-11-04,2017,13,22.47142857142857,8.700000000000001
MANAGUA,2017-10-29,2017-11-04,2017,148,26.65714285714286,14.1
MASAYA,2017-10-29,2017-11-04,2017,140,24.52857142857143,28
MATAGALPA,2017-10-29,2017-11-04,2017,74,22.942857142857143,16.3
NUEVA SEGOVIA,2017-10-29,2017-11-04,2017,56,22.885714285714286,4.3
REGION AUTONOMA DEL ATLANTICO SUR,2017-10-29,2017-11-04,2017,30,25.271428571428572,98.1
RIO SAN JUAN,2017-10-29,2017-11-04,2017,59,25.12857142857143,110.39999999999999
RIVAS,2017-10-29,2017-11-04,2017,32,26.114285714285714,29.900000000000002
ZELAYA CENTRAL,2017-10-29,2017-11-04,2017,23,24.42857142857143,75.7
BILWI,2017-11-05,2017-11-11,2017,13,25.457142857142856,23.5
BOACO,2017-11-05,2017-11-11,2017,98,23.942857142857143,0.6000000000000001
CARAZO,2017-11-05,2017-11-11,2017,14,24.057142857142857,3.1
CHINANDEGA,2017-11-05,2017-11-11,2017,208,26.728571428571428,7.1
CHONTALES,2017-11-05,2017-11-11,2017,69,25.714285714285715,0.9
ESTELI,2017-11-05,2017-11-11,2017,30,22.042857142857144,2.5
GRANADA,2017-11-05,2017-11-11,2017,41,27.042857142857144,7.4
JINOTEGA,2017-11-05,2017-11-11,2017,45,20.585714285714285,1.6
LEON,2017-11-05,2017-11-11,2017,28,26.771428571428572,3.2
MADRIZ,2017-11-05,2017-11-11,2017,36,22.34285714285714,3.2
MANAGUA,2017-11-05,2017-11-11,2017,170,27.014285714285712,1.7
MASAYA,2017-11-05,2017-11-11,2017,180,24.728571428571428,4.2
MATAGALPA,2017-11-05,2017-11-11,2017,118,22.87142857142857,3.9
NUEVA SEGOVIA,2017-11-05,2017-11-11,2017,46,22.714285714285715,1
REGION AUTONOMA DEL ATLANTICO SUR,2017-11-05,2017-11-11,2017,27,25.757142857142856,25.7
RIO SAN JUAN,2017-11-05,2017-11-11,2017,62,25.6,17.4
RIVAS,2017-11-05,2017-11-11,2017,45,26.642857142857142,6.6000000000000005
ZELAYA CENTRAL,2017-11-05,2017-11-11,2017,29,24.857142857142858,16.8
BILWI,2017-11-12,2017-11-18,2017,7,25.185714285714287,49.3
BOACO,2017-11-12,2017-11-18,2017,78,23.571428571428573,17
CARAZO,2017-11-12,2017-11-18,2017,9,23.7,28.2
CHINANDEGA,2017-11-12,2017-11-18,2017,205,26.357142857142858,30.8
CHONTALES,2017-11-12,2017-11-18,2017,50,25.12857142857143,24.8
ESTELI,2017-11-12,2017-11-18,2017,24,21.685714285714287,12
GRANADA,2017-11-12,2017-11-18,2017,28,26.5,32.2
JINOTEGA,2017-11-12,2017-11-18,2017,41,20.47142857142857,7.300000000000001
LEON,2017-11-12,2017-11-18,2017,17,26.214285714285715,50.7
MADRIZ,2017-11-12,2017-11-18,2017,21,22.1,10.9
MANAGUA,2017-11-12,2017-11-18,2017,134,26.571428571428573,10.4
MASAYA,2017-11-12,2017-11-18,2017,187,24.385714285714286,18.6
MATAGALPA,2017-11-12,2017-11-18,2017,122,22.62857142857143,10.6
NUEVA SEGOVIA,2017-11-12,2017-11-18,2017,42,22.414285714285715,24.900000000000002
REGION AUTONOMA DEL ATLANTICO SUR,2017-11-12,2017-11-18,2017,15,25.642857142857142,40.7
RIO SAN JUAN,2017-11-12,2017-11-18,2017,82,25.37142857142857,62.4
RIVAS,2017-11-12,2017-11-18,2017,35,25.928571428571427,56.8
ZELAYA CENTRAL,2017-11-12,2017-11-18,2017,27,24.914285714285715,20.7
BILWI,2017-11-19,2017-11-25,2017,1,24.7,32.2
BOACO,2017-11-19,2017-11-25,2017,98,23.6,0.2
CARAZO,2017-11-19,2017-11-25,2017,10,23.6,3.8000000000000003
CHINANDEGA,2017-11-19,2017-11-25,2017,165,26.057142857142857,4.8999999999999995
CHONTALES,2017-11-19,2017-11-25,2017,40,25.214285714285715,2.8000000000000003
ESTELI,2017-11-19,2017-11-25,2017,19,21.571428571428573,6
GRANADA,2017-11-19,2017-11-25,2017,21,26.614285714285714,1.9
JINOTEGA,2017-11-19,2017-11-25,2017,34,20.142857142857142,1.4
LEON,2017-11-19,2017-11-25,2017,18,26.114285714285714,10.1
MADRIZ,2017-11-19,2017-11-25,2017,25,21.8,9.2
MANAGUA,2017-11-19,2017-11-25,2017,140,26.65714285714286,1
MASAYA,2017-11-19,2017-11-25,2017,167,24.385714285714286,4.3
MATAGALPA,2017-11-19,2017-11-25,2017,85,22.4,2
NUEVA SEGOVIA,2017-11-19,2017-11-25,2017,31,21.985714285714284,3.9
REGION AUTONOMA DEL ATLANTICO SUR,2017-11-19,2017-11-25,2017,18,25.185714285714287,45.8
RIO SAN JUAN,2017-11-19,2017-11-25,2017,97,24.914285714285715,30
RIVAS,2017-11-19,2017-11-25,2017,24,26.228571428571428,4.2
ZELAYA CENTRAL,2017-11-19,2017-11-25,2017,23,24.32857142857143,15
BILWI,2017-11-26,2017-12-02,2017,0,24.757142857142856,33.9
BOACO,2017-11-26,2017-12-02,2017,52,24.214285714285715,0
CARAZO,2017-11-26,2017-12-02,2017,5,24.185714285714287,0.2
CHINANDEGA,2017-11-26,2017-12-02,2017,86,27.285714285714285,0.4
CHONTALES,2017-11-26,2017-12-02,2017,33,25.957142857142856,0.2
ESTELI,2017-11-26,2017-12-02,2017,15,21.757142857142856,0.1
GRANADA,2017-11-26,2017-12-02,2017,21,27.257142857142856,1.8
JINOTEGA,2017-11-26,2017-12-02,2017,28,20.1,1.2
LEON,2017-11-26,2017-12-02,2017,8,27.65714285714286,0.7
MADRIZ,2017-11-26,2017-12-02,2017,22,22.400000000000002,2
MANAGUA,2017-11-26,2017-12-02,2017,130,27.84285714285714,0.2
MASAYA,2017-11-26,2017-12-02,2017,164,24.885714285714286,2.1
MATAGALPA,2017-11-26,2017-12-02,2017,64,22.985714285714284,0.2
NUEVA SEGOVIA,2017-11-26,2017-12-02,2017,20,22.900000000000002,0.3
REGION AUTONOMA DEL ATLANTICO SUR,2017-11-26,2017-12-02,2017,15,25.34285714285714,28.099999999999998
RIO SAN JUAN,2017-11-26,2017-12-02,2017,56,25.52857142857143,8.7
RIVAS,2017-11-26,2017-12-02,2017,30,26.742857142857144,1.7000000000000002
ZELAYA CENTRAL,2017-11-26,2017-12-02,2017,15,24.6,16.9
BILWI,2017-12-03,2017-12-09,2017,3,24.385714285714286,85.2
BOACO,2017-12-03,2017-12-09,2017,56,23.614285714285714,2.9
CARAZO,2017-12-03,2017-12-09,2017,2,23.771428571428572,3.6
CHINANDEGA,2017-12-03,2017-12-09,2017,65,27.442857142857143,11
CHONTALES,2017-12-03,2017-12-09,2017,35,25.485714285714288,9.4
ESTELI,2017-12-03,2017-12-09,2017,7,21.685714285714287,8.5
GRANADA,2017-12-03,2017-12-09,2017,9,26.614285714285714,17.3
JINOTEGA,2017-12-03,2017-12-09,2017,24,20.02857142857143,15.3
LEON,2017-12-03,2017-12-09,2017,3,27.357142857142858,6.4
MADRIZ,2017-12-03,2017-12-09,2017,19,22.17142857142857,10.9
MANAGUA,2017-12-03,2017-12-09,2017,85,27.2,6.3
MASAYA,2017-12-03,2017-12-09,2017,150,24.514285714285712,17.3
MATAGALPA,2017-12-03,2017-12-09,2017,64,22.52857142857143,6.2
NUEVA SEGOVIA,2017-12-03,2017-12-09,2017,29,22.97142857142857,6.1
REGION AUTONOMA DEL ATLANTICO SUR,2017-12-03,2017-12-09,2017,3,24.457142857142856,142.8
RIO SAN JUAN,2017-12-03,2017-12-09,2017,55,24.314285714285713,44.9
RIVAS,2017-12-03,2017-12-09,2017,22,26.242857142857144,6.7
ZELAYA CENTRAL,2017-12-03,2017-12-09,2017,11,23.642857142857142,63.300000000000004
BILWI,2017-12-10,2017-12-16,2017,7,24.400000000000002,6.2
BOACO,2017-12-10,2017-12-16,2017,61,22.457142857142856,0.7999999999999999
CARAZO,2017-12-10,2017-12-16,2017,5,22.514285714285716,0.3
CHINANDEGA,2017-12-10,2017-12-16,2017,44,25.37142857142857,0.8
CHONTALES,2017-12-10,2017-12-16,2017,45,24.45714285714286,3.1
ESTELI,2017-12-10,2017-12-16,2017,18,19.757142857142856,0.30000000000000004
GRANADA,2017-12-10,2017-12-16,2017,17,25.714285714285715,1.8
JINOTEGA,2017-12-10,2017-12-16,2017,29,17.82857142857143,3.6999999999999997
LEON,2017-12-10,2017-12-16,2017,7,26.271428571428572,1.4
MADRIZ,2017-12-10,2017-12-16,2017,21,20.34285714285714,1.3
MANAGUA,2017-12-10,2017-12-16,2017,96,26.12857142857143,1.1
MASAYA,2017-12-10,2017-12-16,2017,176,23.357142857142858,2.8000000000000003
MATAGALPA,2017-12-10,2017-12-16,2017,71,20.87142857142857,1.3
NUEVA SEGOVIA,2017-12-10,2017-12-16,2017,22,20.928571428571427,0.6
REGION AUTONOMA DEL ATLANTICO SUR,2017-12-10,2017-12-16,2017,13,24.357142857142858,15.9
RIO SAN JUAN,2017-12-10,2017-12-16,2017,79,24.2,4.4
RIVAS,2017-12-10,2017-12-16,2017,30,25.5,2
ZELAYA CENTRAL,2017-12-10,2017-12-16,2017,32,23.571428571428573,10.7
BILWI,2017-12-17,2017-12-23,2017,2,25.7,33.4
BOACO,2017-12-17,2017-12-23,2017,28,22.571428571428573,6.3
CARAZO,2017-12-17,2017-12-23,2017,6,23.12857142857143,4.6
CHINANDEGA,2017-12-17,2017-12-23,2017,53,27.785714285714285,0.9
CHONTALES,2017-12-17,2017-12-23,2017,34,24.87142857142857,5.1
ESTELI,2017-12-17,2017-12-23,2017,10,21.12857142857143,3.7
GRANADA,2017-12-17,2017-12-23,2017,11,26.12857142857143,7.1
JINOTEGA,2017-12-17,2017-12-23,2017,24,19.257142857142856,35.9
LEON,2017-12-17,2017-12-23,2017,12,27.985714285714288,1.5
MADRIZ,2017-12-17,2017-12-23,2017,15,21.32857142857143,30.5
MANAGUA,2017-12-17,2017-12-23,2017,72,26.428571428571427,18.2
MASAYA,2017-12-17,2017-12-23,2017,101,23.92857142857143,25.1
MATAGALPA,2017-12-17,2017-12-23,2017,91,21.428571428571427,12
NUEVA SEGOVIA,2017-12-17,2017-12-23,2017,12,22.485714285714284,5.3
REGION AUTONOMA DEL ATLANTICO SUR,2017-12-17,2017-12-23,2017,9,25.32857142857143,68.9
RIO SAN JUAN,2017-12-17,2017-12-23,2017,54,24.642857142857142,27.4
RIVAS,2017-12-17,2017-12-23,2017,21,25.87142857142857,8
ZELAYA CENTRAL,2017-12-17,2017-12-23,2017,22,23.65714285714286,71.7
BILWI,2017-12-24,2017-12-30,2017,6,24.271428571428572,46.8
BOACO,2017-12-24,2017-12-30,2017,26,22.428571428571427,2.8
CARAZO,2017-12-24,2017-12-30,2017,2,23.02857142857143,2.2
CHINANDEGA,2017-12-24,2017-12-30,2017,48,28.12857142857143,0.7999999999999999
CHONTALES,2017-12-24,2017-12-30,2017,20,24.485714285714284,1.3
ESTELI,2017-12-24,2017-12-30,2017,2,20.728571428571428,1.2
GRANADA,2017-12-24,2017-12-30,2017,10,25.885714285714286,6.3999999999999995
JINOTEGA,2017-12-24,2017-12-30,2017,19,18.714285714285715,13.9
LEON,2017-12-24,2017-12-30,2017,8,28.185714285714287,2.3000000000000003
MADRIZ,2017-12-24,2017-12-30,2017,10,21.385714285714286,3.3
MANAGUA,2017-12-24,2017-12-30,2017,54,26.314285714285713,4.7
MASAYA,2017-12-24,2017-12-30,2017,68,23.8,8.1
MATAGALPA,2017-12-24,2017-12-30,2017,40,21.442857142857143,3.7
NUEVA SEGOVIA,2017-12-24,2017-12-30,2017,14,22.385714285714286,0.6000000000000001
REGION AUTONOMA DEL ATLANTICO SUR,2017-12-24,2017-12-30,2017,3,24,135.3
RIO SAN JUAN,2017-12-24,2017-12-30,2017,24,23.8,36.1
RIVAS,2017-12-24,2017-12-30,2017,5,25.67142857142857,2.6
ZELAYA CENTRAL,2017-12-24,2017-12-30,2017,11,22.742857142857144,54.9
BILWI,2017-12-31,2018-01-06,2017,11,24.014285714285716,9.1
BOACO,2017-12-31,2018-01-06,2017,51,22.757142857142856,0
CARAZO,2017-12-31,2018-01-06,2017,9,23.34285714285714,0
CHINANDEGA,2017-12-31,2018-01-06,2017,46,27.085714285714285,0
CHONTALES,2017-12-31,2018-01-06,2017,34,24.771428571428572,0
ESTELI,2017-12-31,2018-01-06,2017,7,20.542857142857144,0
GRANADA,2017-12-31,2018-01-06,2017,23,26.12857142857143,0
JINOTEGA,2017-12-31,2018-01-06,2017,27,18.257142857142856,0.30000000000000004
LEON,2017-12-31,2018-01-06,2017,11,28.02857142857143,0.1
MADRIZ,2017-12-31,2018-01-06,2017,23,20.857142857142858,0.6
MANAGUA,2017-12-31,2018-01-06,2017,91,26.857142857142858,0
MASAYA,2017-12-31,2018-01-06,2017,144,24.02857142857143,0
MATAGALPA,2017-12-31,2018-01-06,2017,58,21.385714285714286,0
NUEVA SEGOVIA,2017-12-31,2018-01-06,2017,23,21.442857142857143,0
REGION AUTONOMA DEL ATLANTICO SUR,2017-12-31,2018-01-06,2017,7,24.385714285714286,12.7
RIO SAN JUAN,2017-12-31,2018-01-06,2017,71,24.214285714285715,9.7
RIVAS,2017-12-31,2018-01-06,2017,27,26.042857142857144,0
ZELAYA CENTRAL,2017-12-31,2018-01-06,2017,24,23.4,11.6
BILWI,2018-01-07,2018-01-13,2018,4,24.2,15.5
BOACO,2018-01-07,2018-01-13,2018,55,23.84285714285714,2.1999999999999997
CARAZO,2018-01-07,2018-01-13,2018,7,24.014285714285716,1.3
CHINANDEGA,2018-01-07,2018-01-13,2018,51,26.585714285714285,3.1999999999999997
CHONTALES,2018-01-07,2018-01-13,2018,30,25.742857142857144,1.2
ESTELI,2018-01-07,2018-01-13,2018,5,21.757142857142856,7.8
GRANADA,2018-01-07,2018-01-13,2018,27,26.52857142857143,2.8000000000000003
JINOTEGA,2018-01-07,2018-01-13,2018,30,19.414285714285715,2.4
LEON,2018-01-07,2018-01-13,2018,19,27.257142857142856,1.9
MADRIZ,2018-01-07,2018-01-13,2018,25,21.985714285714284,0.8
MANAGUA,2018-01-07,2018-01-13,2018,86,27.385714285714286,2.4
MASAYA,2018-01-07,2018-01-13,2018,138,24.52857142857143,2.6
MATAGALPA,2018-01-07,2018-01-13,2018,91,22.4,3.7
NUEVA SEGOVIA,2018-01-07,2018-01-13,2018,35,22.65714285714286,0.30000000000000004
REGION AUTONOMA DEL ATLANTICO SUR,2018-01-07,2018-01-13,2018,17,24.728571428571428,13.8
RIO SAN JUAN,2018-01-07,2018-01-13,2018,83,24.65714285714286,6
RIVAS,2018-01-07,2018-01-13,2018,24,26.214285714285715,1.3
ZELAYA CENTRAL,2018-01-07,2018-01-13,2018,28,23.985714285714284,6.6
BILWI,2018-01-14,2018-01-20,2018,16,23.185714285714287,33
BOACO,2018-01-14,2018-01-20,2018,48,22.914285714285715,0
CARAZO,2018-01-14,2018-01-20,2018,6,23.65714285714286,0.2
CHINANDEGA,2018-01-14,2018-01-20,2018,38,27.34285714285714,0
CHONTALES,2018-01-14,2018-01-20,2018,33,24.742857142857144,0.2
ESTELI,2018-01-14,2018-01-20,2018,9,19.885714285714286,0
GRANADA,2018-01-14,2018-01-20,2018,19,26.485714285714284,0.5
JINOTEGA,2018-01-14,2018-01-20,2018,29,17.614285714285714,6.7
LEON,2018-01-14,2018-01-20,2018,9,28.3,0
MADRIZ,2018-01-14,2018-01-20,2018,15,20.785714285714285,1.1
MANAGUA,2018-01-14,2018-01-20,2018,105,27,2.1
MASAYA,2018-01-14,2018-01-20,2018,149,24.485714285714284,1.4
MATAGALPA,2018-01-14,2018-01-20,2018,85,21.3,0
NUEVA SEGOVIA,2018-01-14,2018-01-20,2018,26,21.071428571428573,0
REGION AUTONOMA DEL ATLANTICO SUR,2018-01-14,2018-01-20,2018,10,23.457142857142856,61.7
RIO SAN JUAN,2018-01-14,2018-01-20,2018,59,23.92857142857143,26.700000000000003
RIVAS,2018-01-14,2018-01-20,2018,22,25.97142857142857,1.3
ZELAYA CENTRAL,2018-01-14,2018-01-20,2018,19,22.82857142857143,32.4
BILWI,2018-01-21,2018-01-27,2018,7,24.485714285714284,57.3
BOACO,2018-01-21,2018-01-27,2018,53,23.02857142857143,0.5
CARAZO,2018-01-21,2018-01-27,2018,3,23.442857142857143,0.5
CHINANDEGA,2018-01-21,2018-01-27,2018,46,28.65714285714286,0.4
CHONTALES,2018-01-21,2018-01-27,2018,37,25.214285714285715,0.4
ESTELI,2018-01-21,2018-01-27,2018,13,21.557142857142857,0
GRANADA,2018-01-21,2018-01-27,2018,23,26.257142857142856,5.4
JINOTEGA,2018-01-21,2018-01-27,2018,31,19.257142857142856,4
LEON,2018-01-21,2018-01-27,2018,8,29.34285714285714,2.4
MADRIZ,2018-01-21,2018-01-27,2018,12,22.142857142857142,8.7
MANAGUA,2018-01-21,2018-01-27,2018,88,27.142857142857142,1.7
MASAYA,2018-01-21,2018-01-27,2018,143,24.457142857142856,5.6000000000000005
MATAGALPA,2018-01-21,2018-01-27,2018,80,22.1,0.1
NUEVA SEGOVIA,2018-01-21,2018-01-27,2018,30,23.071428571428573,2
REGION AUTONOMA DEL ATLANTICO SUR,2018-01-21,2018-01-27,2018,25,24.514285714285716,98.8
RIO SAN JUAN,2018-01-21,2018-01-27,2018,64,24.54285714285714,21.8
RIVAS,2018-01-21,2018-01-27,2018,25,26.02857142857143,1.4000000000000001
ZELAYA CENTRAL,2018-01-21,2018-01-27,2018,33,23.15714285714286,49.9
BILWI,2018-01-28,2018-02-03,2018,8,24.82857142857143,24
BOACO,2018-01-28,2018-02-03,2018,90,23.314285714285713,1.2
CARAZO,2018-01-28,2018-02-03,2018,2,23.728571428571428,0
CHINANDEGA,2018-01-28,2018-02-03,2018,45,29.7,0
CHONTALES,2018-01-28,2018-02-03,2018,33,25.557142857142857,0.8
ESTELI,2018-01-28,2018-02-03,2018,10,21.685714285714287,0.9
GRANADA,2018-01-28,2018-02-03,2018,16,26.642857142857142,1.3
JINOTEGA,2018-01-28,2018-02-03,2018,51,19.52857142857143,7.6
LEON,2018-01-28,2018-02-03,2018,14,29.65714285714286,0
MADRIZ,2018-01-28,2018-02-03,2018,22,22.442857142857143,5
MANAGUA,2018-01-28,2018-02-03,2018,74,27.414285714285715,0.5
MASAYA,2018-01-28,2018-02-03,2018,208,24.857142857142858,1.9
MATAGALPA,2018-01-28,2018-02-03,2018,97,22.17142857142857,2.3
NUEVA SEGOVIA,2018-01-28,2018-02-03,2018,25,23.585714285714285,0.2
REGION AUTONOMA DEL ATLANTICO SUR,2018-01-28,2018-02-03,2018,22,25.314285714285713,48.7
RIO SAN JUAN,2018-01-28,2018-02-03,2018,92,24.985714285714288,15.9
RIVAS,2018-01-28,2018-02-03,2018,19,26.65714285714286,0.2
ZELAYA CENTRAL,2018-01-28,2018-02-03,2018,42,23.84285714285714,29.3
BILWI,2018-02-04,2018-02-10,2018,8,25.32857142857143,24.2
BOACO,2018-02-04,2018-02-10,2018,117,22.67142857142857,2.9
CARAZO,2018-02-04,2018-02-10,2018,7,23.185714285714287,1.7
CHINANDEGA,2018-02-04,2018-02-10,2018,44,28.742857142857144,0.3
CHONTALES,2018-02-04,2018-02-10,2018,31,25.128571428571426,1.2000000000000002
ESTELI,2018-02-04,2018-02-10,2018,13,21.52857142857143,0.8
GRANADA,2018-02-04,2018-02-10,2018,14,26.12857142857143,5.4
JINOTEGA,2018-02-04,2018-02-10,2018,53,19.214285714285715,6
LEON,2018-02-04,2018-02-10,2018,21,29.02857142857143,0.1
MADRIZ,2018-02-04,2018-02-10,2018,12,21.900000000000002,5
MANAGUA,2018-02-04,2018-02-10,2018,70,26.757142857142856,2.1
MASAYA,2018-02-04,2018-02-10,2018,213,24.2,4.4
MATAGALPA,2018-02-04,2018-02-10,2018,54,21.614285714285714,1.8
NUEVA SEGOVIA,2018-02-04,2018-02-10,2018,28,22.914285714285715,0.8
REGION AUTONOMA DEL ATLANTICO SUR,2018-02-04,2018-02-10,2018,16,25.12857142857143,41.8
RIO SAN JUAN,2018-02-04,2018-02-10,2018,73,24.599999999999998,8
RIVAS,2018-02-04,2018-02-10,2018,30,26.04285714285714,2
ZELAYA CENTRAL,2018-02-04,2018-02-10,2018,46,23.142857142857142,45
BILWI,2018-02-11,2018-02-17,2018,15,25.185714285714287,27.3
BOACO,2018-02-11,2018-02-17,2018,134,22.5,4.8
CARAZO,2018-02-11,2018-02-17,2018,3,23.12857142857143,2.3
CHINANDEGA,2018-02-11,2018-02-17,2018,42,28.814285714285713,0.2
CHONTALES,2018-02-11,2018-02-17,2018,37,25.057142857142857,3.6
ESTELI,2018-02-11,2018-02-17,2018,21,21.228571428571428,0.4
GRANADA,2018-02-11,2018-02-17,2018,16,25.985714285714288,7.5
JINOTEGA,2018-02-11,2018-02-17,2018,58,18.914285714285715,13.9
LEON,2018-02-11,2018-02-17,2018,12,29.228571428571428,1.2
MADRIZ,2018-02-11,2018-02-17,2018,21,21.7,8.8
MANAGUA,2018-02-11,2018-02-17,2018,55,26.642857142857142,4.5
MASAYA,2018-02-11,2018-02-17,2018,206,24.02857142857143,13.200000000000001
MATAGALPA,2018-02-11,2018-02-17,2018,77,21.285714285714285,6.7
NUEVA SEGOVIA,2018-02-11,2018-02-17,2018,21,22.814285714285713,2
REGION AUTONOMA DEL ATLANTICO SUR,2018-02-11,2018-02-17,2018,5,24.957142857142856,65.7
RIO SAN JUAN,2018-02-11,2018-02-17,2018,69,24.285714285714285,18.9
RIVAS,2018-02-11,2018-02-17,2018,21,25.985714285714284,2.6
ZELAYA CENTRAL,2018-02-11,2018-02-17,2018,42,23.17142857142857,47.5
BILWI,2018-02-18,2018-02-24,2018,32,25.34285714285714,28.7
BOACO,2018-02-18,2018-02-24,2018,110,22.2,5
CARAZO,2018-02-18,2018-02-24,2018,3,22.97142857142857,1
CHINANDEGA,2018-02-18,2018-02-24,2018,32,28.685714285714287,1
CHONTALES,2018-02-18,2018-02-24,2018,55,24.857142857142858,3.8
ESTELI,2018-02-18,2018-02-24,2018,26,21.214285714285715,1.7000000000000002
GRANADA,2018-02-18,2018-02-24,2018,18,25.8,7.199999999999999
JINOTEGA,2018-02-18,2018-02-24,2018,31,18.714285714285715,8.7
LEON,2018-02-18,2018-02-24,2018,14,28.742857142857144,3.1
MADRIZ,2018-02-18,2018-02-24,2018,15,21.37142857142857,11
MANAGUA,2018-02-18,2018-02-24,2018,80,26.47142857142857,2.1
MASAYA,2018-02-18,2018-02-24,2018,276,23.814285714285713,7.5
MATAGALPA,2018-02-18,2018-02-24,2018,75,20.857142857142858,8.9
NUEVA SEGOVIA,2018-02-18,2018-02-24,2018,24,22.42857142857143,2.5
REGION AUTONOMA DEL ATLANTICO SUR,2018-02-18,2018-02-24,2018,12,24.9,71.8
RIO SAN JUAN,2018-02-18,2018-02-24,2018,58,24.414285714285715,10.3
RIVAS,2018-02-18,2018-02-24,2018,22,25.885714285714286,5.1
ZELAYA CENTRAL,2018-02-18,2018-02-24,2018,34,22.82857142857143,44.699999999999996
BILWI,2018-02-25,2018-03-03,2018,16,24.714285714285715,12.7
BOACO,2018-02-25,2018-03-03,2018,90,22.728571428571428,2.8000000000000003
CARAZO,2018-02-25,2018-03-03,2018,5,23.17142857142857,1.3
CHINANDEGA,2018-02-25,2018-03-03,2018,34,27.84285714285714,3.5999999999999996
CHONTALES,2018-02-25,2018-03-03,2018,62,25.114285714285714,2.9
ESTELI,2018-02-25,2018-03-03,2018,34,21.557142857142857,2
GRANADA,2018-02-25,2018-03-03,2018,19,25.885714285714286,3.1
JINOTEGA,2018-02-25,2018-03-03,2018,39,19.1,1.5
LEON,2018-02-25,2018-03-03,2018,8,28.599999999999998,1.2
MADRIZ,2018-02-25,2018-03-03,2018,20,21.985714285714284,3.9000000000000004
MANAGUA,2018-02-25,2018-03-03,2018,77,26.657142857142855,1.2999999999999998
MASAYA,2018-02-25,2018-03-03,2018,246,23.87142857142857,5
MATAGALPA,2018-02-25,2018-03-03,2018,110,21.485714285714284,2.3000000000000003
NUEVA SEGOVIA,2018-02-25,2018-03-03,2018,22,23.099999999999998,0.7
REGION AUTONOMA DEL ATLANTICO SUR,2018-02-25,2018-03-03,2018,16,24.742857142857144,35.1
RIO SAN JUAN,2018-02-25,2018-03-03,2018,94,24.228571428571428,5.9
RIVAS,2018-02-25,2018-03-03,2018,29,26,2.8
ZELAYA CENTRAL,2018-02-25,2018-03-03,2018,47,23.057142857142857,25.6
BILWI,2018-03-04,2018-03-10,2018,15,24.37142857142857,5.5
BOACO,2018-03-04,2018-03-10,2018,116,23.2,0
CARAZO,2018-03-04,2018-03-10,2018,9,23.785714285714285,0
CHINANDEGA,2018-03-04,2018-03-10,2018,34,28.17142857142857,0.1
CHONTALES,2018-03-04,2018-03-10,2018,50,25.442857142857143,0
ESTELI,2018-03-04,2018-03-10,2018,43,21.87142857142857,0
GRANADA,2018-03-04,2018-03-10,2018,21,26.52857142857143,0
JINOTEGA,2018-03-04,2018-03-10,2018,40,19.485714285714284,0.1
LEON,2018-03-04,2018-03-10,2018,8,29.214285714285715,0
MADRIZ,2018-03-04,2018-03-10,2018,18,22.47142857142857,0
MANAGUA,2018-03-04,2018-03-10,2018,80,27.457142857142856,0
MASAYA,2018-03-04,2018-03-10,2018,228,24.65714285714286,0
MATAGALPA,2018-03-04,2018-03-10,2018,101,22.114285714285714,0
NUEVA SEGOVIA,2018-03-04,2018-03-10,2018,34,23.32857142857143,0
REGION AUTONOMA DEL ATLANTICO SUR,2018-03-04,2018-03-10,2018,11,24.84285714285714,13.6
RIO SAN JUAN,2018-03-04,2018-03-10,2018,91,24.62857142857143,4.7
RIVAS,2018-03-04,2018-03-10,2018,17,26.457142857142856,0
ZELAYA CENTRAL,2018-03-04,2018-03-10,2018,42,23.2,8.6
BILWI,2018-03-11,2018-03-17,2018,14,25.900000000000002,9.4
BOACO,2018-03-11,2018-03-17,2018,103,25.12857142857143,0.1
CARAZO,2018-03-11,2018-03-17,2018,23,25.257142857142856,0.2
CHINANDEGA,2018-03-11,2018-03-17,2018,41,29.257142857142856,0
CHONTALES,2018-03-11,2018-03-17,2018,49,27.071428571428573,0.4
ESTELI,2018-03-11,2018-03-17,2018,31,24.185714285714287,0.4
GRANADA,2018-03-11,2018-03-17,2018,21,27.857142857142858,0.2
JINOTEGA,2018-03-11,2018-03-17,2018,50,21.5,1.3
LEON,2018-03-11,2018-03-17,2018,9,30.428571428571427,0.1
MADRIZ,2018-03-11,2018-03-17,2018,27,25.114285714285714,1.5
MANAGUA,2018-03-11,2018-03-17,2018,73,29,0.2
MASAYA,2018-03-11,2018-03-17,2018,206,26.32857142857143,0.6
MATAGALPA,2018-03-11,2018-03-17,2018,63,24.085714285714285,1
NUEVA SEGOVIA,2018-03-11,2018-03-17,2018,36,25.942857142857143,1.4000000000000001
REGION AUTONOMA DEL ATLANTICO SUR,2018-03-11,2018-03-17,2018,8,26.014285714285716,15.5
RIO SAN JUAN,2018-03-11,2018-03-17,2018,65,26.257142857142856,4.1
RIVAS,2018-03-11,2018-03-17,2018,27,27.742857142857144,0.4
ZELAYA CENTRAL,2018-03-11,2018-03-17,2018,59,25,14.7
BILWI,2018-03-18,2018-03-24,2018,35,25.885714285714286,10.2
BOACO,2018-03-18,2018-03-24,2018,90,24.5,0
CARAZO,2018-03-18,2018-03-24,2018,14,24.65714285714286,0
CHINANDEGA,2018-03-18,2018-03-24,2018,26,29.542857142857144,0
CHONTALES,2018-03-18,2018-03-24,2018,34,26.67142857142857,1.4
ESTELI,2018-03-18,2018-03-24,2018,19,23.2,0
GRANADA,2018-03-18,2018-03-24,2018,25,27.385714285714286,0.30000000000000004
JINOTEGA,2018-03-18,2018-03-24,2018,31,20.65714285714286,0.1
LEON,2018-03-18,2018-03-24,2018,9,29.985714285714284,1.2
MADRIZ,2018-03-18,2018-03-24,2018,20,24.12857142857143,0.2
MANAGUA,2018-03-18,2018-03-24,2018,77,28.242857142857144,0
MASAYA,2018-03-18,2018-03-24,2018,186,25.67142857142857,1
MATAGALPA,2018-03-18,2018-03-24,2018,75,23.257142857142856,0
NUEVA SEGOVIA,2018-03-18,2018-03-24,2018,26,24.985714285714284,0.3
REGION AUTONOMA DEL ATLANTICO SUR,2018-03-18,2018-03-24,2018,10,25.82857142857143,38.4
RIO SAN JUAN,2018-03-18,2018-03-24,2018,65,25.87142857142857,4.8
RIVAS,2018-03-18,2018-03-24,2018,21,27.428571428571427,0.8
ZELAYA CENTRAL,2018-03-18,2018-03-24,2018,41,24.485714285714288,15.4
BILWI,2018-03-25,2018-03-31,2018,18,25.8,15.9
BOACO,2018-03-25,2018-03-31,2018,69,24.34285714285714,1
CARAZO,2018-03-25,2018-03-31,2018,12,24.642857142857142,0.3
CHINANDEGA,2018-03-25,2018-03-31,2018,29,30.3,0.4
CHONTALES,2018-03-25,2018-03-31,2018,20,26.714285714285715,2.1
ESTELI,2018-03-25,2018-03-31,2018,6,23.142857142857142,0.4
GRANADA,2018-03-25,2018-03-31,2018,14,27.414285714285715,2.7
JINOTEGA,2018-03-25,2018-03-31,2018,22,20.7,0.8
LEON,2018-03-25,2018-03-31,2018,4,30.32857142857143,0.5
MADRIZ,2018-03-25,2018-03-31,2018,13,23.771428571428572,5.8
MANAGUA,2018-03-25,2018-03-31,2018,48,28.2,0
MASAYA,2018-03-25,2018-03-31,2018,94,25.642857142857142,4.3
MATAGALPA,2018-03-25,2018-03-31,2018,49,23.02857142857143,1.9
NUEVA SEGOVIA,2018-03-25,2018-03-31,2018,18,24.642857142857142,1.2
REGION AUTONOMA DEL ATLANTICO SUR,2018-03-25,2018-03-31,2018,4,26,22.8
RIO SAN JUAN,2018-03-25,2018-03-31,2018,50,26.12857142857143,4.8999999999999995
RIVAS,2018-03-25,2018-03-31,2018,10,27.485714285714288,0.30000000000000004
ZELAYA CENTRAL,2018-03-25,2018-03-31,2018,14,24.52857142857143,19.7
BILWI,2018-04-01,2018-04-07,2018,24,25.785714285714285,5.3
BOACO,2018-04-01,2018-04-07,2018,89,25,0.1
CARAZO,2018-04-01,2018-04-07,2018,19,24.82857142857143,0.9
CHINANDEGA,2018-04-01,2018-04-07,2018,26,28.214285714285715,2.9
CHONTALES,2018-04-01,2018-04-07,2018,45,27.12857142857143,1.1
ESTELI,2018-04-01,2018-04-07,2018,36,23.82857142857143,2.8000000000000003
GRANADA,2018-04-01,2018-04-07,2018,25,27.442857142857143,2.2
JINOTEGA,2018-04-01,2018-04-07,2018,41,21.285714285714285,0.4
LEON,2018-04-01,2018-04-07,2018,15,28.814285714285713,1.5
MADRIZ,2018-04-01,2018-04-07,2018,26,24.728571428571428,3.4
MANAGUA,2018-04-01,2018-04-07,2018,76,28.485714285714288,0.5
MASAYA,2018-04-01,2018-04-07,2018,126,25.84285714285714,1
MATAGALPA,2018-04-01,2018-04-07,2018,70,23.8,0.5
NUEVA SEGOVIA,2018-04-01,2018-04-07,2018,41,25.6,5.3
REGION AUTONOMA DEL ATLANTICO SUR,2018-04-01,2018-04-07,2018,15,25.885714285714286,13.2
RIO SAN JUAN,2018-04-01,2018-04-07,2018,68,26.12857142857143,3.6
RIVAS,2018-04-01,2018-04-07,2018,32,27.485714285714284,3.7
ZELAYA CENTRAL,2018-04-01,2018-04-07,2018,31,24.47142857142857,11
BILWI,2018-04-08,2018-04-14,2018,5,26.65714285714286,11.700000000000001
BOACO,2018-04-08,2018-04-14,2018,117,25.428571428571427,8.5
CARAZO,2018-04-08,2018-04-14,2018,22,25.142857142857142,7.8999999999999995
CHINANDEGA,2018-04-08,2018-04-14,2018,31,28.37142857142857,10.3
CHONTALES,2018-04-08,2018-04-14,2018,42,27.585714285714285,7.3
ESTELI,2018-04-08,2018-04-14,2018,36,24.12857142857143,9.3
GRANADA,2018-04-08,2018-04-14,2018,35,27.84285714285714,7.6
JINOTEGA,2018-04-08,2018-04-14,2018,53,21.742857142857144,1.9000000000000001
LEON,2018-04-08,2018-04-14,2018,11,29.12857142857143,3.9000000000000004
MADRIZ,2018-04-08,2018-04-14,2018,22,25.3,3.2
MANAGUA,2018-04-08,2018-04-14,2018,76,28.67142857142857,6.4
MASAYA,2018-04-08,2018-04-14,2018,156,26.157142857142855,5.1
MATAGALPA,2018-04-08,2018-04-14,2018,88,24.071428571428573,4.6
NUEVA SEGOVIA,2018-04-08,2018-04-14,2018,33,25.942857142857143,6.2
REGION AUTONOMA DEL ATLANTICO SUR,2018-04-08,2018-04-14,2018,21,26.485714285714284,22.4
RIO SAN JUAN,2018-04-08,2018-04-14,2018,61,26.714285714285715,11.8
RIVAS,2018-04-08,2018-04-14,2018,22,27.928571428571427,5.8
ZELAYA CENTRAL,2018-04-08,2018-04-14,2018,36,25.485714285714288,9.9
BILWI,2018-04-15,2018-04-21,2018,22,26.685714285714287,17.5
BOACO,2018-04-15,2018-04-21,2018,98,25.685714285714287,0.4
CARAZO,2018-04-15,2018-04-21,2018,21,25.885714285714286,0
CHINANDEGA,2018-04-15,2018-04-21,2018,43,30.34285714285714,3.3000000000000003
CHONTALES,2018-04-15,2018-04-21,2018,34,27.957142857142856,1.3
ESTELI,2018-04-15,2018-04-21,2018,28,24.057142857142857,2.8000000000000003
GRANADA,2018-04-15,2018-04-21,2018,32,28.6,0.8
JINOTEGA,2018-04-15,2018-04-21,2018,63,21.714285714285715,4.3
LEON,2018-04-15,2018-04-21,2018,8,31.314285714285713,3.6
MADRIZ,2018-04-15,2018-04-21,2018,28,24.714285714285715,5.1
MANAGUA,2018-04-15,2018-04-21,2018,52,29.614285714285714,0.7
MASAYA,2018-04-15,2018-04-21,2018,116,27.071428571428573,3.6
MATAGALPA,2018-04-15,2018-04-21,2018,77,24.17142857142857,2
NUEVA SEGOVIA,2018-04-15,2018-04-21,2018,33,25.37142857142857,2.3
REGION AUTONOMA DEL ATLANTICO SUR,2018-04-15,2018-04-21,2018,6,26.2,65.3
RIO SAN JUAN,2018-04-15,2018-04-21,2018,51,26.8,16.1
RIVAS,2018-04-15,2018-04-21,2018,24,28.3,2.9
ZELAYA CENTRAL,2018-04-15,2018-04-21,2018,43,25.314285714285713,19.3
BILWI,2018-04-22,2018-04-28,2018,11,27.12857142857143,11.4
BOACO,2018-04-22,2018-04-28,2018,77,26.285714285714285,4.6
CARAZO,2018-04-22,2018-04-28,2018,19,26.228571428571428,2.8
CHINANDEGA,2018-04-22,2018-04-28,2018,28,29.271428571428572,19.7
CHONTALES,2018-04-22,2018-04-28,2018,28,28.714285714285715,5.9
ESTELI,2018-04-22,2018-04-28,2018,24,24.942857142857143,10.3
GRANADA,2018-04-22,2018-04-28,2018,23,28.714285714285715,5.3
JINOTEGA,2018-04-22,2018-04-28,2018,65,22.67142857142857,8.4
LEON,2018-04-22,2018-04-28,2018,13,30.257142857142856,6
MADRIZ,2018-04-22,2018-04-28,2018,12,25.8,12.3
MANAGUA,2018-04-22,2018-04-28,2018,54,29.757142857142856,5.4
MASAYA,2018-04-22,2018-04-28,2018,120,27.142857142857142,5
MATAGALPA,2018-04-22,2018-04-28,2018,77,24.985714285714288,10.2
NUEVA SEGOVIA,2018-04-22,2018-04-28,2018,39,26.685714285714287,7.6000000000000005
REGION AUTONOMA DEL ATLANTICO SUR,2018-04-22,2018-04-28,2018,10,26.685714285714287,24.400000000000002
RIO SAN JUAN,2018-04-22,2018-04-28,2018,38,27.385714285714286,12.9
RIVAS,2018-04-22,2018-04-28,2018,16,28.62857142857143,3.6
ZELAYA CENTRAL,2018-04-22,2018-04-28,2018,40,26.04285714285714,11.8
BILWI,2018-04-29,2018-05-05,2018,11,26.985714285714284,22.099999999999998
BOACO,2018-04-29,2018-05-05,2018,68,26.271428571428572,2.6
CARAZO,2018-04-29,2018-05-05,2018,14,26.285714285714285,1.3
CHINANDEGA,2018-04-29,2018-05-05,2018,31,29.47142857142857,10.700000000000001
CHONTALES,2018-04-29,2018-05-05,2018,25,28.3,2.5
ESTELI,2018-04-29,2018-05-05,2018,22,25.014285714285712,3
GRANADA,2018-04-29,2018-05-05,2018,17,28.914285714285715,4.3
JINOTEGA,2018-04-29,2018-05-05,2018,63,22.785714285714285,3.8
LEON,2018-04-29,2018-05-05,2018,7,30.357142857142858,5.5
MADRIZ,2018-04-29,2018-05-05,2018,16,26.042857142857144,6.1
MANAGUA,2018-04-29,2018-05-05,2018,58,29.885714285714286,1.3
MASAYA,2018-04-29,2018-05-05,2018,113,27.214285714285715,9.5
MATAGALPA,2018-04-29,2018-05-05,2018,54,25.142857142857142,4.3
NUEVA SEGOVIA,2018-04-29,2018-05-05,2018,35,26.728571428571428,1.4
REGION AUTONOMA DEL ATLANTICO SUR,2018-04-29,2018-05-05,2018,8,26.614285714285714,61
RIO SAN JUAN,2018-04-29,2018-05-05,2018,64,27.314285714285713,6.8
RIVAS,2018-04-29,2018-05-05,2018,12,28.771428571428572,3.5999999999999996
ZELAYA CENTRAL,2018-04-29,2018-05-05,2018,16,25.714285714285715,18.9
BILWI,2018-05-06,2018-05-12,2018,9,26.62857142857143,25.299999999999997
BOACO,2018-05-06,2018-05-12,2018,55,26.814285714285713,5
CARAZO,2018-05-06,2018-05-12,2018,11,25.771428571428572,18.5
CHINANDEGA,2018-05-06,2018-05-12,2018,32,28.099999999999998,74
CHONTALES,2018-05-06,2018-05-12,2018,35,29.02857142857143,2.9
ESTELI,2018-05-06,2018-05-12,2018,12,24.65714285714286,15
GRANADA,2018-05-06,2018-05-12,2018,20,28.257142857142856,21.1
JINOTEGA,2018-05-06,2018-05-12,2018,63,22.814285714285713,3.7
LEON,2018-05-06,2018-05-12,2018,6,28.4,95.8
MADRIZ,2018-05-06,2018-05-12,2018,16,25.071428571428573,6.1
MANAGUA,2018-05-06,2018-05-12,2018,53,28.67142857142857,18.8
MASAYA,2018-05-06,2018-05-12,2018,107,26.414285714285715,21.1
MATAGALPA,2018-05-06,2018-05-12,2018,54,25.485714285714288,5.1000000000000005
NUEVA SEGOVIA,2018-05-06,2018-05-12,2018,54,26.4,5.3
REGION AUTONOMA DEL ATLANTICO SUR,2018-05-06,2018-05-12,2018,11,26.385714285714286,45.1
RIO SAN JUAN,2018-05-06,2018-05-12,2018,84,27.214285714285715,38.5
RIVAS,2018-05-06,2018-05-12,2018,22,28.2,26.4
ZELAYA CENTRAL,2018-05-06,2018-05-12,2018,25,25.92857142857143,22.599999999999998
BILWI,2018-05-13,2018-05-19,2018,9,26.17142857142857,116
BOACO,2018-05-13,2018-05-19,2018,69,24.942857142857143,56.7
CARAZO,2018-05-13,2018-05-19,2018,20,24.357142857142858,138.3
CHINANDEGA,2018-05-13,2018-05-19,2018,29,26.65714285714286,129.2
CHONTALES,2018-05-13,2018-05-19,2018,24,26.67142857142857,90.7
ESTELI,2018-05-13,2018-05-19,2018,13,23.071428571428573,85.7
GRANADA,2018-05-13,2018-05-19,2018,17,27,186.8
JINOTEGA,2018-05-13,2018-05-19,2018,70,21.97142857142857,71
LEON,2018-05-13,2018-05-19,2018,11,27,143
MADRIZ,2018-05-13,2018-05-19,2018,12,23.814285714285713,91.89999999999999
MANAGUA,2018-05-13,2018-05-19,2018,62,27.314285714285713,97.6
MASAYA,2018-05-13,2018-05-19,2018,73,25.214285714285715,120.8
MATAGALPA,2018-05-13,2018-05-19,2018,50,23.8,48
NUEVA SEGOVIA,2018-05-13,2018-05-19,2018,92,24.5,73.6
REGION AUTONOMA DEL ATLANTICO SUR,2018-05-13,2018-05-19,2018,15,26.02857142857143,94.2
RIO SAN JUAN,2018-05-13,2018-05-19,2018,59,26.142857142857142,62.800000000000004
RIVAS,2018-05-13,2018-05-19,2018,24,26.82857142857143,69.6
ZELAYA CENTRAL,2018-05-13,2018-05-19,2018,14,25.314285714285713,66.4
BILWI,2018-05-20,2018-05-26,2018,6,25.957142857142856,112.8
BOACO,2018-05-20,2018-05-26,2018,51,23.642857142857142,113.9
CARAZO,2018-05-20,2018-05-26,2018,8,23.3,107.5
CHINANDEGA,2018-05-20,2018-05-26,2018,27,26.242857142857144,106.8
CHONTALES,2018-05-20,2018-05-26,2018,25,25.34285714285714,82.39999999999999
ESTELI,2018-05-20,2018-05-26,2018,22,22.271428571428572,127.10000000000001
GRANADA,2018-05-20,2018-05-26,2018,27,26.242857142857144,90.2
JINOTEGA,2018-05-20,2018-05-26,2018,86,21.485714285714288,118.4
LEON,2018-05-20,2018-05-26,2018,16,26.271428571428572,102.3
MADRIZ,2018-05-20,2018-05-26,2018,12,23.385714285714286,122.1
MANAGUA,2018-05-20,2018-05-26,2018,55,26.42857142857143,124.4
MASAYA,2018-05-20,2018-05-26,2018,111,24.442857142857143,97.2
MATAGALPA,2018-05-20,2018-05-26,2018,43,22.985714285714288,154
NUEVA SEGOVIA,2018-05-20,2018-05-26,2018,76,23.67142857142857,159.7
REGION AUTONOMA DEL ATLANTICO SUR,2018-05-20,2018-05-26,2018,13,25.785714285714285,102.1
RIO SAN JUAN,2018-05-20,2018-05-26,2018,75,25.657142857142855,101.69999999999999
RIVAS,2018-05-20,2018-05-26,2018,16,25.92857142857143,93.7
ZELAYA CENTRAL,2018-05-20,2018-05-26,2018,18,25.114285714285714,105.8
BILWI,2018-05-27,2018-06-02,2018,7,26.857142857142858,58.8
BOACO,2018-05-27,2018-06-02,2018,58,23.928571428571427,78.3
CARAZO,2018-05-27,2018-06-02,2018,23,23.82857142857143,62.5
CHINANDEGA,2018-05-27,2018-06-02,2018,34,26.62857142857143,84.8
CHONTALES,2018-05-27,2018-06-02,2018,32,25.814285714285713,69.1
ESTELI,2018-05-27,2018-06-02,2018,23,22.485714285714284,48.4
GRANADA,2018-05-27,2018-06-02,2018,20,26.814285714285713,65.5
JINOTEGA,2018-05-27,2018-06-02,2018,65,21.37142857142857,32.300000000000004
LEON,2018-05-27,2018-06-02,2018,11,27,77.60000000000001
MADRIZ,2018-05-27,2018-06-02,2018,15,23.442857142857143,40.4
MANAGUA,2018-05-27,2018-06-02,2018,57,26.82857142857143,48.7
MASAYA,2018-05-27,2018-06-02,2018,76,24.957142857142856,44.7
MATAGALPA,2018-05-27,2018-06-02,2018,41,23.1,89.5
NUEVA SEGOVIA,2018-05-27,2018-06-02,2018,64,23.65714285714286,48.4
REGION AUTONOMA DEL ATLANTICO SUR,2018-05-27,2018-06-02,2018,10,26.428571428571427,86.9
RIO SAN JUAN,2018-05-27,2018-06-02,2018,48,26.157142857142855,61.400000000000006
RIVAS,2018-05-27,2018-06-02,2018,20,26.37142857142857,249.4
ZELAYA CENTRAL,2018-05-27,2018-06-02,2018,11,25.54285714285714,66.3
BILWI,2018-06-03,2018-06-09,2018,11,26.97142857142857,49.5
BOACO,2018-06-03,2018-06-09,2018,78,24.085714285714285,14
CARAZO,2018-06-03,2018-06-09,2018,6,24.071428571428573,29.1
CHINANDEGA,2018-06-03,2018-06-09,2018,37,27.771428571428572,38.8
CHONTALES,2018-06-03,2018-06-09,2018,27,26.185714285714287,17.1
ESTELI,2018-06-03,2018-06-09,2018,17,22.7,31.6
GRANADA,2018-06-03,2018-06-09,2018,20,27,49.7
JINOTEGA,2018-06-03,2018-06-09,2018,60,21.228571428571428,23.5
LEON,2018-06-03,2018-06-09,2018,12,28.185714285714287,25.5
MADRIZ,2018-06-03,2018-06-09,2018,14,22.985714285714288,30
MANAGUA,2018-06-03,2018-06-09,2018,84,27.057142857142857,29
MASAYA,2018-06-03,2018-06-09,2018,54,24.87142857142857,59.699999999999996
MATAGALPA,2018-06-03,2018-06-09,2018,41,23.071428571428573,15.1
NUEVA SEGOVIA,2018-06-03,2018-06-09,2018,85,23.6,19.5
REGION AUTONOMA DEL ATLANTICO SUR,2018-06-03,2018-06-09,2018,15,26.014285714285716,154.4
RIO SAN JUAN,2018-06-03,2018-06-09,2018,46,25.442857142857143,105.6
RIVAS,2018-06-03,2018-06-09,2018,27,26.614285714285714,49.8
ZELAYA CENTRAL,2018-06-03,2018-06-09,2018,15,24.8,87.2
BILWI,2018-06-10,2018-06-16,2018,15,26.071428571428573,128.2
BOACO,2018-06-10,2018-06-16,2018,76,23.82857142857143,51.5
CARAZO,2018-06-10,2018-06-16,2018,3,23.8,40.3
CHINANDEGA,2018-06-10,2018-06-16,2018,31,26.52857142857143,154.7
CHONTALES,2018-06-10,2018-06-16,2018,45,25.685714285714287,49.8
ESTELI,2018-06-10,2018-06-16,2018,16,22.257142857142856,62.099999999999994
GRANADA,2018-06-10,2018-06-16,2018,12,26.52857142857143,87.8
JINOTEGA,2018-06-10,2018-06-16,2018,38,21.142857142857142,39.3
LEON,2018-06-10,2018-06-16,2018,10,26.928571428571427,72.60000000000001
MADRIZ,2018-06-10,2018-06-16,2018,17,22.728571428571428,94.3
MANAGUA,2018-06-10,2018-06-16,2018,57,26.62857142857143,44.5
MASAYA,2018-06-10,2018-06-16,2018,52,24.5,79.3
MATAGALPA,2018-06-10,2018-06-16,2018,47,22.885714285714286,35.3
NUEVA SEGOVIA,2018-06-10,2018-06-16,2018,65,23.242857142857144,48.4
REGION AUTONOMA DEL ATLANTICO SUR,2018-06-10,2018-06-16,2018,11,25.814285714285713,128.9
RIO SAN JUAN,2018-06-10,2018-06-16,2018,52,25.52857142857143,77.7
RIVAS,2018-06-10,2018-06-16,2018,27,26.257142857142856,46.699999999999996
ZELAYA CENTRAL,2018-06-10,2018-06-16,2018,14,24.728571428571428,71.2
BILWI,2018-06-17,2018-06-23,2018,18,26.985714285714284,23.1
BOACO,2018-06-17,2018-06-23,2018,73,24.285714285714285,29.2
CARAZO,2018-06-17,2018-06-23,2018,0,24.014285714285716,42.8
CHINANDEGA,2018-06-17,2018-06-23,2018,18,26.642857142857142,75.3
CHONTALES,2018-06-17,2018-06-23,2018,41,26.085714285714285,31.7
ESTELI,2018-06-17,2018-06-23,2018,10,22.65714285714286,40.8
GRANADA,2018-06-17,2018-06-23,2018,15,26.757142857142856,58.4
JINOTEGA,2018-06-17,2018-06-23,2018,37,21.65714285714286,27.5
LEON,2018-06-17,2018-06-23,2018,9,27.057142857142857,55.5
MADRIZ,2018-06-17,2018-06-23,2018,13,23.1,33.1
MANAGUA,2018-06-17,2018-06-23,2018,84,26.82857142857143,35.7
MASAYA,2018-06-17,2018-06-23,2018,52,24.785714285714285,50.7
MATAGALPA,2018-06-17,2018-06-23,2018,41,23.357142857142858,14.7
NUEVA SEGOVIA,2018-06-17,2018-06-23,2018,59,23.571428571428573,44.5
REGION AUTONOMA DEL ATLANTICO SUR,2018-06-17,2018-06-23,2018,12,26.485714285714288,75.3
RIO SAN JUAN,2018-06-17,2018-06-23,2018,61,25.885714285714286,69.5
RIVAS,2018-06-17,2018-06-23,2018,30,26.34285714285714,73.8
ZELAYA CENTRAL,2018-06-17,2018-06-23,2018,14,25.485714285714288,68.1
BILWI,2018-06-24,2018-06-30,2018,11,26.985714285714288,51.9
BOACO,2018-06-24,2018-06-30,2018,64,23.62857142857143,14.6
CARAZO,2018-06-24,2018-06-30,2018,0,23.542857142857144,35.6
CHINANDEGA,2018-06-24,2018-06-30,2018,24,27.34285714285714,48.4
CHONTALES,2018-06-24,2018-06-30,2018,30,25.557142857142857,23.7
ESTELI,2018-06-24,2018-06-30,2018,17,22.342857142857145,9.2
GRANADA,2018-06-24,2018-06-30,2018,27,26.571428571428573,57.6
JINOTEGA,2018-06-24,2018-06-30,2018,44,20.82857142857143,25.8
LEON,2018-06-24,2018-06-30,2018,30,28.02857142857143,16.400000000000002
MADRIZ,2018-06-24,2018-06-30,2018,28,22.67142857142857,26.6
MANAGUA,2018-06-24,2018-06-30,2018,76,26.62857142857143,28.4
MASAYA,2018-06-24,2018-06-30,2018,80,24.428571428571427,58.300000000000004
MATAGALPA,2018-06-24,2018-06-30,2018,55,22.728571428571428,17.2
NUEVA SEGOVIA,2018-06-24,2018-06-30,2018,42,23.428571428571427,12.2
REGION AUTONOMA DEL ATLANTICO SUR,2018-06-24,2018-06-30,2018,23,25.6,114.9
RIO SAN JUAN,2018-06-24,2018-06-30,2018,42,24.6,147.70000000000002
RIVAS,2018-06-24,2018-06-30,2018,45,25.757142857142856,74.8
ZELAYA CENTRAL,2018-06-24,2018-06-30,2018,15,24.185714285714287,92.6
BILWI,2018-07-01,2018-07-07,2018,10,26.257142857142856,92.8
BOACO,2018-07-01,2018-07-07,2018,116,23.65714285714286,9.9
CARAZO,2018-07-01,2018-07-07,2018,0,23.685714285714287,15.700000000000001
CHINANDEGA,2018-07-01,2018-07-07,2018,27,27.742857142857144,15.200000000000001
CHONTALES,2018-07-01,2018-07-07,2018,39,25.614285714285714,8.9
ESTELI,2018-07-01,2018-07-07,2018,11,22.414285714285715,47.599999999999994
GRANADA,2018-07-01,2018-07-07,2018,31,26.714285714285715,21.3
JINOTEGA,2018-07-01,2018-07-07,2018,55,20.757142857142856,34
LEON,2018-07-01,2018-07-07,2018,43,28.414285714285715,11.700000000000001
MADRIZ,2018-07-01,2018-07-07,2018,25,22.742857142857144,31.700000000000003
MANAGUA,2018-07-01,2018-07-07,2018,71,26.857142857142858,17.2
MASAYA,2018-07-01,2018-07-07,2018,95,24.514285714285716,34.4
MATAGALPA,2018-07-01,2018-07-07,2018,40,22.785714285714285,14.4
NUEVA SEGOVIA,2018-07-01,2018-07-07,2018,60,23.557142857142857,11.2
REGION AUTONOMA DEL ATLANTICO SUR,2018-07-01,2018-07-07,2018,18,25.5,139.9
RIO SAN JUAN,2018-07-01,2018-07-07,2018,46,25,58.8
RIVAS,2018-07-01,2018-07-07,2018,57,26.214285714285715,25.1
ZELAYA CENTRAL,2018-07-01,2018-07-07,2018,15,24.32857142857143,106.5
BILWI,2018-07-08,2018-07-14,2018,13,26.65714285714286,50.8
BOACO,2018-07-08,2018-07-14,2018,90,24.314285714285713,25.9
CARAZO,2018-07-08,2018-07-14,2018,3,24.4,6.2
CHINANDEGA,2018-07-08,2018-07-14,2018,30,28.742857142857144,10.9
CHONTALES,2018-07-08,2018-07-14,2018,45,26.4,5.5
ESTELI,2018-07-08,2018-07-14,2018,24,22.942857142857143,1.5
GRANADA,2018-07-08,2018-07-14,2018,40,27.34285714285714,15.3
JINOTEGA,2018-07-08,2018-07-14,2018,74,21.257142857142856,13.7
LEON,2018-07-08,2018-07-14,2018,54,29.5,5.2
MADRIZ,2018-07-08,2018-07-14,2018,18,23.314285714285713,10.6
MANAGUA,2018-07-08,2018-07-14,2018,86,27.84285714285714,7.3
MASAYA,2018-07-08,2018-07-14,2018,131,25.242857142857144,14.299999999999999
MATAGALPA,2018-07-08,2018-07-14,2018,48,23.385714285714286,6.7
NUEVA SEGOVIA,2018-07-08,2018-07-14,2018,80,24.242857142857144,3.5
REGION AUTONOMA DEL ATLANTICO SUR,2018-07-08,2018-07-14,2018,48,26.228571428571428,99.60000000000001
RIO SAN JUAN,2018-07-08,2018-07-14,2018,24,25.9,48.1
RIVAS,2018-07-08,2018-07-14,2018,70,26.84285714285714,15.100000000000001
ZELAYA CENTRAL,2018-07-08,2018-07-14,2018,26,25.257142857142856,74.60000000000001
BILWI,2018-07-15,2018-07-21,2018,6,26.87142857142857,45.2
BOACO,2018-07-15,2018-07-21,2018,116,24.185714285714287,11.6
CARAZO,2018-07-15,2018-07-21,2018,6,24.357142857142858,7.5
CHINANDEGA,2018-07-15,2018-07-21,2018,37,29.071428571428573,2.8
CHONTALES,2018-07-15,2018-07-21,2018,39,26.4,4.9
ESTELI,2018-07-15,2018-07-21,2018,23,22.914285714285715,1.1
GRANADA,2018-07-15,2018-07-21,2018,55,27.242857142857144,19.099999999999998
JINOTEGA,2018-07-15,2018-07-21,2018,50,21.071428571428573,13.6
LEON,2018-07-15,2018-07-21,2018,36,29.65714285714286,1
MADRIZ,2018-07-15,2018-07-21,2018,28,23.214285714285715,12.5
MANAGUA,2018-07-15,2018-07-21,2018,87,27.885714285714286,7
MASAYA,2018-07-15,2018-07-21,2018,102,25.142857142857142,19.1
MATAGALPA,2018-07-15,2018-07-21,2018,33,23.17142857142857,7.5
NUEVA SEGOVIA,2018-07-15,2018-07-21,2018,46,24.34285714285714,4.6
REGION AUTONOMA DEL ATLANTICO SUR,2018-07-15,2018-07-21,2018,39,26.114285714285714,138
RIO SAN JUAN,2018-07-15,2018-07-21,2018,43,25.15714285714286,56.6
RIVAS,2018-07-15,2018-07-21,2018,36,26.65714285714286,22.6
ZELAYA CENTRAL,2018-07-15,2018-07-21,2018,22,24.87142857142857,83.9
BILWI,2018-07-22,2018-07-28,2018,5,27.214285714285715,13.5
BOACO,2018-07-22,2018-07-28,2018,90,24.942857142857143,5.5
CARAZO,2018-07-22,2018-07-28,2018,14,24.914285714285715,6.4
CHINANDEGA,2018-07-22,2018-07-28,2018,47,28.6,13.700000000000001
CHONTALES,2018-07-22,2018-07-28,2018,41,27.214285714285715,6.6
ESTELI,2018-07-22,2018-07-28,2018,23,23.6,1.5
GRANADA,2018-07-22,2018-07-28,2018,59,27.62857142857143,16.9
JINOTEGA,2018-07-22,2018-07-28,2018,65,21.8,3.4
LEON,2018-07-22,2018-07-28,2018,50,30.514285714285712,4.9
MADRIZ,2018-07-22,2018-07-28,2018,27,24.057142857142857,5.4
MANAGUA,2018-07-22,2018-07-28,2018,113,28.7,5.6
MASAYA,2018-07-22,2018-07-28,2018,153,25.52857142857143,13.8
MATAGALPA,2018-07-22,2018-07-28,2018,44,23.771428571428572,3.3000000000000003
NUEVA SEGOVIA,2018-07-22,2018-07-28,2018,55,25.4,2.4
REGION AUTONOMA DEL ATLANTICO SUR,2018-07-22,2018-07-28,2018,37,26.8,50.5
RIO SAN JUAN,2018-07-22,2018-07-28,2018,52,25.92857142857143,38.6
RIVAS,2018-07-22,2018-07-28,2018,76,27,15.799999999999999
ZELAYA CENTRAL,2018-07-22,2018-07-28,2018,39,25.8,39.2
BILWI,2018-07-29,2018-08-04,2018,4,26.485714285714288,108.1
BOACO,2018-07-29,2018-08-04,2018,99,23.642857142857142,43.6
CARAZO,2018-07-29,2018-08-04,2018,15,23.442857142857143,50.9
CHINANDEGA,2018-07-29,2018-08-04,2018,35,27.485714285714284,53.6
CHONTALES,2018-07-29,2018-08-04,2018,48,25.685714285714287,95.8
ESTELI,2018-07-29,2018-08-04,2018,41,22.92857142857143,23.9
GRANADA,2018-07-29,2018-08-04,2018,66,26.142857142857142,69.3
JINOTEGA,2018-07-29,2018-08-04,2018,39,20.928571428571427,25.3
LEON,2018-07-29,2018-08-04,2018,51,28.15714285714286,36.7
MADRIZ,2018-07-29,2018-08-04,2018,24,22.885714285714286,29.7
MANAGUA,2018-07-29,2018-08-04,2018,109,26.642857142857142,51.800000000000004
MASAYA,2018-07-29,2018-08-04,2018,150,24.071428571428573,84.7
MATAGALPA,2018-07-29,2018-08-04,2018,51,22.714285714285715,26.5
NUEVA SEGOVIA,2018-07-29,2018-08-04,2018,31,24.07142857142857,14
REGION AUTONOMA DEL ATLANTICO SUR,2018-07-29,2018-08-04,2018,31,25.17142857142857,207.3
RIO SAN JUAN,2018-07-29,2018-08-04,2018,39,24.742857142857144,165
RIVAS,2018-07-29,2018-08-04,2018,43,25.685714285714287,149.1
ZELAYA CENTRAL,2018-07-29,2018-08-04,2018,46,24.02857142857143,122.5
BILWI,2018-08-05,2018-08-11,2018,5,26.742857142857144,52.7
BOACO,2018-08-05,2018-08-11,2018,123,24.114285714285714,9.3
CARAZO,2018-08-05,2018-08-11,2018,28,24.285714285714285,11.3
CHINANDEGA,2018-08-05,2018-08-11,2018,36,28.84285714285714,14.1
CHONTALES,2018-08-05,2018-08-11,2018,37,26.2,3.9
ESTELI,2018-08-05,2018-08-11,2018,26,23.214285714285715,7.7
GRANADA,2018-08-05,2018-08-11,2018,58,27.214285714285715,16.5
JINOTEGA,2018-08-05,2018-08-11,2018,66,21.257142857142856,16
LEON,2018-08-05,2018-08-11,2018,69,29.6,6.2
MADRIZ,2018-08-05,2018-08-11,2018,21,23.242857142857144,27.2
MANAGUA,2018-08-05,2018-08-11,2018,100,27.4,8.700000000000001
MASAYA,2018-08-05,2018-08-11,2018,151,25.071428571428573,21.5
MATAGALPA,2018-08-05,2018-08-11,2018,53,23.257142857142856,12.6
NUEVA SEGOVIA,2018-08-05,2018-08-11,2018,42,24.185714285714287,9.1
REGION AUTONOMA DEL ATLANTICO SUR,2018-08-05,2018-08-11,2018,18,26.085714285714285,116.9
RIO SAN JUAN,2018-08-05,2018-08-11,2018,29,25.7,58
RIVAS,2018-08-05,2018-08-11,2018,58,26.7,29.9
ZELAYA CENTRAL,2018-08-05,2018-08-11,2018,51,24.985714285714288,80.4
BILWI,2018-08-12,2018-08-18,2018,16,26.242857142857144,65.9
BOACO,2018-08-12,2018-08-18,2018,133,24.042857142857144,10.9
CARAZO,2018-08-12,2018-08-18,2018,42,24.17142857142857,11.1
CHINANDEGA,2018-08-12,2018-08-18,2018,42,28.114285714285714,26
CHONTALES,2018-08-12,2018-08-18,2018,43,26.242857142857144,6.6000000000000005
ESTELI,2018-08-12,2018-08-18,2018,35,22.95714285714286,7.5
GRANADA,2018-08-12,2018-08-18,2018,108,27,31.9
JINOTEGA,2018-08-12,2018-08-18,2018,54,21.085714285714285,11
LEON,2018-08-12,2018-08-18,2018,67,29.5,7.1
MADRIZ,2018-08-12,2018-08-18,2018,29,22.957142857142856,22.700000000000003
MANAGUA,2018-08-12,2018-08-18,2018,133,27.37142857142857,13.5
MASAYA,2018-08-12,2018-08-18,2018,150,24.814285714285713,26.5
MATAGALPA,2018-08-12,2018-08-18,2018,61,23.15714285714286,6.2
NUEVA SEGOVIA,2018-08-12,2018-08-18,2018,44,23.928571428571427,7.2
REGION AUTONOMA DEL ATLANTICO SUR,2018-08-12,2018-08-18,2018,23,25.957142857142856,90.7
RIO SAN JUAN,2018-08-12,2018-08-18,2018,93,25.8,37.2
RIVAS,2018-08-12,2018-08-18,2018,100,26.65714285714286,20.6
ZELAYA CENTRAL,2018-08-12,2018-08-18,2018,55,24.942857142857143,66
BILWI,2018-08-19,2018-08-25,2018,17,26.67142857142857,41.5
BOACO,2018-08-19,2018-08-25,2018,115,24.385714285714286,7.6
CARAZO,2018-08-19,2018-08-25,2018,78,24.37142857142857,7.7
CHINANDEGA,2018-08-19,2018-08-25,2018,65,28.65714285714286,11.700000000000001
CHONTALES,2018-08-19,2018-08-25,2018,45,26.428571428571427,8.1
ESTELI,2018-08-19,2018-08-25,2018,43,23.557142857142857,3.3
GRANADA,2018-08-19,2018-08-25,2018,102,27.12857142857143,18.5
JINOTEGA,2018-08-19,2018-08-25,2018,80,21.32857142857143,11.1
LEON,2018-08-19,2018-08-25,2018,168,30.314285714285713,1.2
MADRIZ,2018-08-19,2018-08-25,2018,24,23.557142857142857,8
MANAGUA,2018-08-19,2018-08-25,2018,156,27.714285714285715,11.1
MASAYA,2018-08-19,2018-08-25,2018,287,24.985714285714288,21.3
MATAGALPA,2018-08-19,2018-08-25,2018,45,23.485714285714288,7.9
NUEVA SEGOVIA,2018-08-19,2018-08-25,2018,64,24.7,5.2
REGION AUTONOMA DEL ATLANTICO SUR,2018-08-19,2018-08-25,2018,19,26.014285714285716,132.3
RIO SAN JUAN,2018-08-19,2018-08-25,2018,67,25.757142857142856,44.9
RIVAS,2018-08-19,2018-08-25,2018,84,26.614285714285714,34.5
ZELAYA CENTRAL,2018-08-19,2018-08-25,2018,52,24.857142857142858,94.6
BILWI,2018-08-26,2018-09-01,2018,20,26.557142857142857,50
BOACO,2018-08-26,2018-09-01,2018,97,24.2,13.4
CARAZO,2018-08-26,2018-09-01,2018,65,24.07142857142857,15.4
CHINANDEGA,2018-08-26,2018-09-01,2018,67,27.614285714285714,50.9
CHONTALES,2018-08-26,2018-09-01,2018,54,26.32857142857143,18.2
ESTELI,2018-08-26,2018-09-01,2018,60,23.428571428571427,15.1
GRANADA,2018-08-26,2018-09-01,2018,101,26.685714285714287,29
JINOTEGA,2018-08-26,2018-09-01,2018,78,21.17142857142857,13.4
LEON,2018-08-26,2018-09-01,2018,437,29.357142857142858,16.3
MADRIZ,2018-08-26,2018-09-01,2018,27,23.242857142857144,19.3
MANAGUA,2018-08-26,2018-09-01,2018,172,27.228571428571428,16.9
MASAYA,2018-08-26,2018-09-01,2018,300,24.614285714285714,28.7
MATAGALPA,2018-08-26,2018-09-01,2018,51,23.257142857142856,10.4
NUEVA SEGOVIA,2018-08-26,2018-09-01,2018,92,24.42857142857143,7.2
REGION AUTONOMA DEL ATLANTICO SUR,2018-08-26,2018-09-01,2018,18,25.714285714285715,121.5
RIO SAN JUAN,2018-08-26,2018-09-01,2018,76,25.185714285714287,64
RIVAS,2018-08-26,2018-09-01,2018,57,26.17142857142857,45.8
ZELAYA CENTRAL,2018-08-26,2018-09-01,2018,61,24.62857142857143,75.1
BILWI,2018-09-02,2018-09-08,2018,28,26.32857142857143,70.10000000000001
BOACO,2018-09-02,2018-09-08,2018,112,24.42857142857143,24.8
CARAZO,2018-09-02,2018-09-08,2018,87,24.17142857142857,21.7
CHINANDEGA,2018-09-02,2018-09-08,2018,78,27.185714285714287,76
CHONTALES,2018-09-02,2018-09-08,2018,92,26.47142857142857,16.7
ESTELI,2018-09-02,2018-09-08,2018,85,23.071428571428573,36.2
GRANADA,2018-09-02,2018-09-08,2018,133,26.8,50.5
JINOTEGA,2018-09-02,2018-09-08,2018,93,21.314285714285713,18.7
LEON,2018-09-02,2018-09-08,2018,324,28.185714285714287,45.699999999999996
MADRIZ,2018-09-02,2018-09-08,2018,27,23.271428571428572,24.2
MANAGUA,2018-09-02,2018-09-08,2018,241,27.34285714285714,24.8
MASAYA,2018-09-02,2018-09-08,2018,320,24.78571428571429,33.5
MATAGALPA,2018-09-02,2018-09-08,2018,64,23.3,16
NUEVA SEGOVIA,2018-09-02,2018-09-08,2018,74,24.32857142857143,11.200000000000001
REGION AUTONOMA DEL ATLANTICO SUR,2018-09-02,2018-09-08,2018,31,25.82857142857143,90.5
RIO SAN JUAN,2018-09-02,2018-09-08,2018,89,25.5,60.6
RIVAS,2018-09-02,2018-09-08,2018,64,26.357142857142858,27.900000000000002
ZELAYA CENTRAL,2018-09-02,2018-09-08,2018,51,24.885714285714286,50.6
BILWI,2018-09-09,2018-09-15,2018,62,26.885714285714286,40.4
BOACO,2018-09-09,2018-09-15,2018,105,24.34285714285714,62.699999999999996
CARAZO,2018-09-09,2018-09-15,2018,67,24.15714285714286,46.5
CHINANDEGA,2018-09-09,2018-09-15,2018,92,26.514285714285712,61.6
CHONTALES,2018-09-09,2018-09-15,2018,103,26.3,34.4
ESTELI,2018-09-09,2018-09-15,2018,67,22.685714285714287,57.6
GRANADA,2018-09-09,2018-09-15,2018,111,27.014285714285716,47.5
JINOTEGA,2018-09-09,2018-09-15,2018,87,21.771428571428572,51.8
LEON,2018-09-09,2018-09-15,2018,285,26.857142857142858,62.2
MADRIZ,2018-09-09,2018-09-15,2018,18,23.2,51.8
MANAGUA,2018-09-09,2018-09-15,2018,198,27.17142857142857,52.8
MASAYA,2018-09-09,2018-09-15,2018,257,25,42
MATAGALPA,2018-09-09,2018-09-15,2018,58,23.54285714285714,36.9
NUEVA SEGOVIA,2018-09-09,2018-09-15,2018,80,23.985714285714284,60.1
REGION AUTONOMA DEL ATLANTICO SUR,2018-09-09,2018-09-15,2018,23,26.87142857142857,14
RIO SAN JUAN,2018-09-09,2018-09-15,2018,67,26.32857142857143,39.5
RIVAS,2018-09-09,2018-09-15,2018,74,26.485714285714288,55.8
ZELAYA CENTRAL,2018-09-09,2018-09-15,2018,57,25.8,34.5
BILWI,2018-09-16,2018-09-22,2018,43,26.642857142857142,88.8
BOACO,2018-09-16,2018-09-22,2018,100,24.614285714285714,11.5
CARAZO,2018-09-16,2018-09-22,2018,71,24.242857142857144,26.8
CHINANDEGA,2018-09-16,2018-09-22,2018,102,27.014285714285716,79.9
CHONTALES,2018-09-16,2018-09-22,2018,121,26.614285714285714,15.200000000000001
ESTELI,2018-09-16,2018-09-22,2018,72,23.257142857142856,20.7
GRANADA,2018-09-16,2018-09-22,2018,143,27.014285714285712,73.8
JINOTEGA,2018-09-16,2018-09-22,2018,125,21.757142857142856,15.8
LEON,2018-09-16,2018-09-22,2018,215,27.757142857142856,79.8
MADRIZ,2018-09-16,2018-09-22,2018,26,23.542857142857144,27
MANAGUA,2018-09-16,2018-09-22,2018,225,27.47142857142857,24
MASAYA,2018-09-16,2018-09-22,2018,239,24.985714285714288,59.1
MATAGALPA,2018-09-16,2018-09-22,2018,72,23.714285714285715,11.4
NUEVA SEGOVIA,2018-09-16,2018-09-22,2018,78,24.542857142857144,11
REGION AUTONOMA DEL ATLANTICO SUR,2018-09-16,2018-09-22,2018,19,26.285714285714285,115.39999999999999
RIO SAN JUAN,2018-09-16,2018-09-22,2018,71,25.7,101.2
RIVAS,2018-09-16,2018-09-22,2018,70,26.514285714285712,69.2
ZELAYA CENTRAL,2018-09-16,2018-09-22,2018,57,25.114285714285714,73.4
BILWI,2018-09-23,2018-09-29,2018,80,26.357142857142858,79
BOACO,2018-09-23,2018-09-29,2018,119,23.9,22.9
CARAZO,2018-09-23,2018-09-29,2018,72,23.742857142857144,22.2
CHINANDEGA,2018-09-23,2018-09-29,2018,93,27.214285714285715,59.8
CHONTALES,2018-09-23,2018-09-29,2018,116,25.985714285714284,16.6
ESTELI,2018-09-23,2018-09-29,2018,92,22.685714285714287,24.7
GRANADA,2018-09-23,2018-09-29,2018,141,26.557142857142857,48.4
JINOTEGA,2018-09-23,2018-09-29,2018,129,20.985714285714288,31.7
LEON,2018-09-23,2018-09-29,2018,231,28,25.2
MADRIZ,2018-09-23,2018-09-29,2018,38,22.985714285714284,31.8
MANAGUA,2018-09-23,2018-09-29,2018,222,26.87142857142857,23.2
MASAYA,2018-09-23,2018-09-29,2018,236,24.45714285714286,49
MATAGALPA,2018-09-23,2018-09-29,2018,61,22.95714285714286,27.8
NUEVA SEGOVIA,2018-09-23,2018-09-29,2018,97,23.914285714285715,11.299999999999999
REGION AUTONOMA DEL ATLANTICO SUR,2018-09-23,2018-09-29,2018,25,25.271428571428572,190.6
RIO SAN JUAN,2018-09-23,2018-09-29,2018,50,24.87142857142857,120.5
RIVAS,2018-09-23,2018-09-29,2018,74,26.014285714285712,54.1
ZELAYA CENTRAL,2018-09-23,2018-09-29,2018,49,24.185714285714287,114.9
BILWI,2018-09-30,2018-10-06,2018,69,25.47142857142857,79.4
BOACO,2018-09-30,2018-10-06,2018,118,23.2,281.2
CARAZO,2018-09-30,2018-10-06,2018,58,22.985714285714284,453.90000000000003
CHINANDEGA,2018-09-30,2018-10-06,2018,81,26.02857142857143,368
CHONTALES,2018-09-30,2018-10-06,2018,81,24.985714285714284,173.6
ESTELI,2018-09-30,2018-10-06,2018,76,22.2,245.20000000000002
GRANADA,2018-09-30,2018-10-06,2018,141,25.728571428571428,347
JINOTEGA,2018-09-30,2018-10-06,2018,138,20.614285714285714,246.8
LEON,2018-09-30,2018-10-06,2018,206,26.185714285714287,295.8
MADRIZ,2018-09-30,2018-10-06,2018,30,22.614285714285714,203.5
MANAGUA,2018-09-30,2018-10-06,2018,206,26.12857142857143,230.3
MASAYA,2018-09-30,2018-10-06,2018,214,23.9,352.7
MATAGALPA,2018-09-30,2018-10-06,2018,103,22.6,316.7
NUEVA SEGOVIA,2018-09-30,2018-10-06,2018,101,23.4,180.8
REGION AUTONOMA DEL ATLANTICO SUR,2018-09-30,2018-10-06,2018,16,25.157142857142855,121.8
RIO SAN JUAN,2018-09-30,2018-10-06,2018,53,24.742857142857144,116.7
RIVAS,2018-09-30,2018-10-06,2018,93,25.142857142857142,288.3
ZELAYA CENTRAL,2018-09-30,2018-10-06,2018,64,24.242857142857144,128.6
BILWI,2018-10-07,2018-10-13,2018,42,27.014285714285712,44.1
BOACO,2018-10-07,2018-10-13,2018,142,23.32857142857143,78.7
CARAZO,2018-10-07,2018-10-13,2018,58,23.014285714285716,37.7
CHINANDEGA,2018-10-07,2018-10-13,2018,59,25.442857142857143,140.8
CHONTALES,2018-10-07,2018-10-13,2018,90,24.97142857142857,64.2
ESTELI,2018-10-07,2018-10-13,2018,102,21.614285714285714,128.6
GRANADA,2018-10-07,2018-10-13,2018,143,26.02857142857143,31.3
JINOTEGA,2018-10-07,2018-10-13,2018,156,20.97142857142857,54.5
LEON,2018-10-07,2018-10-13,2018,159,25.5,119.7
MADRIZ,2018-10-07,2018-10-13,2018,37,22.942857142857143,59.7
MANAGUA,2018-10-07,2018-10-13,2018,229,25.928571428571427,37
MASAYA,2018-10-07,2018-10-13,2018,220,24.257142857142856,34.1
MATAGALPA,2018-10-07,2018-10-13,2018,96,22.67142857142857,101.1
NUEVA SEGOVIA,2018-10-07,2018-10-13,2018,112,23.114285714285714,92.8
REGION AUTONOMA DEL ATLANTICO SUR,2018-10-07,2018-10-13,2018,21,26.62857142857143,29.200000000000003
RIO SAN JUAN,2018-10-07,2018-10-13,2018,69,26.34285714285714,42.9
RIVAS,2018-10-07,2018-10-13,2018,130,25.585714285714285,55
ZELAYA CENTRAL,2018-10-07,2018-10-13,2018,60,26.228571428571428,28.5
BILWI,2018-10-14,2018-10-20,2018,77,25.514285714285712,121.9
BOACO,2018-10-14,2018-10-20,2018,151,22.985714285714284,139.1
CARAZO,2018-10-14,2018-10-20,2018,125,22.7,181.3
CHINANDEGA,2018-10-14,2018-10-20,2018,87,25.385714285714286,154
CHONTALES,2018-10-14,2018-10-20,2018,129,24.614285714285714,140.2
ESTELI,2018-10-14,2018-10-20,2018,103,21.728571428571428,136.6
GRANADA,2018-10-14,2018-10-20,2018,197,25.47142857142857,141.4
JINOTEGA,2018-10-14,2018-10-20,2018,189,20.785714285714285,145
LEON,2018-10-14,2018-10-20,2018,192,25.442857142857143,162.5
MADRIZ,2018-10-14,2018-10-20,2018,37,22.099999999999998,89.9
MANAGUA,2018-10-14,2018-10-20,2018,276,25.57142857142857,124.5
MASAYA,2018-10-14,2018-10-20,2018,261,23.642857142857142,175.3
MATAGALPA,2018-10-14,2018-10-20,2018,108,22.257142857142856,134.4
NUEVA SEGOVIA,2018-10-14,2018-10-20,2018,96,22.542857142857144,93.3
REGION AUTONOMA DEL ATLANTICO SUR,2018-10-14,2018-10-20,2018,23,25.385714285714286,133.6
RIO SAN JUAN,2018-10-14,2018-10-20,2018,104,25,111.2
RIVAS,2018-10-14,2018-10-20,2018,121,24.942857142857143,245
ZELAYA CENTRAL,2018-10-14,2018-10-20,2018,50,24.314285714285713,122.2
BILWI,2018-10-21,2018-10-27,2018,30,26.242857142857144,27.900000000000002
BOACO,2018-10-21,2018-10-27,2018,131,23.585714285714285,5.5
CARAZO,2018-10-21,2018-10-27,2018,123,23.557142857142857,13
CHINANDEGA,2018-10-21,2018-10-27,2018,104,26.814285714285713,7.4
CHONTALES,2018-10-21,2018-10-27,2018,138,25.5,11.1
ESTELI,2018-10-21,2018-10-27,2018,124,22.085714285714285,5.3
GRANADA,2018-10-21,2018-10-27,2018,161,26.614285714285714,22.7
JINOTEGA,2018-10-21,2018-10-27,2018,222,20.785714285714285,7.4
LEON,2018-10-21,2018-10-27,2018,154,27.385714285714286,4.8
MADRIZ,2018-10-21,2018-10-27,2018,50,22.54285714285714,4.6
MANAGUA,2018-10-21,2018-10-27,2018,258,26.5,9.2
MASAYA,2018-10-21,2018-10-27,2018,236,24.314285714285713,24
MATAGALPA,2018-10-21,2018-10-27,2018,92,22.67142857142857,4.6000000000000005
NUEVA SEGOVIA,2018-10-21,2018-10-27,2018,124,23.014285714285712,2.1
REGION AUTONOMA DEL ATLANTICO SUR,2018-10-21,2018-10-27,2018,10,25.6,107.2
RIO SAN JUAN,2018-10-21,2018-10-27,2018,86,25.357142857142858,84.1
RIVAS,2018-10-21,2018-10-27,2018,134,26.02857142857143,37.5
ZELAYA CENTRAL,2018-10-21,2018-10-27,2018,64,24.47142857142857,67.1
BILWI,2018-10-28,2018-11-03,2018,11,26.214285714285715,31.5
BOACO,2018-10-28,2018-11-03,2018,151,23.82857142857143,4.7
CARAZO,2018-10-28,2018-11-03,2018,73,23.985714285714284,6.5
CHINANDEGA,2018-10-28,2018-11-03,2018,84,27.12857142857143,7.699999999999999
CHONTALES,2018-10-28,2018-11-03,2018,92,25.771428571428572,5.5
ESTELI,2018-10-28,2018-11-03,2018,107,22.214285714285715,4.7
GRANADA,2018-10-28,2018-11-03,2018,135,26.9,11.4
JINOTEGA,2018-10-28,2018-11-03,2018,181,20.985714285714288,5.3
LEON,2018-10-28,2018-11-03,2018,127,27.37142857142857,6.9
MADRIZ,2018-10-28,2018-11-03,2018,52,22.87142857142857,7.8
MANAGUA,2018-10-28,2018-11-03,2018,197,26.814285714285713,6.7
MASAYA,2018-10-28,2018-11-03,2018,110,24.67142857142857,10.3
MATAGALPA,2018-10-28,2018-11-03,2018,93,22.857142857142858,5.1
NUEVA SEGOVIA,2018-10-28,2018-11-03,2018,127,23.414285714285715,2.1
REGION AUTONOMA DEL ATLANTICO SUR,2018-10-28,2018-11-03,2018,13,25.985714285714288,84.7
RIO SAN JUAN,2018-10-28,2018-11-03,2018,119,25.585714285714285,32.5
RIVAS,2018-10-28,2018-11-03,2018,76,26.4,18
ZELAYA CENTRAL,2018-10-28,2018-11-03,2018,45,24.82857142857143,59.2
BILWI,2018-11-04,2018-11-10,2018,16,25.585714285714285,41.2
BOACO,2018-11-04,2018-11-10,2018,115,23.7,5.3
CARAZO,2018-11-04,2018-11-10,2018,78,23.714285714285715,9.7
CHINANDEGA,2018-11-04,2018-11-10,2018,83,26.87142857142857,12
CHONTALES,2018-11-04,2018-11-10,2018,78,25.728571428571428,5
ESTELI,2018-11-04,2018-11-10,2018,96,22.3,2.8000000000000003
GRANADA,2018-11-04,2018-11-10,2018,98,26.757142857142856,14.5
JINOTEGA,2018-11-04,2018-11-10,2018,167,20.785714285714285,5.7
LEON,2018-11-04,2018-11-10,2018,155,27.585714285714285,5.6000000000000005
MADRIZ,2018-11-04,2018-11-10,2018,38,22.585714285714285,6.4
MANAGUA,2018-11-04,2018-11-10,2018,157,26.8,11.8
MASAYA,2018-11-04,2018-11-10,2018,108,24.485714285714288,17.3
MATAGALPA,2018-11-04,2018-11-10,2018,93,22.67142857142857,6.7
NUEVA SEGOVIA,2018-11-04,2018-11-10,2018,124,23.357142857142858,2.6999999999999997
REGION AUTONOMA DEL ATLANTICO SUR,2018-11-04,2018-11-10,2018,11,25.642857142857142,69
RIO SAN JUAN,2018-11-04,2018-11-10,2018,133,25.54285714285714,37.699999999999996
RIVAS,2018-11-04,2018-11-10,2018,86,26.3,22.5
ZELAYA CENTRAL,2018-11-04,2018-11-10,2018,46,24.514285714285716,49.4
BILWI,2018-11-11,2018-11-17,2018,13,25.914285714285715,36.5
BOACO,2018-11-11,2018-11-17,2018,88,24.12857142857143,5.1000000000000005
CARAZO,2018-11-11,2018-11-17,2018,51,24.314285714285713,6.1
CHINANDEGA,2018-11-11,2018-11-17,2018,70,27.95714285714286,1
CHONTALES,2018-11-11,2018-11-17,2018,45,26.214285714285715,2.8000000000000003
ESTELI,2018-11-11,2018-11-17,2018,65,22.271428571428572,0
GRANADA,2018-11-11,2018-11-17,2018,62,27.428571428571427,8.3
JINOTEGA,2018-11-11,2018-11-17,2018,103,20.65714285714286,6.3
LEON,2018-11-11,2018-11-17,2018,117,28.45714285714286,1.8
MADRIZ,2018-11-11,2018-11-17,2018,58,22.485714285714288,3.9
MANAGUA,2018-11-11,2018-11-17,2018,164,27.714285714285715,7.4
MASAYA,2018-11-11,2018-11-17,2018,90,25.085714285714285,11.5
MATAGALPA,2018-11-11,2018-11-17,2018,97,23.17142857142857,2.5
NUEVA SEGOVIA,2018-11-11,2018-11-17,2018,106,23.114285714285714,2.1
REGION AUTONOMA DEL ATLANTICO SUR,2018-11-11,2018-11-17,2018,10,25.414285714285715,132.5
RIO SAN JUAN,2018-11-11,2018-11-17,2018,131,25.5,47.8
RIVAS,2018-11-11,2018-11-17,2018,57,26.82857142857143,12.5
ZELAYA CENTRAL,2018-11-11,2018-11-17,2018,26,24.642857142857142,68.2
BILWI,2018-11-18,2018-11-24,2018,14,25.814285714285713,30
BOACO,2018-11-18,2018-11-24,2018,80,23.757142857142856,6.9
CARAZO,2018-11-18,2018-11-24,2018,51,24.02857142857143,6.6
CHINANDEGA,2018-11-18,2018-11-24,2018,56,28.242857142857144,3
CHONTALES,2018-11-18,2018-11-24,2018,28,26.014285714285712,5.3
ESTELI,2018-11-18,2018-11-24,2018,70,22.257142857142856,0.7
GRANADA,2018-11-18,2018-11-24,2018,70,27.15714285714286,7.7
JINOTEGA,2018-11-18,2018-11-24,2018,134,20.599999999999998,10.3
LEON,2018-11-18,2018-11-24,2018,113,28.942857142857143,2.8000000000000003
MADRIZ,2018-11-18,2018-11-24,2018,40,22.67142857142857,3.2
MANAGUA,2018-11-18,2018-11-24,2018,146,27.599999999999998,5.7
MASAYA,2018-11-18,2018-11-24,2018,80,24.814285714285713,13.6
MATAGALPA,2018-11-18,2018-11-24,2018,65,22.742857142857144,5.2
NUEVA SEGOVIA,2018-11-18,2018-11-24,2018,83,23.52857142857143,1.2
REGION AUTONOMA DEL ATLANTICO SUR,2018-11-18,2018-11-24,2018,12,25.67142857142857,90.5
RIO SAN JUAN,2018-11-18,2018-11-24,2018,111,25.685714285714287,41.2
RIVAS,2018-11-18,2018-11-24,2018,61,26.728571428571428,10.299999999999999
ZELAYA CENTRAL,2018-11-18,2018-11-24,2018,50,24.542857142857144,62.1
BILWI,2018-11-25,2018-12-01,2018,13,26.242857142857144,18.6
BOACO,2018-11-25,2018-12-01,2018,74,23.7,2
CARAZO,2018-11-25,2018-12-01,2018,39,23.84285714285714,2.6999999999999997
CHINANDEGA,2018-11-25,2018-12-01,2018,78,27.5,3
CHONTALES,2018-11-25,2018-12-01,2018,38,25.957142857142856,2.3000000000000003
ESTELI,2018-11-25,2018-12-01,2018,33,22,1.9
GRANADA,2018-11-25,2018-12-01,2018,89,26.82857142857143,5.4
JINOTEGA,2018-11-25,2018-12-01,2018,85,20.314285714285713,2.9
LEON,2018-11-25,2018-12-01,2018,236,28.585714285714285,0.2
MADRIZ,2018-11-25,2018-12-01,2018,28,22.37142857142857,2.6
MANAGUA,2018-11-25,2018-12-01,2018,150,27.3,3.9
MASAYA,2018-11-25,2018-12-01,2018,83,24.514285714285712,7.5
MATAGALPA,2018-11-25,2018-12-01,2018,41,22.385714285714286,3.1
NUEVA SEGOVIA,2018-11-25,2018-12-01,2018,71,23.242857142857144,2
REGION AUTONOMA DEL ATLANTICO SUR,2018-11-25,2018-12-01,2018,10,26.15714285714286,87.6
RIO SAN JUAN,2018-11-25,2018-12-01,2018,87,25.457142857142856,45.6
RIVAS,2018-11-25,2018-12-01,2018,31,26.442857142857143,10.4
ZELAYA CENTRAL,2018-11-25,2018-12-01,2018,34,24.485714285714288,40
BILWI,2018-12-02,2018-12-08,2018,13,25.87142857142857,36.8
BOACO,2018-12-02,2018-12-08,2018,79,22.985714285714284,12.5
CARAZO,2018-12-02,2018-12-08,2018,47,23.242857142857144,9.9
CHINANDEGA,2018-12-02,2018-12-08,2018,72,27.8,1.8
CHONTALES,2018-12-02,2018-12-08,2018,27,25.3,5
ESTELI,2018-12-02,2018-12-08,2018,27,21.6,2.5
GRANADA,2018-12-02,2018-12-08,2018,86,26.34285714285714,10.7
JINOTEGA,2018-12-02,2018-12-08,2018,64,19.84285714285714,14.6
LEON,2018-12-02,2018-12-08,2018,409,28.67142857142857,1
MADRIZ,2018-12-02,2018-12-08,2018,21,22.042857142857144,7.9
MANAGUA,2018-12-02,2018-12-08,2018,181,26.885714285714286,7.8
MASAYA,2018-12-02,2018-12-08,2018,56,24,9.9
MATAGALPA,2018-12-02,2018-12-08,2018,66,21.9,10.1
NUEVA SEGOVIA,2018-12-02,2018-12-08,2018,76,23.12857142857143,3.1999999999999997
REGION AUTONOMA DEL ATLANTICO SUR,2018-12-02,2018-12-08,2018,5,25.614285714285714,70.5
RIO SAN JUAN,2018-12-02,2018-12-08,2018,82,24.942857142857143,28.1
RIVAS,2018-12-02,2018-12-08,2018,40,26.1,13.4
ZELAYA CENTRAL,2018-12-02,2018-12-08,2018,45,23.9,57.1
BILWI,2018-12-09,2018-12-15,2018,6,25.428571428571427,17.3
BOACO,2018-12-09,2018-12-15,2018,100,23.071428571428573,3.2
CARAZO,2018-12-09,2018-12-15,2018,35,23.428571428571427,0.30000000000000004
CHINANDEGA,2018-12-09,2018-12-15,2018,88,27.84285714285714,0.8
CHONTALES,2018-12-09,2018-12-15,2018,51,25.34285714285714,2.5
ESTELI,2018-12-09,2018-12-15,2018,27,21.457142857142856,1.4000000000000001
GRANADA,2018-12-09,2018-12-15,2018,130,26.47142857142857,0.4
JINOTEGA,2018-12-09,2018-12-15,2018,78,19.785714285714285,5.6
LEON,2018-12-09,2018-12-15,2018,597,29.02857142857143,1.4
MADRIZ,2018-12-09,2018-12-15,2018,28,21.885714285714286,2.7
MANAGUA,2018-12-09,2018-12-15,2018,209,27.057142857142857,0.4
MASAYA,2018-12-09,2018-12-15,2018,84,24.257142857142856,1
MATAGALPA,2018-12-09,2018-12-15,2018,71,21.97142857142857,1.4000000000000001
NUEVA SEGOVIA,2018-12-09,2018-12-15,2018,52,22.785714285714285,1.7
REGION AUTONOMA DEL ATLANTICO SUR,2018-12-09,2018-12-15,2018,10,25.557142857142857,32.8
RIO SAN JUAN,2018-12-09,2018-12-15,2018,123,24.957142857142856,9.4
RIVAS,2018-12-09,2018-12-15,2018,32,26.357142857142858,1
ZELAYA CENTRAL,2018-12-09,2018-12-15,2018,43,23.857142857142858,26
BILWI,2018-12-16,2018-12-22,2018,2,24.37142857142857,20
BOACO,2018-12-16,2018-12-22,2018,90,22.57142857142857,3
CARAZO,2018-12-16,2018-12-22,2018,83,23.15714285714286,1.2000000000000002
CHINANDEGA,2018-12-16,2018-12-22,2018,96,27.414285714285715,1.7
CHONTALES,2018-12-16,2018-12-22,2018,39,24.785714285714285,2.7
ESTELI,2018-12-16,2018-12-22,2018,29,20.771428571428572,0.2
GRANADA,2018-12-16,2018-12-22,2018,103,26.014285714285716,2.4
JINOTEGA,2018-12-16,2018-12-22,2018,67,18.9,4.2
LEON,2018-12-16,2018-12-22,2018,553,28.228571428571428,0.5
MADRIZ,2018-12-16,2018-12-22,2018,36,21.085714285714285,0.4
MANAGUA,2018-12-16,2018-12-22,2018,169,26.785714285714285,1.7000000000000002
MASAYA,2018-12-16,2018-12-22,2018,96,23.885714285714286,3.4
MATAGALPA,2018-12-16,2018-12-22,2018,70,21.642857142857142,1.9
NUEVA SEGOVIA,2018-12-16,2018-12-22,2018,53,21.900000000000002,0.2
REGION AUTONOMA DEL ATLANTICO SUR,2018-12-16,2018-12-22,2018,7,24.442857142857143,33.2
RIO SAN JUAN,2018-12-16,2018-12-22,2018,70,24.614285714285714,9.7
RIVAS,2018-12-16,2018-12-22,2018,17,25.928571428571427,0.8
ZELAYA CENTRAL,2018-12-16,2018-12-22,2018,31,23.357142857142858,32.7
BILWI,2018-12-23,2018-12-29,2018,0,25.37142857142857,15.1
BOACO,2018-12-23,2018-12-29,2018,55,22.67142857142857,4.4
CARAZO,2018-12-23,2018-12-29,2018,25,23.214285714285715,0.6
CHINANDEGA,2018-12-23,2018-12-29,2018,91,28.400000000000002,0
CHONTALES,2018-12-23,2018-12-29,2018,35,25.271428571428572,0.9
ESTELI,2018-12-23,2018-12-29,2018,13,21.1,0
GRANADA,2018-12-23,2018-12-29,2018,82,26.3,1.8
JINOTEGA,2018-12-23,2018-12-29,2018,31,19.271428571428572,6.5
LEON,2018-12-23,2018-12-29,2018,431,28.95714285714286,0
MADRIZ,2018-12-23,2018-12-29,2018,13,21.52857142857143,8
MANAGUA,2018-12-23,2018-12-29,2018,106,26.885714285714286,0.1
MASAYA,2018-12-23,2018-12-29,2018,80,24.12857142857143,4.1000000000000005
MATAGALPA,2018-12-23,2018-12-29,2018,43,21.4,3.5
NUEVA SEGOVIA,2018-12-23,2018-12-29,2018,31,22.65714285714286,0.5
REGION AUTONOMA DEL ATLANTICO SUR,2018-12-23,2018-12-29,2018,5,25.65714285714286,16.6
RIO SAN JUAN,2018-12-23,2018-12-29,2018,22,24.771428571428572,9
RIVAS,2018-12-23,2018-12-29,2018,8,26.2,1.5
ZELAYA CENTRAL,2018-12-23,2018-12-29,2018,11,23.728571428571428,27
BILWI,2018-12-30,2019-01-05,2018,4,25.54285714285714,21.2
BOACO,2018-12-30,2019-01-05,2018,52,22.957142857142856,3
CARAZO,2018-12-30,2019-01-05,2018,35,23.428571428571427,0.8
CHINANDEGA,2018-12-30,2019-01-05,2018,115,28.5,0
CHONTALES,2018-12-30,2019-01-05,2018,37,25.642857142857142,1.7
ESTELI,2018-12-30,2019-01-05,2018,14,21.514285714285712,0
GRANADA,2018-12-30,2019-01-05,2018,86,26.571428571428573,1.1
JINOTEGA,2018-12-30,2019-01-05,2018,47,19.585714285714285,4.6000000000000005
LEON,2018-12-30,2019-01-05,2018,481,29.17142857142857,0
MADRIZ,2018-12-30,2019-01-05,2018,12,21.84285714285714,7.2
MANAGUA,2018-12-30,2019-01-05,2018,169,27.1,0.1
MASAYA,2018-12-30,2019-01-05,2018,83,24.385714285714286,2.7
MATAGALPA,2018-12-30,2019-01-05,2018,33,21.6,4.6000000000000005
NUEVA SEGOVIA,2018-12-30,2019-01-05,2018,35,22.985714285714284,0.7
REGION AUTONOMA DEL ATLANTICO SUR,2018-12-30,2019-01-05,2018,2,26.014285714285712,18.7
RIO SAN JUAN,2018-12-30,2019-01-05,2018,26,25.142857142857142,7.7
RIVAS,2018-12-30,2019-01-05,2018,11,26.5,0.5
ZELAYA CENTRAL,2018-12-30,2019-01-05,2018,8,24,20.7
BILWI,2019-01-06,2019-01-12,2019,26,23.914285714285715,24.3
BOACO,2019-01-06,2019-01-12,2019,59,22.5,1.0999999999999999
CARAZO,2019-01-06,2019-01-12,2019,64,23.12857142857143,0
CHINANDEGA,2019-01-06,2019-01-12,2019,134,27.357142857142858,1.9
CHONTALES,2019-01-06,2019-01-12,2019,55,25.12857142857143,0.4
ESTELI,2019-01-06,2019-01-12,2019,41,20.84285714285714,1.1
GRANADA,2019-01-06,2019-01-12,2019,101,26.17142857142857,0.8999999999999999
JINOTEGA,2019-01-06,2019-01-12,2019,67,18.97142857142857,2.6
LEON,2019-01-06,2019-01-12,2019,588,28.62857142857143,1.5
MADRIZ,2019-01-06,2019-01-12,2019,19,21.285714285714285,4.4
MANAGUA,2019-01-06,2019-01-12,2019,178,26.82857142857143,0.7
MASAYA,2019-01-06,2019-01-12,2019,124,24.04285714285714,1.2
MATAGALPA,2019-01-06,2019-01-12,2019,45,21.242857142857144,1
NUEVA SEGOVIA,2019-01-06,2019-01-12,2019,48,22.228571428571428,3.9
REGION AUTONOMA DEL ATLANTICO SUR,2019-01-06,2019-01-12,2019,13,24.614285714285714,12.700000000000001
RIO SAN JUAN,2019-01-06,2019-01-12,2019,50,24.52857142857143,8.6
RIVAS,2019-01-06,2019-01-12,2019,37,26.1,0.2
ZELAYA CENTRAL,2019-01-06,2019-01-12,2019,19,23.37142857142857,16.6
BILWI,2019-01-13,2019-01-19,2019,26,24.67142857142857,12.299999999999999
BOACO,2019-01-13,2019-01-19,2019,72,22.65714285714286,3.9
CARAZO,2019-01-13,2019-01-19,2019,74,23.1,0.1
CHINANDEGA,2019-01-13,2019-01-19,2019,100,28.685714285714287,0
CHONTALES,2019-01-13,2019-01-19,2019,36,25.12857142857143,1.4
ESTELI,2019-01-13,2019-01-19,2019,37,21.085714285714285,0
GRANADA,2019-01-13,2019-01-19,2019,126,26.142857142857142,0.30000000000000004
JINOTEGA,2019-01-13,2019-01-19,2019,64,19.242857142857144,2.5
LEON,2019-01-13,2019-01-19,2019,440,29.1,0
MADRIZ,2019-01-13,2019-01-19,2019,25,21.642857142857142,1.7
MANAGUA,2019-01-13,2019-01-19,2019,157,26.814285714285713,0.8
MASAYA,2019-01-13,2019-01-19,2019,123,24.15714285714286,0.9
MATAGALPA,2019-01-13,2019-01-19,2019,85,21.5,0.4
NUEVA SEGOVIA,2019-01-13,2019-01-19,2019,62,22.728571428571428,0
REGION AUTONOMA DEL ATLANTICO SUR,2019-01-13,2019-01-19,2019,11,24.771428571428572,41
RIO SAN JUAN,2019-01-13,2019-01-19,2019,56,24.34285714285714,9.4
RIVAS,2019-01-13,2019-01-19,2019,34,25.9,2
ZELAYA CENTRAL,2019-01-13,2019-01-19,2019,24,23.15714285714286,36.4
BILWI,2019-01-20,2019-01-26,2019,9,25.242857142857144,11.200000000000001
BOACO,2019-01-20,2019-01-26,2019,81,23.085714285714285,1.3
CARAZO,2019-01-20,2019-01-26,2019,76,23.514285714285716,0.4
CHINANDEGA,2019-01-20,2019-01-26,2019,106,28.87142857142857,0
CHONTALES,2019-01-20,2019-01-26,2019,58,25.557142857142857,1.5
ESTELI,2019-01-20,2019-01-26,2019,33,21.428571428571427,0
GRANADA,2019-01-20,2019-01-26,2019,127,26.45714285714286,1.3
JINOTEGA,2019-01-20,2019-01-26,2019,75,19.514285714285716,2.7
LEON,2019-01-20,2019-01-26,2019,411,29.485714285714284,0
MADRIZ,2019-01-20,2019-01-26,2019,19,22.057142857142857,7.2
MANAGUA,2019-01-20,2019-01-26,2019,157,27.214285714285715,0
MASAYA,2019-01-20,2019-01-26,2019,133,24.47142857142857,1.5
MATAGALPA,2019-01-20,2019-01-26,2019,80,21.771428571428572,1.4
NUEVA SEGOVIA,2019-01-20,2019-01-26,2019,48,23.071428571428573,1.3
REGION AUTONOMA DEL ATLANTICO SUR,2019-01-20,2019-01-26,2019,6,25.7,12.2
RIO SAN JUAN,2019-01-20,2019-01-26,2019,57,25.214285714285715,8.4
RIVAS,2019-01-20,2019-01-26,2019,45,26.442857142857143,0.9
ZELAYA CENTRAL,2019-01-20,2019-01-26,2019,36,23.9,17.1
BILWI,2019-01-27,2019-02-02,2019,28,24.642857142857142,8
BOACO,2019-01-27,2019-02-02,2019,73,23.15714285714286,0.9
CARAZO,2019-01-27,2019-02-02,2019,49,23.585714285714285,0
CHINANDEGA,2019-01-27,2019-02-02,2019,94,28,0.2
CHONTALES,2019-01-27,2019-02-02,2019,40,25.614285714285714,0.8
ESTELI,2019-01-27,2019-02-02,2019,24,21.857142857142858,0.1
GRANADA,2019-01-27,2019-02-02,2019,117,26.37142857142857,0.8
JINOTEGA,2019-01-27,2019-02-02,2019,59,19.928571428571427,1
LEON,2019-01-27,2019-02-02,2019,379,28.785714285714285,0.2
MADRIZ,2019-01-27,2019-02-02,2019,17,22.32857142857143,3.6
MANAGUA,2019-01-27,2019-02-02,2019,207,27.17142857142857,0.2
MASAYA,2019-01-27,2019-02-02,2019,138,24.485714285714284,1.2
MATAGALPA,2019-01-27,2019-02-02,2019,91,21.914285714285715,0.8999999999999999
NUEVA SEGOVIA,2019-01-27,2019-02-02,2019,34,23.4,0.7
REGION AUTONOMA DEL ATLANTICO SUR,2019-01-27,2019-02-02,2019,2,25.071428571428573,16.3
RIO SAN JUAN,2019-01-27,2019-02-02,2019,44,24.97142857142857,10.6
RIVAS,2019-01-27,2019-02-02,2019,60,26.2,0.8999999999999999
ZELAYA CENTRAL,2019-01-27,2019-02-02,2019,27,23.614285714285714,15.9
BILWI,2019-02-03,2019-02-09,2019,10,25.285714285714285,9.7
BOACO,2019-02-03,2019-02-09,2019,58,22.9,2
CARAZO,2019-02-03,2019-02-09,2019,57,23.37142857142857,0.6
CHINANDEGA,2019-02-03,2019-02-09,2019,93,28.857142857142858,0
CHONTALES,2019-02-03,2019-02-09,2019,36,25.514285714285712,1.3
ESTELI,2019-02-03,2019-02-09,2019,22,21.485714285714284,0
GRANADA,2019-02-03,2019-02-09,2019,85,26.414285714285715,1.5
JINOTEGA,2019-02-03,2019-02-09,2019,65,19.557142857142857,2
LEON,2019-02-03,2019-02-09,2019,386,29.2,0
MADRIZ,2019-02-03,2019-02-09,2019,25,22.17142857142857,5.9
MANAGUA,2019-02-03,2019-02-09,2019,211,27.014285714285716,0.4
MASAYA,2019-02-03,2019-02-09,2019,156,24.4,4
MATAGALPA,2019-02-03,2019-02-09,2019,97,21.45714285714286,1.6
NUEVA SEGOVIA,2019-02-03,2019-02-09,2019,30,23.185714285714287,0
REGION AUTONOMA DEL ATLANTICO SUR,2019-02-03,2019-02-09,2019,9,25.442857142857143,18.2
RIO SAN JUAN,2019-02-03,2019-02-09,2019,52,25.12857142857143,4.4
RIVAS,2019-02-03,2019-02-09,2019,73,26.442857142857143,1.1
ZELAYA CENTRAL,2019-02-03,2019-02-09,2019,30,23.65714285714286,23.4
BILWI,2019-02-10,2019-02-16,2019,11,25.34285714285714,8
BOACO,2019-02-10,2019-02-16,2019,60,23.614285714285714,1.1
CARAZO,2019-02-10,2019-02-16,2019,74,24.042857142857144,0.1
CHINANDEGA,2019-02-10,2019-02-16,2019,86,28.357142857142858,0.1
CHONTALES,2019-02-10,2019-02-16,2019,54,26.114285714285714,0.8
ESTELI,2019-02-10,2019-02-16,2019,25,22.87142857142857,1.1
GRANADA,2019-02-10,2019-02-16,2019,116,26.757142857142856,0.8
JINOTEGA,2019-02-10,2019-02-16,2019,92,20.42857142857143,0.3
LEON,2019-02-10,2019-02-16,2019,377,28.914285714285715,0
MADRIZ,2019-02-10,2019-02-16,2019,30,23.4,2
MANAGUA,2019-02-10,2019-02-16,2019,199,27.84285714285714,0.3
MASAYA,2019-02-10,2019-02-16,2019,131,24.957142857142856,0.8
MATAGALPA,2019-02-10,2019-02-16,2019,88,22.65714285714286,0.3
NUEVA SEGOVIA,2019-02-10,2019-02-16,2019,50,24.257142857142856,0
REGION AUTONOMA DEL ATLANTICO SUR,2019-02-10,2019-02-16,2019,4,25.514285714285716,10.1
RIO SAN JUAN,2019-02-10,2019-02-16,2019,39,25.714285714285715,4.6000000000000005
RIVAS,2019-02-10,2019-02-16,2019,41,26.814285714285713,0.7000000000000001
ZELAYA CENTRAL,2019-02-10,2019-02-16,2019,33,24.3,14.9
BILWI,2019-02-17,2019-02-23,2019,7,25.885714285714286,17
BOACO,2019-02-17,2019-02-23,2019,71,24.228571428571428,1.8
CARAZO,2019-02-17,2019-02-23,2019,71,24.585714285714285,0.7
CHINANDEGA,2019-02-17,2019-02-23,2019,65,28.542857142857144,1.5
CHONTALES,2019-02-17,2019-02-23,2019,32,26.8,1.2000000000000002
ESTELI,2019-02-17,2019-02-23,2019,28,23.2,1.9000000000000001
GRANADA,2019-02-17,2019-02-23,2019,101,27.34285714285714,4.1
JINOTEGA,2019-02-17,2019-02-23,2019,94,21.014285714285716,2.2
LEON,2019-02-17,2019-02-23,2019,395,29.357142857142858,0.7
MADRIZ,2019-02-17,2019-02-23,2019,25,23.84285714285714,2.5
MANAGUA,2019-02-17,2019-02-23,2019,196,28.257142857142856,1.5
MASAYA,2019-02-17,2019-02-23,2019,142,25.47142857142857,5.8
MATAGALPA,2019-02-17,2019-02-23,2019,76,23.02857142857143,3.7
NUEVA SEGOVIA,2019-02-17,2019-02-23,2019,46,24.757142857142856,2.8000000000000003
REGION AUTONOMA DEL ATLANTICO SUR,2019-02-17,2019-02-23,2019,6,26,15.899999999999999
RIO SAN JUAN,2019-02-17,2019-02-23,2019,56,26.571428571428573,3.9000000000000004
RIVAS,2019-02-17,2019-02-23,2019,47,27.514285714285716,1
ZELAYA CENTRAL,2019-02-17,2019-02-23,2019,29,24.757142857142856,13.1
BILWI,2019-02-24,2019-03-02,2019,3,25.7,12.3
BOACO,2019-02-24,2019-03-02,2019,48,23.414285714285715,2.8
CARAZO,2019-02-24,2019-03-02,2019,48,23.9,1.0999999999999999
CHINANDEGA,2019-02-24,2019-03-02,2019,61,29.17142857142857,1.2
CHONTALES,2019-02-24,2019-03-02,2019,36,25.95714285714286,3.4
ESTELI,2019-02-24,2019-03-02,2019,14,22.04285714285714,1.1
GRANADA,2019-02-24,2019-03-02,2019,101,26.8,3
JINOTEGA,2019-02-24,2019-03-02,2019,65,19.957142857142856,4.2
LEON,2019-02-24,2019-03-02,2019,347,29.814285714285713,0
MADRIZ,2019-02-24,2019-03-02,2019,32,22.885714285714286,2.8000000000000003
MANAGUA,2019-02-24,2019-03-02,2019,199,27.52857142857143,1.7999999999999998
MASAYA,2019-02-24,2019-03-02,2019,147,24.87142857142857,2.1999999999999997
MATAGALPA,2019-02-24,2019-03-02,2019,82,21.92857142857143,3.4
NUEVA SEGOVIA,2019-02-24,2019-03-02,2019,22,23.65714285714286,0.5
REGION AUTONOMA DEL ATLANTICO SUR,2019-02-24,2019-03-02,2019,5,25.585714285714285,22.3
RIO SAN JUAN,2019-02-24,2019-03-02,2019,43,25.642857142857142,12.8
RIVAS,2019-02-24,2019-03-02,2019,45,27.02857142857143,1.5
ZELAYA CENTRAL,2019-02-24,2019-03-02,2019,26,24.099999999999998,23.2
BILWI,2019-03-03,2019-03-09,2019,0,26.114285714285714,4.1
BOACO,2019-03-03,2019-03-09,2019,31,24.014285714285712,1.3
CARAZO,2019-03-03,2019-03-09,2019,35,24.34285714285714,0.7
CHINANDEGA,2019-03-03,2019-03-09,2019,42,30.157142857142855,0.3
CHONTALES,2019-03-03,2019-03-09,2019,38,26.6,1.1
ESTELI,2019-03-03,2019-03-09,2019,30,22.571428571428573,0.1
GRANADA,2019-03-03,2019-03-09,2019,101,27.285714285714285,1.5
JINOTEGA,2019-03-03,2019-03-09,2019,48,20.414285714285715,2.9000000000000004
LEON,2019-03-03,2019-03-09,2019,301,30.3,0
MADRIZ,2019-03-03,2019-03-09,2019,30,23.54285714285714,1.8
MANAGUA,2019-03-03,2019-03-09,2019,171,28.057142857142857,1.2
MASAYA,2019-03-03,2019-03-09,2019,128,25.485714285714284,1.7
MATAGALPA,2019-03-03,2019-03-09,2019,86,22.47142857142857,1.8
NUEVA SEGOVIA,2019-03-03,2019-03-09,2019,29,24.457142857142856,0
REGION AUTONOMA DEL ATLANTICO SUR,2019-03-03,2019-03-09,2019,3,25.97142857142857,16.099999999999998
RIO SAN JUAN,2019-03-03,2019-03-09,2019,38,25.942857142857143,10.2
RIVAS,2019-03-03,2019-03-09,2019,37,27.2,2
ZELAYA CENTRAL,2019-03-03,2019-03-09,2019,19,24.67142857142857,18.2
BILWI,2019-03-10,2019-03-16,2019,3,26.15714285714286,7.5
BOACO,2019-03-10,2019-03-16,2019,52,23.985714285714284,1.9
CARAZO,2019-03-10,2019-03-16,2019,39,24.52857142857143,0.5
CHINANDEGA,2019-03-10,2019-03-16,2019,54,30.785714285714285,0
CHONTALES,2019-03-10,2019-03-16,2019,44,26.8,0.1
ESTELI,2019-03-10,2019-03-16,2019,18,22.428571428571427,0.1
GRANADA,2019-03-10,2019-03-16,2019,76,27.414285714285715,1.2000000000000002
JINOTEGA,2019-03-10,2019-03-16,2019,61,20.2,2.7
LEON,2019-03-10,2019-03-16,2019,289,30.34285714285714,0
MADRIZ,2019-03-10,2019-03-16,2019,20,23.185714285714287,2.7
MANAGUA,2019-03-10,2019-03-16,2019,200,28.214285714285715,0
MASAYA,2019-03-10,2019-03-16,2019,127,25.65714285714286,1.4000000000000001
MATAGALPA,2019-03-10,2019-03-16,2019,58,22.37142857142857,2.1
NUEVA SEGOVIA,2019-03-10,2019-03-16,2019,41,24.1,0
REGION AUTONOMA DEL ATLANTICO SUR,2019-03-10,2019-03-16,2019,5,26.042857142857144,13.700000000000001
RIO SAN JUAN,2019-03-10,2019-03-16,2019,46,26.014285714285716,7.4
RIVAS,2019-03-10,2019-03-16,2019,39,27.314285714285713,1.7
ZELAYA CENTRAL,2019-03-10,2019-03-16,2019,27,24.771428571428572,17.1
BILWI,2019-03-17,2019-03-23,2019,3,25.757142857142856,2
BOACO,2019-03-17,2019-03-23,2019,48,24.54285714285714,0
CARAZO,2019-03-17,2019-03-23,2019,28,24.67142857142857,0
CHINANDEGA,2019-03-17,2019-03-23,2019,36,29.5,0
CHONTALES,2019-03-17,2019-03-23,2019,49,27.114285714285714,0
ESTELI,2019-03-17,2019-03-23,2019,23,22.84285714285714,0
GRANADA,2019-03-17,2019-03-23,2019,84,27.5,0
JINOTEGA,2019-03-17,2019-03-23,2019,41,20.614285714285714,0
LEON,2019-03-17,2019-03-23,2019,267,30.5,0
MADRIZ,2019-03-17,2019-03-23,2019,20,23.885714285714286,0.2
MANAGUA,2019-03-17,2019-03-23,2019,181,28.514285714285712,0
MASAYA,2019-03-17,2019-03-23,2019,121,25.87142857142857,0
MATAGALPA,2019-03-17,2019-03-23,2019,81,23.057142857142857,0
NUEVA SEGOVIA,2019-03-17,2019-03-23,2019,35,24.7,0.1
REGION AUTONOMA DEL ATLANTICO SUR,2019-03-17,2019-03-23,2019,9,25.84285714285714,10.6
RIO SAN JUAN,2019-03-17,2019-03-23,2019,34,25.957142857142856,8.4
RIVAS,2019-03-17,2019-03-23,2019,37,27.34285714285714,0.7
ZELAYA CENTRAL,2019-03-17,2019-03-23,2019,27,24.82857142857143,7.7
BILWI,2019-03-24,2019-03-30,2019,0,25.67142857142857,3.5
BOACO,2019-03-24,2019-03-30,2019,34,24.82857142857143,0.1
CARAZO,2019-03-24,2019-03-30,2019,47,24.728571428571428,0.1
CHINANDEGA,2019-03-24,2019-03-30,2019,47,29.457142857142856,0
CHONTALES,2019-03-24,2019-03-30,2019,45,27.014285714285716,1.2
ESTELI,2019-03-24,2019-03-30,2019,23,23.242857142857144,0
GRANADA,2019-03-24,2019-03-30,2019,87,27.557142857142857,0
JINOTEGA,2019-03-24,2019-03-30,2019,37,20.914285714285715,0
LEON,2019-03-24,2019-03-30,2019,186,30.542857142857144,0
MADRIZ,2019-03-24,2019-03-30,2019,24,24.114285714285714,0.8999999999999999
MANAGUA,2019-03-24,2019-03-30,2019,204,28.65714285714286,0
MASAYA,2019-03-24,2019-03-30,2019,110,25.928571428571427,0.2
MATAGALPA,2019-03-24,2019-03-30,2019,90,23.585714285714285,0
NUEVA SEGOVIA,2019-03-24,2019-03-30,2019,18,24.771428571428572,0
REGION AUTONOMA DEL ATLANTICO SUR,2019-03-24,2019-03-30,2019,4,25.457142857142856,15.3
RIO SAN JUAN,2019-03-24,2019-03-30,2019,33,25.82857142857143,12.299999999999999
RIVAS,2019-03-24,2019-03-30,2019,26,27.357142857142858,0.5
ZELAYA CENTRAL,2019-03-24,2019-03-30,2019,28,24.599999999999998,12
BILWI,2019-03-31,2019-04-06,2019,1,26.428571428571427,9.3
BOACO,2019-03-31,2019-04-06,2019,37,25.17142857142857,1.9
CARAZO,2019-03-31,2019-04-06,2019,54,25.214285714285715,0.1
CHINANDEGA,2019-03-31,2019-04-06,2019,46,29.557142857142857,5.9
CHONTALES,2019-03-31,2019-04-06,2019,58,27.614285714285714,1.3
ESTELI,2019-03-31,2019-04-06,2019,29,23.885714285714286,2.3
GRANADA,2019-03-31,2019-04-06,2019,95,28.02857142857143,1.2
JINOTEGA,2019-03-31,2019-04-06,2019,38,21.428571428571427,1.9000000000000001
LEON,2019-03-31,2019-04-06,2019,223,30.32857142857143,1.3
MADRIZ,2019-03-31,2019-04-06,2019,26,24.614285714285714,5.2
MANAGUA,2019-03-31,2019-04-06,2019,191,29.014285714285716,0.4
MASAYA,2019-03-31,2019-04-06,2019,134,26.385714285714286,0.6
MATAGALPA,2019-03-31,2019-04-06,2019,70,23.728571428571428,1.9
NUEVA SEGOVIA,2019-03-31,2019-04-06,2019,16,25.37142857142857,4.8
REGION AUTONOMA DEL ATLANTICO SUR,2019-03-31,2019-04-06,2019,9,26.414285714285715,8.5
RIO SAN JUAN,2019-03-31,2019-04-06,2019,49,26.6,3.9
RIVAS,2019-03-31,2019-04-06,2019,39,27.885714285714286,0.1
ZELAYA CENTRAL,2019-03-31,2019-04-06,2019,32,25.4,12.6
BILWI,2019-04-07,2019-04-13,2019,1,26.914285714285715,34.5
BOACO,2019-04-07,2019-04-13,2019,34,26.157142857142855,11.8
CARAZO,2019-04-07,2019-04-13,2019,40,25.942857142857143,12.5
CHINANDEGA,2019-04-07,2019-04-13,2019,50,29.1,6.2
CHONTALES,2019-04-07,2019-04-13,2019,51,28.685714285714287,7.9
ESTELI,2019-04-07,2019-04-13,2019,31,24.12857142857143,38
GRANADA,2019-04-07,2019-04-13,2019,101,28.414285714285715,8.4
JINOTEGA,2019-04-07,2019-04-13,2019,22,22.428571428571427,16.6
LEON,2019-04-07,2019-04-13,2019,169,29.47142857142857,5.1
MADRIZ,2019-04-07,2019-04-13,2019,38,24.6,42.7
MANAGUA,2019-04-07,2019-04-13,2019,128,29.42857142857143,5.3
MASAYA,2019-04-07,2019-04-13,2019,101,26.8,9
MATAGALPA,2019-04-07,2019-04-13,2019,100,24.642857142857142,16.7
NUEVA SEGOVIA,2019-04-07,2019-04-13,2019,24,25.428571428571427,32.5
REGION AUTONOMA DEL ATLANTICO SUR,2019-04-07,2019-04-13,2019,6,26.9,6
RIO SAN JUAN,2019-04-07,2019-04-13,2019,47,27.82857142857143,3
RIVAS,2019-04-07,2019-04-13,2019,20,28.571428571428573,7.6
ZELAYA CENTRAL,2019-04-07,2019-04-13,2019,28,26.228571428571428,10.5
BILWI,2019-04-14,2019-04-20,2019,0,27.32857142857143,5.7
BOACO,2019-04-14,2019-04-20,2019,17,26.32857142857143,0.7
CARAZO,2019-04-14,2019-04-20,2019,25,26.185714285714287,1.1
CHINANDEGA,2019-04-14,2019-04-20,2019,33,30.314285714285713,7.800000000000001
CHONTALES,2019-04-14,2019-04-20,2019,30,28.62857142857143,1.4000000000000001
ESTELI,2019-04-14,2019-04-20,2019,11,24.214285714285715,10.2
GRANADA,2019-04-14,2019-04-20,2019,61,28.47142857142857,2.2
JINOTEGA,2019-04-14,2019-04-20,2019,45,22.47142857142857,3.3000000000000003
LEON,2019-04-14,2019-04-20,2019,138,30.900000000000002,2.9000000000000004
MADRIZ,2019-04-14,2019-04-20,2019,12,25.014285714285712,7.1000000000000005
MANAGUA,2019-04-14,2019-04-20,2019,108,29.857142857142858,2.2
MASAYA,2019-04-14,2019-04-20,2019,91,26.814285714285713,3
MATAGALPA,2019-04-14,2019-04-20,2019,58,24.757142857142856,2
NUEVA SEGOVIA,2019-04-14,2019-04-20,2019,13,25.942857142857143,4.5
REGION AUTONOMA DEL ATLANTICO SUR,2019-04-14,2019-04-20,2019,4,26.985714285714288,7.6
RIO SAN JUAN,2019-04-14,2019-04-20,2019,21,27.642857142857142,3.9
RIVAS,2019-04-14,2019-04-20,2019,13,28.82857142857143,2.5
ZELAYA CENTRAL,2019-04-14,2019-04-20,2019,9,26.214285714285715,4.8
BILWI,2019-04-21,2019-04-27,2019,0,27,6.2
BOACO,2019-04-21,2019-04-27,2019,36,25.914285714285715,0.7
CARAZO,2019-04-21,2019-04-27,2019,34,25.914285714285715,0.1
CHINANDEGA,2019-04-21,2019-04-27,2019,32,29.928571428571427,1.2
CHONTALES,2019-04-21,2019-04-27,2019,42,28.6,1
ESTELI,2019-04-21,2019-04-27,2019,23,24.485714285714288,0
GRANADA,2019-04-21,2019-04-27,2019,83,28.32857142857143,0.5
JINOTEGA,2019-04-21,2019-04-27,2019,52,22.02857142857143,2.4000000000000004
LEON,2019-04-21,2019-04-27,2019,152,30.4,0
MADRIZ,2019-04-21,2019-04-27,2019,36,25.085714285714285,0.5
MANAGUA,2019-04-21,2019-04-27,2019,128,29.514285714285712,0.2
MASAYA,2019-04-21,2019-04-27,2019,124,26.7,1.1
MATAGALPA,2019-04-21,2019-04-27,2019,71,24.37142857142857,0.2
NUEVA SEGOVIA,2019-04-21,2019-04-27,2019,28,26.271428571428572,0
REGION AUTONOMA DEL ATLANTICO SUR,2019-04-21,2019-04-27,2019,10,26.814285714285713,8.6
RIO SAN JUAN,2019-04-21,2019-04-27,2019,25,27.485714285714288,2.6
RIVAS,2019-04-21,2019-04-27,2019,32,28.67142857142857,0.30000000000000004
ZELAYA CENTRAL,2019-04-21,2019-04-27,2019,21,26.085714285714285,6.3
BILWI,2019-04-28,2019-05-04,2019,1,27.67142857142857,15.799999999999999
BOACO,2019-04-28,2019-05-04,2019,26,26.385714285714286,2.2
CARAZO,2019-04-28,2019-05-04,2019,46,26.52857142857143,0.9
CHINANDEGA,2019-04-28,2019-05-04,2019,30,30.642857142857142,10.700000000000001
CHONTALES,2019-04-28,2019-05-04,2019,34,28.87142857142857,4.1
ESTELI,2019-04-28,2019-05-04,2019,19,25.285714285714285,4.9
GRANADA,2019-04-28,2019-05-04,2019,68,29.1,5
JINOTEGA,2019-04-28,2019-05-04,2019,66,22.814285714285713,4
LEON,2019-04-28,2019-05-04,2019,121,31.914285714285715,11.7
MADRIZ,2019-04-28,2019-05-04,2019,15,26.085714285714285,4.5
MANAGUA,2019-04-28,2019-05-04,2019,112,30.285714285714285,4.7
MASAYA,2019-04-28,2019-05-04,2019,142,27.485714285714288,6.3999999999999995
MATAGALPA,2019-04-28,2019-05-04,2019,47,24.97142857142857,3.1999999999999997
NUEVA SEGOVIA,2019-04-28,2019-05-04,2019,36,26.84285714285714,4
REGION AUTONOMA DEL ATLANTICO SUR,2019-04-28,2019-05-04,2019,5,27.228571428571428,27.9
RIO SAN JUAN,2019-04-28,2019-05-04,2019,25,27.857142857142858,15.2
RIVAS,2019-04-28,2019-05-04,2019,24,29.114285714285714,2.4
ZELAYA CENTRAL,2019-04-28,2019-05-04,2019,27,26.485714285714288,24.2
BILWI,2019-05-05,2019-05-11,2019,0,27.6,19.1
BOACO,2019-05-05,2019-05-11,2019,29,26.914285714285715,6
CARAZO,2019-05-05,2019-05-11,2019,41,26.32857142857143,81.10000000000001
CHINANDEGA,2019-05-05,2019-05-11,2019,44,29.02857142857143,58.8
CHONTALES,2019-05-05,2019-05-11,2019,31,28.95714285714286,16.9
ESTELI,2019-05-05,2019-05-11,2019,47,25.771428571428572,31.900000000000002
GRANADA,2019-05-05,2019-05-11,2019,66,28.785714285714285,73.7
JINOTEGA,2019-05-05,2019-05-11,2019,96,23.771428571428572,10.6
LEON,2019-05-05,2019-05-11,2019,185,29.928571428571427,38.6
MADRIZ,2019-05-05,2019-05-11,2019,37,26.728571428571428,20.3
MANAGUA,2019-05-05,2019-05-11,2019,148,30.04285714285714,22.099999999999998
MASAYA,2019-05-05,2019-05-11,2019,161,27.357142857142858,85
MATAGALPA,2019-05-05,2019-05-11,2019,99,25.714285714285715,10.1
NUEVA SEGOVIA,2019-05-05,2019-05-11,2019,35,27.442857142857143,11.9
REGION AUTONOMA DEL ATLANTICO SUR,2019-05-05,2019-05-11,2019,11,27.214285714285715,24.3
RIO SAN JUAN,2019-05-05,2019-05-11,2019,33,27.62857142857143,17.7
RIVAS,2019-05-05,2019-05-11,2019,47,28.685714285714287,10.8
ZELAYA CENTRAL,2019-05-05,2019-05-11,2019,26,26.771428571428572,21.7
BILWI,2019-05-12,2019-05-18,2019,2,27.857142857142858,18.4
BOACO,2019-05-12,2019-05-18,2019,27,26.314285714285713,31.5
CARAZO,2019-05-12,2019-05-18,2019,37,24.957142857142856,32.3
CHINANDEGA,2019-05-12,2019-05-18,2019,49,27.34285714285714,182.9
CHONTALES,2019-05-12,2019-05-18,2019,42,28.02857142857143,24.4
ESTELI,2019-05-12,2019-05-18,2019,38,23.97142857142857,45.6
GRANADA,2019-05-12,2019-05-18,2019,103,27.814285714285713,52.4
JINOTEGA,2019-05-12,2019-05-18,2019,174,23.442857142857143,19.900000000000002
LEON,2019-05-12,2019-05-18,2019,175,27.742857142857144,209.2
MADRIZ,2019-05-12,2019-05-18,2019,26,24.84285714285714,52.1
MANAGUA,2019-05-12,2019-05-18,2019,142,28.357142857142858,42
MASAYA,2019-05-12,2019-05-18,2019,186,26.1,35.5
MATAGALPA,2019-05-12,2019-05-18,2019,70,24.942857142857143,37
NUEVA SEGOVIA,2019-05-12,2019-05-18,2019,43,25.7,39.6
REGION AUTONOMA DEL ATLANTICO SUR,2019-05-12,2019-05-18,2019,17,27.214285714285715,22.4
RIO SAN JUAN,2019-05-12,2019-05-18,2019,36,27.32857142857143,32.9
RIVAS,2019-05-12,2019-05-18,2019,65,27.84285714285714,33.4
ZELAYA CENTRAL,2019-05-12,2019-05-18,2019,25,26.857142857142858,18
BILWI,2019-05-19,2019-05-25,2019,2,25.357142857142858,400.8
BOACO,2019-05-19,2019-05-25,2019,38,23.285714285714285,359.8
CARAZO,2019-05-19,2019-05-25,2019,42,23.214285714285715,148.9
CHINANDEGA,2019-05-19,2019-05-25,2019,72,26.385714285714286,248
CHONTALES,2019-05-19,2019-05-25,2019,41,25.17142857142857,252.29999999999998
ESTELI,2019-05-19,2019-05-25,2019,72,22.428571428571427,167.6
GRANADA,2019-05-19,2019-05-25,2019,118,25.857142857142858,194.20000000000002
JINOTEGA,2019-05-19,2019-05-25,2019,243,21.17142857142857,262.2
LEON,2019-05-19,2019-05-25,2019,223,26.37142857142857,169.4
MADRIZ,2019-05-19,2019-05-25,2019,35,22.814285714285713,152.6
MANAGUA,2019-05-19,2019-05-25,2019,130,26.014285714285712,196
MASAYA,2019-05-19,2019-05-25,2019,203,24.12857142857143,186.29999999999998
MATAGALPA,2019-05-19,2019-05-25,2019,95,22.428571428571427,310.5
NUEVA SEGOVIA,2019-05-19,2019-05-25,2019,67,23.571428571428573,143.6
REGION AUTONOMA DEL ATLANTICO SUR,2019-05-19,2019-05-25,2019,18,25.17142857142857,296.2
RIO SAN JUAN,2019-05-19,2019-05-25,2019,30,25.442857142857143,223.5
RIVAS,2019-05-19,2019-05-25,2019,62,25.514285714285716,287.4
ZELAYA CENTRAL,2019-05-19,2019-05-25,2019,28,24.4,199.9
BILWI,2019-05-26,2019-06-01,2019,2,26.385714285714286,81.4
BOACO,2019-05-26,2019-06-01,2019,41,23.485714285714288,101.2
CARAZO,2019-05-26,2019-06-01,2019,75,23.02857142857143,204.9
CHINANDEGA,2019-05-26,2019-06-01,2019,69,26.042857142857144,183.4
CHONTALES,2019-05-26,2019-06-01,2019,44,25.17142857142857,101.2
ESTELI,2019-05-26,2019-06-01,2019,93,22.12857142857143,156.6
GRANADA,2019-05-26,2019-06-01,2019,154,26,179.7
JINOTEGA,2019-05-26,2019-06-01,2019,273,21.285714285714285,103
LEON,2019-05-26,2019-06-01,2019,294,26.014285714285716,178.4
MADRIZ,2019-05-26,2019-06-01,2019,44,23.15714285714286,54.099999999999994
MANAGUA,2019-05-26,2019-06-01,2019,176,25.900000000000002,103.5
MASAYA,2019-05-26,2019-06-01,2019,246,24.257142857142856,156.2
MATAGALPA,2019-05-26,2019-06-01,2019,119,22.914285714285715,102.2
NUEVA SEGOVIA,2019-05-26,2019-06-01,2019,71,23.485714285714288,49.9
REGION AUTONOMA DEL ATLANTICO SUR,2019-05-26,2019-06-01,2019,10,26.085714285714285,109
RIO SAN JUAN,2019-05-26,2019-06-01,2019,19,25.714285714285715,180.6
RIVAS,2019-05-26,2019-06-01,2019,83,25.614285714285714,243.4
ZELAYA CENTRAL,2019-05-26,2019-06-01,2019,31,25.52857142857143,91.3
BILWI,2019-06-02,2019-06-08,2019,4,27.7,23.3
BOACO,2019-06-02,2019-06-08,2019,66,25,17.3
CARAZO,2019-06-02,2019-06-08,2019,158,24.82857142857143,33.3
CHINANDEGA,2019-06-02,2019-06-08,2019,143,27.214285714285715,87.89999999999999
CHONTALES,2019-06-02,2019-06-08,2019,83,26.714285714285715,20.3
ESTELI,2019-06-02,2019-06-08,2019,140,23.5,22.3
GRANADA,2019-06-02,2019-06-08,2019,209,27.5,39.6
JINOTEGA,2019-06-02,2019-06-08,2019,281,22.457142857142856,13.9
LEON,2019-06-02,2019-06-08,2019,523,27.614285714285714,54.1
MADRIZ,2019-06-02,2019-06-08,2019,68,24.257142857142856,28.7
MANAGUA,2019-06-02,2019-06-08,2019,283,27.614285714285714,24.099999999999998
MASAYA,2019-06-02,2019-06-08,2019,363,25.67142857142857,38.5
MATAGALPA,2019-06-02,2019-06-08,2019,173,24.085714285714285,23.5
NUEVA SEGOVIA,2019-06-02,2019-06-08,2019,129,24.84285714285714,19.9
REGION AUTONOMA DEL ATLANTICO SUR,2019-06-02,2019-06-08,2019,10,27.1,49.6
RIO SAN JUAN,2019-06-02,2019-06-08,2019,81,26.82857142857143,47.7
RIVAS,2019-06-02,2019-06-08,2019,117,27.257142857142856,83.3
ZELAYA CENTRAL,2019-06-02,2019-06-08,2019,34,26.3,34.8
BILWI,2019-06-09,2019-06-15,2019,11,27.214285714285715,67.7
BOACO,2019-06-09,2019-06-15,2019,100,24.32857142857143,38.3
CARAZO,2019-06-09,2019-06-15,2019,151,24.15714285714286,48.300000000000004
CHINANDEGA,2019-06-09,2019-06-15,2019,148,27.314285714285713,55.7
CHONTALES,2019-06-09,2019-06-15,2019,70,26.257142857142856,44.7
ESTELI,2019-06-09,2019-06-15,2019,147,23.12857142857143,43.6
GRANADA,2019-06-09,2019-06-15,2019,223,26.942857142857143,80.7
JINOTEGA,2019-06-09,2019-06-15,2019,275,21.8,27.9
LEON,2019-06-09,2019-06-15,2019,526,27.914285714285715,50.9
MADRIZ,2019-06-09,2019-06-15,2019,59,23.642857142857142,34.6
MANAGUA,2019-06-09,2019-06-15,2019,353,27.07142857142857,38.9
MASAYA,2019-06-09,2019-06-15,2019,387,24.928571428571427,79.3
MATAGALPA,2019-06-09,2019-06-15,2019,153,23.485714285714288,22.5
NUEVA SEGOVIA,2019-06-09,2019-06-15,2019,112,24.214285714285715,27.6
REGION AUTONOMA DEL ATLANTICO SUR,2019-06-09,2019-06-15,2019,31,26.37142857142857,107.60000000000001
RIO SAN JUAN,2019-06-09,2019-06-15,2019,41,25.642857142857142,190.8
RIVAS,2019-06-09,2019-06-15,2019,116,26.54285714285714,124.5
ZELAYA CENTRAL,2019-06-09,2019-06-15,2019,42,25.228571428571428,88.2
BILWI,2019-06-16,2019-06-22,2019,18,27.714285714285715,44.199999999999996
BOACO,2019-06-16,2019-06-22,2019,102,25.042857142857144,15.2
CARAZO,2019-06-16,2019-06-22,2019,144,24.82857142857143,16.3
CHINANDEGA,2019-06-16,2019-06-22,2019,220,28.771428571428572,38.1
CHONTALES,2019-06-16,2019-06-22,2019,62,27.12857142857143,11.6
ESTELI,2019-06-16,2019-06-22,2019,143,23.87142857142857,16
GRANADA,2019-06-16,2019-06-22,2019,196,27.82857142857143,35.9
JINOTEGA,2019-06-16,2019-06-22,2019,236,22.285714285714285,15.5
LEON,2019-06-16,2019-06-22,2019,418,29.428571428571427,15.200000000000001
MADRIZ,2019-06-16,2019-06-22,2019,84,24.085714285714285,45.7
MANAGUA,2019-06-16,2019-06-22,2019,375,27.942857142857143,19.3
MASAYA,2019-06-16,2019-06-22,2019,316,25.685714285714287,43.6
MATAGALPA,2019-06-16,2019-06-22,2019,195,24,10.1
NUEVA SEGOVIA,2019-06-16,2019-06-22,2019,130,25.014285714285712,15.5
REGION AUTONOMA DEL ATLANTICO SUR,2019-06-16,2019-06-22,2019,19,27.071428571428573,86.9
RIO SAN JUAN,2019-06-16,2019-06-22,2019,98,26.957142857142856,44.9
RIVAS,2019-06-16,2019-06-22,2019,81,27.485714285714288,41.1
ZELAYA CENTRAL,2019-06-16,2019-06-22,2019,64,25.928571428571427,68.7
BILWI,2019-06-23,2019-06-29,2019,18,27.042857142857144,47.4
BOACO,2019-06-23,2019-06-29,2019,98,24.571428571428573,9.7
CARAZO,2019-06-23,2019-06-29,2019,268,24.385714285714286,9.7
CHINANDEGA,2019-06-23,2019-06-29,2019,228,28.728571428571428,12
CHONTALES,2019-06-23,2019-06-29,2019,63,26.485714285714288,10.9
ESTELI,2019-06-23,2019-06-29,2019,170,23.228571428571428,6
GRANADA,2019-06-23,2019-06-29,2019,172,27.414285714285715,22.1
JINOTEGA,2019-06-23,2019-06-29,2019,204,21.571428571428573,12.8
LEON,2019-06-23,2019-06-29,2019,391,29.2,3.6
MADRIZ,2019-06-23,2019-06-29,2019,68,23.57142857142857,18.900000000000002
MANAGUA,2019-06-23,2019-06-29,2019,434,27.557142857142857,12.7
MASAYA,2019-06-23,2019-06-29,2019,333,25.242857142857144,24.7
MATAGALPA,2019-06-23,2019-06-29,2019,304,23.428571428571427,9.2
NUEVA SEGOVIA,2019-06-23,2019-06-29,2019,98,24.6,10.7
REGION AUTONOMA DEL ATLANTICO SUR,2019-06-23,2019-06-29,2019,19,26.685714285714287,95.9
RIO SAN JUAN,2019-06-23,2019-06-29,2019,79,25.757142857142856,67.2
RIVAS,2019-06-23,2019-06-29,2019,73,27.057142857142857,19.3
ZELAYA CENTRAL,2019-06-23,2019-06-29,2019,36,25.47142857142857,72.1
BILWI,2019-06-30,2019-07-06,2019,8,27.34285714285714,30.2
BOACO,2019-06-30,2019-07-06,2019,69,24.5,9.5
CARAZO,2019-06-30,2019-07-06,2019,369,24.357142857142858,11.8
CHINANDEGA,2019-06-30,2019-07-06,2019,278,29.057142857142857,3.4
CHONTALES,2019-06-30,2019-07-06,2019,54,26.62857142857143,4.7
ESTELI,2019-06-30,2019-07-06,2019,158,23.15714285714286,2
GRANADA,2019-06-30,2019-07-06,2019,169,27.414285714285715,17.5
JINOTEGA,2019-06-30,2019-07-06,2019,226,21.357142857142858,13.3
LEON,2019-06-30,2019-07-06,2019,321,29.957142857142856,1.3
MADRIZ,2019-06-30,2019-07-06,2019,73,23.585714285714285,10.8
MANAGUA,2019-06-30,2019-07-06,2019,505,27.785714285714285,9.9
MASAYA,2019-06-30,2019-07-06,2019,371,25.228571428571428,23.8
MATAGALPA,2019-06-30,2019-07-06,2019,417,23.185714285714287,13.9
NUEVA SEGOVIA,2019-06-30,2019-07-06,2019,66,24.728571428571428,6.699999999999999
REGION AUTONOMA DEL ATLANTICO SUR,2019-06-30,2019-07-06,2019,31,26.742857142857144,59.2
RIO SAN JUAN,2019-06-30,2019-07-06,2019,92,26.242857142857144,40
RIVAS,2019-06-30,2019-07-06,2019,190,26.97142857142857,23.5
ZELAYA CENTRAL,2019-06-30,2019-07-06,2019,43,25.32857142857143,52.2
BILWI,2019-07-07,2019-07-13,2019,7,26.857142857142858,52.300000000000004
BOACO,2019-07-07,2019-07-13,2019,65,24.54285714285714,7.3999999999999995
CARAZO,2019-07-07,2019-07-13,2019,368,24.12857142857143,11.4
CHINANDEGA,2019-07-07,2019-07-13,2019,280,28.02857142857143,16.7
CHONTALES,2019-07-07,2019-07-13,2019,68,26.571428571428573,16.200000000000003
ESTELI,2019-07-07,2019-07-13,2019,187,23.34285714285714,11.1
GRANADA,2019-07-07,2019-07-13,2019,193,27.042857142857144,35
JINOTEGA,2019-07-07,2019-07-13,2019,208,21.585714285714285,6.6
LEON,2019-07-07,2019-07-13,2019,357,29.214285714285715,11.799999999999999
MADRIZ,2019-07-07,2019-07-13,2019,94,23.6,13.4
MANAGUA,2019-07-07,2019-07-13,2019,692,27.400000000000002,13.4
MASAYA,2019-07-07,2019-07-13,2019,416,24.82857142857143,25.4
MATAGALPA,2019-07-07,2019-07-13,2019,465,23.385714285714286,6.1000000000000005
NUEVA SEGOVIA,2019-07-07,2019-07-13,2019,63,24.785714285714285,4.8
REGION AUTONOMA DEL ATLANTICO SUR,2019-07-07,2019-07-13,2019,24,26.185714285714287,99
RIO SAN JUAN,2019-07-07,2019-07-13,2019,130,25.228571428571428,80.3
RIVAS,2019-07-07,2019-07-13,2019,118,26.5,22.9
ZELAYA CENTRAL,2019-07-07,2019-07-13,2019,52,25.057142857142857,63.6
BILWI,2019-07-14,2019-07-20,2019,4,26.714285714285715,55.1
BOACO,2019-07-14,2019-07-20,2019,65,24.5,7.3
CARAZO,2019-07-14,2019-07-20,2019,581,24.514285714285712,7.6000000000000005
CHINANDEGA,2019-07-14,2019-07-20,2019,249,28.97142857142857,7.2
CHONTALES,2019-07-14,2019-07-20,2019,71,26.757142857142856,4.8999999999999995
ESTELI,2019-07-14,2019-07-20,2019,186,23.4,7.9
GRANADA,2019-07-14,2019-07-20,2019,215,27.47142857142857,15.6
JINOTEGA,2019-07-14,2019-07-20,2019,248,21.485714285714284,15.6
LEON,2019-07-14,2019-07-20,2019,270,30.185714285714287,3.7
MADRIZ,2019-07-14,2019-07-20,2019,87,23.47142857142857,24.2
MANAGUA,2019-07-14,2019-07-20,2019,832,28.114285714285714,7.8
MASAYA,2019-07-14,2019-07-20,2019,545,25.3,17
MATAGALPA,2019-07-14,2019-07-20,2019,381,23.271428571428572,10.1
NUEVA SEGOVIA,2019-07-14,2019-07-20,2019,100,24.62857142857143,14.7
REGION AUTONOMA DEL ATLANTICO SUR,2019-07-14,2019-07-20,2019,39,26.17142857142857,88
RIO SAN JUAN,2019-07-14,2019-07-20,2019,125,26.04285714285714,34.7
RIVAS,2019-07-14,2019-07-20,2019,135,26.928571428571427,18.7
ZELAYA CENTRAL,2019-07-14,2019-07-20,2019,41,25.1,65.8
BILWI,2019-07-21,2019-07-27,2019,11,27.114285714285714,41.1
BOACO,2019-07-21,2019-07-27,2019,74,24.685714285714287,9.3
CARAZO,2019-07-21,2019-07-27,2019,584,24.54285714285714,8.2
CHINANDEGA,2019-07-21,2019-07-27,2019,276,29.17142857142857,21
CHONTALES,2019-07-21,2019-07-27,2019,110,26.87142857142857,7.7
ESTELI,2019-07-21,2019-07-27,2019,256,23.785714285714285,3.6
GRANADA,2019-07-21,2019-07-27,2019,257,27.47142857142857,23.1
JINOTEGA,2019-07-21,2019-07-27,2019,288,21.7,9.1
LEON,2019-07-21,2019-07-27,2019,329,29.942857142857143,16
MADRIZ,2019-07-21,2019-07-27,2019,112,24.12857142857143,6.800000000000001
MANAGUA,2019-07-21,2019-07-27,2019,936,28.185714285714287,12.9
MASAYA,2019-07-21,2019-07-27,2019,592,25.242857142857144,20.4
MATAGALPA,2019-07-21,2019-07-27,2019,360,23.542857142857144,5.7
NUEVA SEGOVIA,2019-07-21,2019-07-27,2019,155,25.357142857142858,3.1
REGION AUTONOMA DEL ATLANTICO SUR,2019-07-21,2019-07-27,2019,73,26.485714285714288,83.6
RIO SAN JUAN,2019-07-21,2019-07-27,2019,122,25.857142857142858,40.4
RIVAS,2019-07-21,2019-07-27,2019,124,26.942857142857143,22.4
ZELAYA CENTRAL,2019-07-21,2019-07-27,2019,92,25.3,67.4
BILWI,2019-07-28,2019-08-03,2019,16,27.34285714285714,18.2
BOACO,2019-07-28,2019-08-03,2019,123,25.085714285714285,5.4
CARAZO,2019-07-28,2019-08-03,2019,661,25,6.9
CHINANDEGA,2019-07-28,2019-08-03,2019,290,28.9,32.5
CHONTALES,2019-07-28,2019-08-03,2019,146,27.34285714285714,5.3
ESTELI,2019-07-28,2019-08-03,2019,306,24.285714285714285,10.9
GRANADA,2019-07-28,2019-08-03,2019,323,27.771428571428572,13
JINOTEGA,2019-07-28,2019-08-03,2019,346,22.2,7.1
LEON,2019-07-28,2019-08-03,2019,391,29.62857142857143,22.9
MADRIZ,2019-07-28,2019-08-03,2019,182,24.585714285714285,21.1
MANAGUA,2019-07-28,2019-08-03,2019,1275,28.457142857142856,6.1
MASAYA,2019-07-28,2019-08-03,2019,710,25.7,12.8
MATAGALPA,2019-07-28,2019-08-03,2019,554,24.1,6.2
NUEVA SEGOVIA,2019-07-28,2019-08-03,2019,187,25.742857142857144,8
REGION AUTONOMA DEL ATLANTICO SUR,2019-07-28,2019-08-03,2019,71,26.87142857142857,46
RIO SAN JUAN,2019-07-28,2019-08-03,2019,123,26.742857142857144,18.2
RIVAS,2019-07-28,2019-08-03,2019,205,27.585714285714285,12.9
ZELAYA CENTRAL,2019-07-28,2019-08-03,2019,89,25.87142857142857,33.8
BILWI,2019-08-04,2019-08-10,2019,12,27.67142857142857,25.400000000000002
BOACO,2019-08-04,2019-08-10,2019,121,25.085714285714285,7.2
CARAZO,2019-08-04,2019-08-10,2019,609,24.9,16.2
CHINANDEGA,2019-08-04,2019-08-10,2019,306,28.2,44.3
CHONTALES,2019-08-04,2019-08-10,2019,181,27,6
ESTELI,2019-08-04,2019-08-10,2019,285,24.2,18.7
GRANADA,2019-08-04,2019-08-10,2019,301,27.52857142857143,34
JINOTEGA,2019-08-04,2019-08-10,2019,381,22.414285714285715,9.6
LEON,2019-08-04,2019-08-10,2019,354,28.95714285714286,25.3
MADRIZ,2019-08-04,2019-08-10,2019,216,24.571428571428573,26.2
MANAGUA,2019-08-04,2019-08-10,2019,1680,28.185714285714287,17.8
MASAYA,2019-08-04,2019-08-10,2019,737,25.47142857142857,38.8
MATAGALPA,2019-08-04,2019-08-10,2019,507,24.07142857142857,7.9
NUEVA SEGOVIA,2019-08-04,2019-08-10,2019,122,25.785714285714285,9.5
REGION AUTONOMA DEL ATLANTICO SUR,2019-08-04,2019-08-10,2019,78,26.92857142857143,71.4
RIO SAN JUAN,2019-08-04,2019-08-10,2019,155,26.414285714285715,36.9
RIVAS,2019-08-04,2019-08-10,2019,196,27.07142857142857,29.5
ZELAYA CENTRAL,2019-08-04,2019-08-10,2019,90,25.871428571428574,48.6
BILWI,2019-08-11,2019-08-17,2019,28,27.15714285714286,63.8
BOACO,2019-08-11,2019-08-17,2019,140,24.757142857142856,35.699999999999996
CARAZO,2019-08-11,2019-08-17,2019,619,24.585714285714285,18.8
CHINANDEGA,2019-08-11,2019-08-17,2019,328,28.014285714285716,53.9
CHONTALES,2019-08-11,2019-08-17,2019,135,26.785714285714285,19.8
ESTELI,2019-08-11,2019-08-17,2019,386,24.014285714285712,25.2
GRANADA,2019-08-11,2019-08-17,2019,368,27.314285714285713,47.7
JINOTEGA,2019-08-11,2019-08-17,2019,396,22.114285714285714,26
LEON,2019-08-11,2019-08-17,2019,460,29.1,55.400000000000006
MADRIZ,2019-08-11,2019-08-17,2019,224,24.414285714285715,22.3
MANAGUA,2019-08-11,2019-08-17,2019,2454,27.857142857142858,33
MASAYA,2019-08-11,2019-08-17,2019,735,25.271428571428572,44
MATAGALPA,2019-08-11,2019-08-17,2019,447,23.885714285714286,21.6
NUEVA SEGOVIA,2019-08-11,2019-08-17,2019,168,25.442857142857143,9.700000000000001
REGION AUTONOMA DEL ATLANTICO SUR,2019-08-11,2019-08-17,2019,103,26.385714285714286,104.4
RIO SAN JUAN,2019-08-11,2019-08-17,2019,168,25.97142857142857,75.8
RIVAS,2019-08-11,2019-08-17,2019,282,26.857142857142858,67.60000000000001
ZELAYA CENTRAL,2019-08-11,2019-08-17,2019,99,25.414285714285715,68
BILWI,2019-08-18,2019-08-24,2019,26,26.757142857142856,88.6
BOACO,2019-08-18,2019-08-24,2019,163,24.257142857142856,48.699999999999996
CARAZO,2019-08-18,2019-08-24,2019,591,24.585714285714285,21.9
CHINANDEGA,2019-08-18,2019-08-24,2019,402,27.214285714285715,58.5
CHONTALES,2019-08-18,2019-08-24,2019,193,26.114285714285714,95
ESTELI,2019-08-18,2019-08-24,2019,417,23.37142857142857,44.4
GRANADA,2019-08-18,2019-08-24,2019,332,27.228571428571428,24.5
JINOTEGA,2019-08-18,2019-08-24,2019,389,21.8,29.5
LEON,2019-08-18,2019-08-24,2019,649,28.3,26.8
MADRIZ,2019-08-18,2019-08-24,2019,248,23.900000000000002,18.2
MANAGUA,2019-08-18,2019-08-24,2019,2784,27.52857142857143,11.6
MASAYA,2019-08-18,2019-08-24,2019,636,25.15714285714286,34.199999999999996
MATAGALPA,2019-08-18,2019-08-24,2019,561,23.457142857142856,27.4
NUEVA SEGOVIA,2019-08-18,2019-08-24,2019,264,24.785714285714285,25.2
REGION AUTONOMA DEL ATLANTICO SUR,2019-08-18,2019-08-24,2019,89,26.314285714285713,137
RIO SAN JUAN,2019-08-18,2019-08-24,2019,140,26.15714285714286,57
RIVAS,2019-08-18,2019-08-24,2019,305,26.771428571428572,44.3
ZELAYA CENTRAL,2019-08-18,2019-08-24,2019,117,25.12857142857143,93
BILWI,2019-08-25,2019-08-31,2019,23,27.614285714285714,17.4
BOACO,2019-08-25,2019-08-31,2019,162,25.314285714285713,0.6
CARAZO,2019-08-25,2019-08-31,2019,535,25.428571428571427,3.5
CHINANDEGA,2019-08-25,2019-08-31,2019,375,28.314285714285713,15.1
CHONTALES,2019-08-25,2019-08-31,2019,183,27.285714285714285,1.2
ESTELI,2019-08-25,2019-08-31,2019,385,24.17142857142857,4.5
GRANADA,2019-08-25,2019-08-31,2019,328,28.057142857142857,11.8
JINOTEGA,2019-08-25,2019-08-31,2019,342,22.414285714285715,2.5
LEON,2019-08-25,2019-08-31,2019,597,29.985714285714288,4.9
MADRIZ,2019-08-25,2019-08-31,2019,252,24.82857142857143,7.2
MANAGUA,2019-08-25,2019-08-31,2019,3883,28.742857142857144,3.7
MASAYA,2019-08-25,2019-08-31,2019,527,25.84285714285714,7.8
MATAGALPA,2019-08-25,2019-08-31,2019,577,24.17142857142857,2.9
NUEVA SEGOVIA,2019-08-25,2019-08-31,2019,335,25.87142857142857,10.399999999999999
REGION AUTONOMA DEL ATLANTICO SUR,2019-08-25,2019-08-31,2019,97,27.057142857142857,50.199999999999996
RIO SAN JUAN,2019-08-25,2019-08-31,2019,186,26.37142857142857,28.1
RIVAS,2019-08-25,2019-08-31,2019,218,27.542857142857144,11.2
ZELAYA CENTRAL,2019-08-25,2019-08-31,2019,125,26.057142857142857,34.4
BILWI,2019-09-01,2019-09-07,2019,15,27.642857142857142,20.4
BOACO,2019-09-01,2019-09-07,2019,178,25.414285714285715,5.5
CARAZO,2019-09-01,2019-09-07,2019,448,25.285714285714285,10.1
CHINANDEGA,2019-09-01,2019-09-07,2019,378,27.84285714285714,36.2
CHONTALES,2019-09-01,2019-09-07,2019,127,27.385714285714286,7.1
ESTELI,2019-09-01,2019-09-07,2019,337,24.67142857142857,4.5
GRANADA,2019-09-01,2019-09-07,2019,304,27.814285714285713,28.9
JINOTEGA,2019-09-01,2019-09-07,2019,338,22.65714285714286,7.5
LEON,2019-09-01,2019-09-07,2019,519,28.942857142857143,20.9
MADRIZ,2019-09-01,2019-09-07,2019,229,25.242857142857144,4.5
MANAGUA,2019-09-01,2019-09-07,2019,3650,28.685714285714287,10.8
MASAYA,2019-09-01,2019-09-07,2019,430,25.7,28.099999999999998
MATAGALPA,2019-09-01,2019-09-07,2019,445,24.5,5.8999999999999995
NUEVA SEGOVIA,2019-09-01,2019-09-07,2019,229,26.185714285714287,3.1
REGION AUTONOMA DEL ATLANTICO SUR,2019-09-01,2019-09-07,2019,101,26.685714285714287,88.6
RIO SAN JUAN,2019-09-01,2019-09-07,2019,166,26.228571428571428,53.300000000000004
RIVAS,2019-09-01,2019-09-07,2019,332,27.34285714285714,21.1
ZELAYA CENTRAL,2019-09-01,2019-09-07,2019,92,25.65714285714286,46.4
BILWI,2019-09-08,2019-09-14,2019,20,27.400000000000002,33.9
BOACO,2019-09-08,2019-09-14,2019,134,25.414285714285715,7.5
CARAZO,2019-09-08,2019-09-14,2019,399,25.228571428571428,9.8
CHINANDEGA,2019-09-08,2019-09-14,2019,281,28.085714285714285,56.5
CHONTALES,2019-09-08,2019-09-14,2019,107,27.557142857142857,8.7
ESTELI,2019-09-08,2019-09-14,2019,392,24.714285714285715,14.3
GRANADA,2019-09-08,2019-09-14,2019,256,27.8,24.5
JINOTEGA,2019-09-08,2019-09-14,2019,321,22.714285714285715,5.6000000000000005
LEON,2019-09-08,2019-09-14,2019,390,28.92857142857143,37.9
MADRIZ,2019-09-08,2019-09-14,2019,195,25.357142857142858,15.100000000000001
MANAGUA,2019-09-08,2019-09-14,2019,2625,28.65714285714286,7.8999999999999995
MASAYA,2019-09-08,2019-09-14,2019,404,25.685714285714287,26.6
MATAGALPA,2019-09-08,2019-09-14,2019,399,24.614285714285714,5.7
NUEVA SEGOVIA,2019-09-08,2019-09-14,2019,207,26.485714285714288,4.3
REGION AUTONOMA DEL ATLANTICO SUR,2019-09-08,2019-09-14,2019,107,26.985714285714284,72.8
RIO SAN JUAN,2019-09-08,2019-09-14,2019,140,26.4,50
RIVAS,2019-09-08,2019-09-14,2019,330,27.17142857142857,36.2
ZELAYA CENTRAL,2019-09-08,2019-09-14,2019,92,25.885714285714286,40.5
BILWI,2019-09-15,2019-09-21,2019,31,27.014285714285716,38.1
BOACO,2019-09-15,2019-09-21,2019,146,24.942857142857143,46.5
CARAZO,2019-09-15,2019-09-21,2019,408,24.414285714285715,65.5
CHINANDEGA,2019-09-15,2019-09-21,2019,302,26.6,121.2
CHONTALES,2019-09-15,2019-09-21,2019,126,26.757142857142856,82.60000000000001
ESTELI,2019-09-15,2019-09-21,2019,471,23.642857142857142,65.2
GRANADA,2019-09-15,2019-09-21,2019,242,26.985714285714288,100.7
JINOTEGA,2019-09-15,2019-09-21,2019,282,22.5,56.300000000000004
LEON,2019-09-15,2019-09-21,2019,341,27.214285714285715,97.9
MADRIZ,2019-09-15,2019-09-21,2019,217,24.37142857142857,77.6
MANAGUA,2019-09-15,2019-09-21,2019,2711,27.585714285714285,68.7
MASAYA,2019-09-15,2019-09-21,2019,449,25.185714285714287,72.3
MATAGALPA,2019-09-15,2019-09-21,2019,308,24.142857142857142,31.8
NUEVA SEGOVIA,2019-09-15,2019-09-21,2019,146,25.414285714285715,115.7
REGION AUTONOMA DEL ATLANTICO SUR,2019-09-15,2019-09-21,2019,95,26.857142857142858,52.5
RIO SAN JUAN,2019-09-15,2019-09-21,2019,137,26.12857142857143,53.4
RIVAS,2019-09-15,2019-09-21,2019,294,26.557142857142857,51.3
ZELAYA CENTRAL,2019-09-15,2019-09-21,2019,65,25.67142857142857,49.2
BILWI,2019-09-22,2019-09-28,2019,48,27.642857142857142,25.1
BOACO,2019-09-22,2019-09-28,2019,122,23.857142857142858,94.1
CARAZO,2019-09-22,2019-09-28,2019,414,23.414285714285715,67.8
CHINANDEGA,2019-09-22,2019-09-28,2019,310,25.814285714285713,122.5
CHONTALES,2019-09-22,2019-09-28,2019,142,25.442857142857143,71.10000000000001
ESTELI,2019-09-22,2019-09-28,2019,399,22.47142857142857,82.7
GRANADA,2019-09-22,2019-09-28,2019,254,26.585714285714285,59.2
JINOTEGA,2019-09-22,2019-09-28,2019,271,21.84285714285714,103.6
LEON,2019-09-22,2019-09-28,2019,310,26.04285714285714,193.4
MADRIZ,2019-09-22,2019-09-28,2019,126,23.34285714285714,57.199999999999996
MANAGUA,2019-09-22,2019-09-28,2019,3858,26.52857142857143,84.8
MASAYA,2019-09-22,2019-09-28,2019,508,24.8,56.5
MATAGALPA,2019-09-22,2019-09-28,2019,346,23.385714285714286,87.8
NUEVA SEGOVIA,2019-09-22,2019-09-28,2019,164,23.728571428571428,83.3
REGION AUTONOMA DEL ATLANTICO SUR,2019-09-22,2019-09-28,2019,110,26.97142857142857,47.3
RIO SAN JUAN,2019-09-22,2019-09-28,2019,146,26.37142857142857,88.8
RIVAS,2019-09-22,2019-09-28,2019,328,25.914285714285715,59.9
ZELAYA CENTRAL,2019-09-22,2019-09-28,2019,86,25.985714285714284,57.2
BILWI,2019-09-29,2019-10-05,2019,44,27.114285714285714,20.2
BOACO,2019-09-29,2019-10-05,2019,141,24.185714285714287,27.9
CARAZO,2019-09-29,2019-10-05,2019,435,24.07142857142857,41.4
CHINANDEGA,2019-09-29,2019-10-05,2019,318,26.142857142857142,66.9
CHONTALES,2019-09-29,2019-10-05,2019,112,25.742857142857144,43
ESTELI,2019-09-29,2019-10-05,2019,328,22.485714285714284,42.4
GRANADA,2019-09-29,2019-10-05,2019,342,26.857142857142858,29.099999999999998
JINOTEGA,2019-09-29,2019-10-05,2019,282,21.62857142857143,49.7
LEON,2019-09-29,2019-10-05,2019,411,26.37142857142857,96.1
MADRIZ,2019-09-29,2019-10-05,2019,166,23.242857142857144,32.5
MANAGUA,2019-09-29,2019-10-05,2019,2354,26.84285714285714,37.3
MASAYA,2019-09-29,2019-10-05,2019,473,25.142857142857142,29.3
MATAGALPA,2019-09-29,2019-10-05,2019,372,23.385714285714286,52
NUEVA SEGOVIA,2019-09-29,2019-10-05,2019,126,23.571428571428573,67.5
REGION AUTONOMA DEL ATLANTICO SUR,2019-09-29,2019-10-05,2019,95,26.814285714285713,33.7
RIO SAN JUAN,2019-09-29,2019-10-05,2019,159,26.271428571428572,53.7
RIVAS,2019-09-29,2019-10-05,2019,284,26.271428571428572,45.5
ZELAYA CENTRAL,2019-09-29,2019-10-05,2019,85,25.84285714285714,33.1
BILWI,2019-10-06,2019-10-12,2019,62,26.214285714285715,102.39999999999999
BOACO,2019-10-06,2019-10-12,2019,120,23.685714285714287,52.2
CARAZO,2019-10-06,2019-10-12,2019,492,23.685714285714287,47.9
CHINANDEGA,2019-10-06,2019-10-12,2019,397,26.014285714285716,85.7
CHONTALES,2019-10-06,2019-10-12,2019,100,25.442857142857143,59.1
ESTELI,2019-10-06,2019-10-12,2019,294,22.357142857142858,53.1
GRANADA,2019-10-06,2019-10-12,2019,301,26.47142857142857,74.4
JINOTEGA,2019-10-06,2019-10-12,2019,232,21.271428571428572,53.2
LEON,2019-10-06,2019-10-12,2019,492,26.285714285714285,100.3
MADRIZ,2019-10-06,2019-10-12,2019,181,22.82857142857143,58.199999999999996
MANAGUA,2019-10-06,2019-10-12,2019,2139,26.614285714285714,43.2
MASAYA,2019-10-06,2019-10-12,2019,499,24.5,50.7
MATAGALPA,2019-10-06,2019-10-12,2019,243,22.8,44
NUEVA SEGOVIA,2019-10-06,2019-10-12,2019,110,23.185714285714287,49.3
REGION AUTONOMA DEL ATLANTICO SUR,2019-10-06,2019-10-12,2019,61,25.714285714285715,140.5
RIO SAN JUAN,2019-10-06,2019-10-12,2019,110,25.614285714285714,81.4
RIVAS,2019-10-06,2019-10-12,2019,446,25.82857142857143,87.2
ZELAYA CENTRAL,2019-10-06,2019-10-12,2019,61,24.771428571428572,99.6
BILWI,2019-10-13,2019-10-19,2019,96,26.34285714285714,40.1
BOACO,2019-10-13,2019-10-19,2019,148,23.514285714285716,184.1
CARAZO,2019-10-13,2019-10-19,2019,388,23.442857142857143,224.20000000000002
CHINANDEGA,2019-10-13,2019-10-19,2019,494,25.585714285714285,160.6
CHONTALES,2019-10-13,2019-10-19,2019,89,25.114285714285714,123
ESTELI,2019-10-13,2019-10-19,2019,366,21.87142857142857,81
GRANADA,2019-10-13,2019-10-19,2019,378,26.142857142857142,262.7
JINOTEGA,2019-10-13,2019-10-19,2019,323,21.185714285714287,72.8
LEON,2019-10-13,2019-10-19,2019,688,25.67142857142857,148.4
MADRIZ,2019-10-13,2019-10-19,2019,162,22.34285714285714,57.5
MANAGUA,2019-10-13,2019-10-19,2019,2256,26.185714285714287,201.9
MASAYA,2019-10-13,2019-10-19,2019,491,24.414285714285715,229.5
MATAGALPA,2019-10-13,2019-10-19,2019,279,22.814285714285713,76.3
NUEVA SEGOVIA,2019-10-13,2019-10-19,2019,129,23.02857142857143,32.9
REGION AUTONOMA DEL ATLANTICO SUR,2019-10-13,2019-10-19,2019,82,25.900000000000002,53.5
RIO SAN JUAN,2019-10-13,2019-10-19,2019,125,25.4,113.3
RIVAS,2019-10-13,2019-10-19,2019,377,25.614285714285714,208.5
ZELAYA CENTRAL,2019-10-13,2019-10-19,2019,57,24.8,56.3
BILWI,2019-10-20,2019-10-26,2019,109,25.914285714285715,77.1
BOACO,2019-10-20,2019-10-26,2019,163,23.314285714285713,83.10000000000001
CARAZO,2019-10-20,2019-10-26,2019,485,23.085714285714285,165.7
CHINANDEGA,2019-10-20,2019-10-26,2019,495,25.614285714285714,115.60000000000001
CHONTALES,2019-10-20,2019-10-26,2019,142,24.914285714285715,73.1
ESTELI,2019-10-20,2019-10-26,2019,369,21.84285714285714,58.7
GRANADA,2019-10-20,2019-10-26,2019,377,25.87142857142857,114.1
JINOTEGA,2019-10-20,2019-10-26,2019,488,21.099999999999998,40.6
LEON,2019-10-20,2019-10-26,2019,669,25.814285714285713,114.80000000000001
MADRIZ,2019-10-20,2019-10-26,2019,212,22.442857142857143,70
MANAGUA,2019-10-20,2019-10-26,2019,1548,26.114285714285714,72.10000000000001
MASAYA,2019-10-20,2019-10-26,2019,487,24.1,92.8
MATAGALPA,2019-10-20,2019-10-26,2019,242,22.47142857142857,44.4
NUEVA SEGOVIA,2019-10-20,2019-10-26,2019,150,23.014285714285716,35.3
REGION AUTONOMA DEL ATLANTICO SUR,2019-10-20,2019-10-26,2019,101,25.65714285714286,96.39999999999999
RIO SAN JUAN,2019-10-20,2019-10-26,2019,129,25.114285714285714,104
RIVAS,2019-10-20,2019-10-26,2019,430,25.185714285714287,126.6
ZELAYA CENTRAL,2019-10-20,2019-10-26,2019,75,24.642857142857142,71.2
BILWI,2019-10-27,2019-11-02,2019,100,26.17142857142857,58.4
BOACO,2019-10-27,2019-11-02,2019,150,23.957142857142856,10.7
CARAZO,2019-10-27,2019-11-02,2019,417,23.842857142857145,19.8
CHINANDEGA,2019-10-27,2019-11-02,2019,426,26.84285714285714,71.3
CHONTALES,2019-10-27,2019-11-02,2019,154,25.87142857142857,16.8
ESTELI,2019-10-27,2019-11-02,2019,382,22.428571428571427,22.2
GRANADA,2019-10-27,2019-11-02,2019,530,26.785714285714285,54.199999999999996
JINOTEGA,2019-10-27,2019-11-02,2019,404,21.271428571428572,9.1
LEON,2019-10-27,2019-11-02,2019,755,27.142857142857142,49.5
MADRIZ,2019-10-27,2019-11-02,2019,162,22.87142857142857,28
MANAGUA,2019-10-27,2019-11-02,2019,1866,26.685714285714287,31.6
MASAYA,2019-10-27,2019-11-02,2019,287,24.571428571428573,45.2
MATAGALPA,2019-10-27,2019-11-02,2019,178,22.985714285714288,10
NUEVA SEGOVIA,2019-10-27,2019-11-02,2019,103,23.414285714285715,9.5
REGION AUTONOMA DEL ATLANTICO SUR,2019-10-27,2019-11-02,2019,53,25.84285714285714,88.3
RIO SAN JUAN,2019-10-27,2019-11-02,2019,132,25.485714285714288,56.699999999999996
RIVAS,2019-10-27,2019-11-02,2019,323,26.185714285714287,51.2
ZELAYA CENTRAL,2019-10-27,2019-11-02,2019,46,24.857142857142858,76.2
BILWI,2019-11-03,2019-11-09,2019,86,26.271428571428572,34.3
BOACO,2019-11-03,2019-11-09,2019,180,23.900000000000002,9.7
CARAZO,2019-11-03,2019-11-09,2019,349,24.114285714285714,7.1
CHINANDEGA,2019-11-03,2019-11-09,2019,337,27.65714285714286,4.7
CHONTALES,2019-11-03,2019-11-09,2019,107,25.942857142857143,4.1
ESTELI,2019-11-03,2019-11-09,2019,384,22.52857142857143,1.5
GRANADA,2019-11-03,2019-11-09,2019,623,27.271428571428572,8.2
JINOTEGA,2019-11-03,2019-11-09,2019,414,20.97142857142857,9.5
LEON,2019-11-03,2019-11-09,2019,627,28.1,3.3000000000000003
MADRIZ,2019-11-03,2019-11-09,2019,160,22.84285714285714,4.7
MANAGUA,2019-11-03,2019-11-09,2019,1496,27.371428571428574,5.1
MASAYA,2019-11-03,2019-11-09,2019,226,24.857142857142858,9.9
MATAGALPA,2019-11-03,2019-11-09,2019,187,23.042857142857144,4.6
NUEVA SEGOVIA,2019-11-03,2019-11-09,2019,88,23.485714285714284,2.4
REGION AUTONOMA DEL ATLANTICO SUR,2019-11-03,2019-11-09,2019,77,25.714285714285715,105.9
RIO SAN JUAN,2019-11-03,2019-11-09,2019,90,25.32857142857143,92.6
RIVAS,2019-11-03,2019-11-09,2019,192,26.642857142857142,22.4
ZELAYA CENTRAL,2019-11-03,2019-11-09,2019,51,24.642857142857142,78
BILWI,2019-11-10,2019-11-16,2019,64,26.142857142857142,29.1
BOACO,2019-11-10,2019-11-16,2019,134,24.314285714285713,5.9
CARAZO,2019-11-10,2019-11-16,2019,260,24.04285714285714,10.4
CHINANDEGA,2019-11-10,2019-11-16,2019,227,26.885714285714286,67.3
CHONTALES,2019-11-10,2019-11-16,2019,99,26.2,5.1000000000000005
ESTELI,2019-11-10,2019-11-16,2019,298,22.714285714285715,10.5
GRANADA,2019-11-10,2019-11-16,2019,495,26.95714285714286,19.4
JINOTEGA,2019-11-10,2019-11-16,2019,358,21.37142857142857,6.6000000000000005
LEON,2019-11-10,2019-11-16,2019,528,27.37142857142857,37.3
MADRIZ,2019-11-10,2019-11-16,2019,122,23.4,12.8
MANAGUA,2019-11-10,2019-11-16,2019,1519,27.385714285714286,10.299999999999999
MASAYA,2019-11-10,2019-11-16,2019,181,24.785714285714285,18.9
MATAGALPA,2019-11-10,2019-11-16,2019,159,23.414285714285715,4.6
NUEVA SEGOVIA,2019-11-10,2019-11-16,2019,93,24.02857142857143,6.8999999999999995
REGION AUTONOMA DEL ATLANTICO SUR,2019-11-10,2019-11-16,2019,81,25.9,79.19999999999999
RIO SAN JUAN,2019-11-10,2019-11-16,2019,98,25.457142857142856,53.7
RIVAS,2019-11-10,2019-11-16,2019,154,26.485714285714288,15.9
ZELAYA CENTRAL,2019-11-10,2019-11-16,2019,37,24.84285714285714,46.9
BILWI,2019-11-17,2019-11-23,2019,62,25.12857142857143,28.5
BOACO,2019-11-17,2019-11-23,2019,101,23.857142857142858,2
CARAZO,2019-11-17,2019-11-23,2019,195,23.97142857142857,3.2
CHINANDEGA,2019-11-17,2019-11-23,2019,223,26.8,7.8999999999999995
CHONTALES,2019-11-17,2019-11-23,2019,79,25.742857142857144,7.8
ESTELI,2019-11-17,2019-11-23,2019,270,22.34285714285714,3.9
GRANADA,2019-11-17,2019-11-23,2019,359,26.814285714285713,4.2
JINOTEGA,2019-11-17,2019-11-23,2019,246,20.685714285714287,6.7
LEON,2019-11-17,2019-11-23,2019,395,27.185714285714287,9.200000000000001
MADRIZ,2019-11-17,2019-11-23,2019,137,22.97142857142857,2.8
MANAGUA,2019-11-17,2019-11-23,2019,1441,27.34285714285714,3.5
MASAYA,2019-11-17,2019-11-23,2019,140,24.571428571428573,4.7
MATAGALPA,2019-11-17,2019-11-23,2019,133,23,3.3
NUEVA SEGOVIA,2019-11-17,2019-11-23,2019,56,23.65714285714286,3.2
REGION AUTONOMA DEL ATLANTICO SUR,2019-11-17,2019-11-23,2019,53,25.442857142857143,51.7
RIO SAN JUAN,2019-11-17,2019-11-23,2019,85,25.15714285714286,58.8
RIVAS,2019-11-17,2019-11-23,2019,149,26.185714285714287,18.2
ZELAYA CENTRAL,2019-11-17,2019-11-23,2019,41,24.47142857142857,46.800000000000004
BILWI,2019-11-24,2019-11-30,2019,43,26.242857142857144,21.6
BOACO,2019-11-24,2019-11-30,2019,86,24.185714285714287,7.2
CARAZO,2019-11-24,2019-11-30,2019,165,24.37142857142857,7.2
CHINANDEGA,2019-11-24,2019-11-30,2019,155,27.6,5.6
CHONTALES,2019-11-24,2019-11-30,2019,56,26.257142857142856,3.6999999999999997
ESTELI,2019-11-24,2019-11-30,2019,208,22.485714285714288,2.5
GRANADA,2019-11-24,2019-11-30,2019,234,27.37142857142857,5.3999999999999995
JINOTEGA,2019-11-24,2019-11-30,2019,191,20.928571428571427,12.4
LEON,2019-11-24,2019-11-30,2019,329,28.67142857142857,3.4
MADRIZ,2019-11-24,2019-11-30,2019,90,22.985714285714284,8.8
MANAGUA,2019-11-24,2019-11-30,2019,1300,28.042857142857144,7
MASAYA,2019-11-24,2019-11-30,2019,105,25.242857142857144,7.5
MATAGALPA,2019-11-24,2019-11-30,2019,112,23.12857142857143,8.7
NUEVA SEGOVIA,2019-11-24,2019-11-30,2019,56,23.714285714285715,4.5
REGION AUTONOMA DEL ATLANTICO SUR,2019-11-24,2019-11-30,2019,61,26.12857142857143,66.7
RIO SAN JUAN,2019-11-24,2019-11-30,2019,105,25.542857142857144,41.9
RIVAS,2019-11-24,2019-11-30,2019,99,26.8,12.6
ZELAYA CENTRAL,2019-11-24,2019-11-30,2019,47,24.84285714285714,49.5
BILWI,2019-12-01,2019-12-07,2019,26,25.585714285714285,20.4
BOACO,2019-12-01,2019-12-07,2019,110,23.985714285714284,3.7
CARAZO,2019-12-01,2019-12-07,2019,138,24.34285714285714,1
CHINANDEGA,2019-12-01,2019-12-07,2019,98,27.242857142857144,0.1
CHONTALES,2019-12-01,2019-12-07,2019,81,25.957142857142856,1.2
ESTELI,2019-12-01,2019-12-07,2019,134,21.928571428571427,0.30000000000000004
GRANADA,2019-12-01,2019-12-07,2019,196,27.314285714285713,2.4
JINOTEGA,2019-12-01,2019-12-07,2019,159,20.15714285714286,2.2
LEON,2019-12-01,2019-12-07,2019,240,28.6,0.4
MADRIZ,2019-12-01,2019-12-07,2019,66,22.685714285714287,1.4
MANAGUA,2019-12-01,2019-12-07,2019,859,28.2,2.2
MASAYA,2019-12-01,2019-12-07,2019,95,25.271428571428572,3.6
MATAGALPA,2019-12-01,2019-12-07,2019,87,22.957142857142856,0.7
NUEVA SEGOVIA,2019-12-01,2019-12-07,2019,44,23.314285714285713,1.6
REGION AUTONOMA DEL ATLANTICO SUR,2019-12-01,2019-12-07,2019,52,25.071428571428573,82
RIO SAN JUAN,2019-12-01,2019-12-07,2019,64,25.3,28.3
RIVAS,2019-12-01,2019-12-07,2019,75,26.885714285714286,2.4
ZELAYA CENTRAL,2019-12-01,2019-12-07,2019,36,24.385714285714286,40.7
BILWI,2019-12-08,2019-12-14,2019,24,25.1,37.4
BOACO,2019-12-08,2019-12-14,2019,148,23.242857142857144,12.6
CARAZO,2019-12-08,2019-12-14,2019,115,23.7,7.8
CHINANDEGA,2019-12-08,2019-12-14,2019,112,27.514285714285716,2.1
CHONTALES,2019-12-08,2019-12-14,2019,126,25.414285714285715,9.700000000000001
ESTELI,2019-12-08,2019-12-14,2019,133,22.057142857142857,0.7
GRANADA,2019-12-08,2019-12-14,2019,221,26.757142857142856,8.1
JINOTEGA,2019-12-08,2019-12-14,2019,209,20.114285714285714,11.2
LEON,2019-12-08,2019-12-14,2019,247,28.62857142857143,3.1999999999999997
MADRIZ,2019-12-08,2019-12-14,2019,71,22.757142857142856,3.7
MANAGUA,2019-12-08,2019-12-14,2019,879,27.17142857142857,11.5
MASAYA,2019-12-08,2019-12-14,2019,94,24.6,14.4
MATAGALPA,2019-12-08,2019-12-14,2019,65,22.442857142857143,6.7
NUEVA SEGOVIA,2019-12-08,2019-12-14,2019,48,23.542857142857144,1.8
REGION AUTONOMA DEL ATLANTICO SUR,2019-12-08,2019-12-14,2019,52,25.17142857142857,71.8
RIO SAN JUAN,2019-12-08,2019-12-14,2019,65,24.914285714285715,92.3
RIVAS,2019-12-08,2019-12-14,2019,62,26.228571428571428,19
ZELAYA CENTRAL,2019-12-08,2019-12-14,2019,40,24.042857142857144,65.9
BILWI,2019-12-15,2019-12-21,2019,19,24.985714285714288,49.7
BOACO,2019-12-15,2019-12-21,2019,94,24.04285714285714,3.4
CARAZO,2019-12-15,2019-12-21,2019,52,24.385714285714286,2.1999999999999997
CHINANDEGA,2019-12-15,2019-12-21,2019,68,27.771428571428572,2.4
CHONTALES,2019-12-15,2019-12-21,2019,77,26.02857142857143,0.5
ESTELI,2019-12-15,2019-12-21,2019,78,22.685714285714287,2.1
GRANADA,2019-12-15,2019-12-21,2019,172,27.314285714285713,2.6
JINOTEGA,2019-12-15,2019-12-21,2019,132,20.585714285714285,5.8999999999999995
LEON,2019-12-15,2019-12-21,2019,248,28.914285714285715,3
MADRIZ,2019-12-15,2019-12-21,2019,91,23.228571428571428,9.299999999999999
MANAGUA,2019-12-15,2019-12-21,2019,766,27.97142857142857,3.5
MASAYA,2019-12-15,2019-12-21,2019,70,25.242857142857144,5.1
MATAGALPA,2019-12-15,2019-12-21,2019,63,23.1,3.5
NUEVA SEGOVIA,2019-12-15,2019-12-21,2019,47,23.87142857142857,3.8000000000000003
REGION AUTONOMA DEL ATLANTICO SUR,2019-12-15,2019-12-21,2019,30,25.142857142857142,92.1
RIO SAN JUAN,2019-12-15,2019-12-21,2019,39,25.32857142857143,45.8
RIVAS,2019-12-15,2019-12-21,2019,46,26.885714285714286,5.7
ZELAYA CENTRAL,2019-12-15,2019-12-21,2019,32,24.271428571428572,57.9
BILWI,2019-12-22,2019-12-28,2019,28,25.042857142857144,5.2
BOACO,2019-12-22,2019-12-28,2019,41,23.928571428571427,0.2
CARAZO,2019-12-22,2019-12-28,2019,41,24.485714285714288,0
CHINANDEGA,2019-12-22,2019-12-28,2019,61,27.5,1
CHONTALES,2019-12-22,2019-12-28,2019,35,25.914285714285715,0.2
ESTELI,2019-12-22,2019-12-28,2019,82,22.314285714285713,0
GRANADA,2019-12-22,2019-12-28,2019,141,27.34285714285714,0.2
JINOTEGA,2019-12-22,2019-12-28,2019,122,20.271428571428572,0.3
LEON,2019-12-22,2019-12-28,2019,189,28.84285714285714,0.4
MADRIZ,2019-12-22,2019-12-28,2019,62,22.7,0.8
MANAGUA,2019-12-22,2019-12-28,2019,540,28.157142857142855,0.4
MASAYA,2019-12-22,2019-12-28,2019,50,25.37142857142857,0
MATAGALPA,2019-12-22,2019-12-28,2019,30,23.02857142857143,0
NUEVA SEGOVIA,2019-12-22,2019-12-28,2019,33,23.12857142857143,0.6
REGION AUTONOMA DEL ATLANTICO SUR,2019-12-22,2019-12-28,2019,28,25.714285714285715,19.7
RIO SAN JUAN,2019-12-22,2019-12-28,2019,7,25.3,14.9
RIVAS,2019-12-22,2019-12-28,2019,26,26.9,1.5
ZELAYA CENTRAL,2019-12-22,2019-12-28,2019,22,24.6,14.8
BILWI,2019-12-29,2020-01-04,2019,28,26,12
BOACO,2019-12-29,2020-01-04,2019,51,24.1,1.2
CARAZO,2019-12-29,2020-01-04,2019,75,24.34285714285714,1.2
CHINANDEGA,2019-12-29,2020-01-04,2019,64,27.32857142857143,2.3
CHONTALES,2019-12-29,2020-01-04,2019,68,26.114285714285714,1.2
ESTELI,2019-12-29,2020-01-04,2019,58,22.9,3.1
GRANADA,2019-12-29,2020-01-04,2019,98,27.2,2.5999999999999996
JINOTEGA,2019-12-29,2020-01-04,2019,105,20.757142857142856,2.8
LEON,2019-12-29,2020-01-04,2019,232,28.585714285714285,3.3
MADRIZ,2019-12-29,2020-01-04,2019,60,23.37142857142857,2.7
MANAGUA,2019-12-29,2020-01-04,2019,439,27.97142857142857,1.4
MASAYA,2019-12-29,2020-01-04,2019,36,25.142857142857142,2.1
MATAGALPA,2019-12-29,2020-01-04,2019,27,23.02857142857143,1.5
NUEVA SEGOVIA,2019-12-29,2020-01-04,2019,46,24.014285714285712,1
REGION AUTONOMA DEL ATLANTICO SUR,2019-12-29,2020-01-04,2019,39,26.114285714285714,20.1
RIO SAN JUAN,2019-12-29,2020-01-04,2019,11,25.685714285714287,5.3
RIVAS,2019-12-29,2020-01-04,2019,25,26.957142857142856,2.2
ZELAYA CENTRAL,2019-12-29,2020-01-04,2019,15,24.571428571428573,17.2
BILWI,2020-01-05,2020-01-11,2020,17,25.314285714285713,36.6
BOACO,2020-01-05,2020-01-11,2020,81,23.214285714285715,12.1
CARAZO,2020-01-05,2020-01-11,2020,55,23.97142857142857,3.7
CHINANDEGA,2020-01-05,2020-01-11,2020,64,29.214285714285715,1.3
CHONTALES,2020-01-05,2020-01-11,2020,57,25.52857142857143,3.8
ESTELI,2020-01-05,2020-01-11,2020,78,22.057142857142857,2.1
GRANADA,2020-01-05,2020-01-11,2020,116,26.985714285714284,6.2
JINOTEGA,2020-01-05,2020-01-11,2020,115,19.82857142857143,21.5
LEON,2020-01-05,2020-01-11,2020,220,29.67142857142857,1.7
MADRIZ,2020-01-05,2020-01-11,2020,82,22.599999999999998,14.6
MANAGUA,2020-01-05,2020-01-11,2020,589,27.742857142857144,1.5
MASAYA,2020-01-05,2020-01-11,2020,47,25.142857142857142,8.700000000000001
MATAGALPA,2020-01-05,2020-01-11,2020,40,22.271428571428572,16.9
NUEVA SEGOVIA,2020-01-05,2020-01-11,2020,39,23.34285714285714,4.6
REGION AUTONOMA DEL ATLANTICO SUR,2020-01-05,2020-01-11,2020,52,25.357142857142858,64.6
RIO SAN JUAN,2020-01-05,2020-01-11,2020,51,25.12857142857143,23.599999999999998
RIVAS,2020-01-05,2020-01-11,2020,25,26.642857142857142,3.4
ZELAYA CENTRAL,2020-01-05,2020-01-11,2020,39,24.085714285714285,54.4
BILWI,2020-01-12,2020-01-18,2020,15,25.785714285714285,31.5
BOACO,2020-01-12,2020-01-18,2020,53,22.757142857142856,18.9
CARAZO,2020-01-12,2020-01-18,2020,62,23.714285714285715,7.5
CHINANDEGA,2020-01-12,2020-01-18,2020,77,29.457142857142856,0.6
CHONTALES,2020-01-12,2020-01-18,2020,59,25.614285714285714,3.5
ESTELI,2020-01-12,2020-01-18,2020,59,21.942857142857143,0.8
GRANADA,2020-01-12,2020-01-18,2020,135,26.771428571428572,13.1
JINOTEGA,2020-01-12,2020-01-18,2020,96,19.614285714285714,29.9
LEON,2020-01-12,2020-01-18,2020,220,29.82857142857143,0
MADRIZ,2020-01-12,2020-01-18,2020,53,21.742857142857144,21.2
MANAGUA,2020-01-12,2020-01-18,2020,573,27.2,6.2
MASAYA,2020-01-12,2020-01-18,2020,78,24.728571428571428,14.600000000000001
MATAGALPA,2020-01-12,2020-01-18,2020,58,21.485714285714284,25.3
NUEVA SEGOVIA,2020-01-12,2020-01-18,2020,37,22.585714285714285,9.2
REGION AUTONOMA DEL ATLANTICO SUR,2020-01-12,2020-01-18,2020,56,25.714285714285715,53.1
RIO SAN JUAN,2020-01-12,2020-01-18,2020,67,24.914285714285715,27.3
RIVAS,2020-01-12,2020-01-18,2020,23,26.557142857142857,5.4
ZELAYA CENTRAL,2020-01-12,2020-01-18,2020,35,24,61.9
BILWI,2020-01-19,2020-01-25,2020,12,24.5,4.3
BOACO,2020-01-19,2020-01-25,2020,56,23.185714285714287,0
CARAZO,2020-01-19,2020-01-25,2020,69,23.942857142857143,0
CHINANDEGA,2020-01-19,2020-01-25,2020,108,27.685714285714287,1.2999999999999998
CHONTALES,2020-01-19,2020-01-25,2020,66,25.457142857142856,0.5
ESTELI,2020-01-19,2020-01-25,2020,61,21.928571428571427,0.8
GRANADA,2020-01-19,2020-01-25,2020,133,26.742857142857144,0.1
JINOTEGA,2020-01-19,2020-01-25,2020,172,19.342857142857145,1.8
LEON,2020-01-19,2020-01-25,2020,244,28.728571428571428,0.3
MADRIZ,2020-01-19,2020-01-25,2020,60,22.085714285714285,1.3
MANAGUA,2020-01-19,2020-01-25,2020,424,27.5,0
MASAYA,2020-01-19,2020-01-25,2020,76,24.857142857142858,0.2
MATAGALPA,2020-01-19,2020-01-25,2020,79,22.014285714285716,0.5
NUEVA SEGOVIA,2020-01-19,2020-01-25,2020,44,22.685714285714287,0.5
REGION AUTONOMA DEL ATLANTICO SUR,2020-01-19,2020-01-25,2020,60,25.1,12.6
RIO SAN JUAN,2020-01-19,2020-01-25,2020,65,25.07142857142857,6.8999999999999995
RIVAS,2020-01-19,2020-01-25,2020,25,26.62857142857143,0.1
ZELAYA CENTRAL,2020-01-19,2020-01-25,2020,41,24.042857142857144,6.8
BILWI,2020-01-26,2020-02-01,2020,19,24.985714285714284,3.8000000000000003
BOACO,2020-01-26,2020-02-01,2020,49,23.728571428571428,0
CARAZO,2020-01-26,2020-02-01,2020,66,24.285714285714285,0.5
CHINANDEGA,2020-01-26,2020-02-01,2020,107,26.957142857142856,2.3
CHONTALES,2020-01-26,2020-02-01,2020,53,25.771428571428572,0.2
ESTELI,2020-01-26,2020-02-01,2020,93,23.17142857142857,0.9
GRANADA,2020-01-26,2020-02-01,2020,145,26.8,2.9
JINOTEGA,2020-01-26,2020-02-01,2020,165,21,0.2
LEON,2020-01-26,2020-02-01,2020,208,27.82857142857143,1.1
MADRIZ,2020-01-26,2020-02-01,2020,76,23.614285714285714,0
MANAGUA,2020-01-26,2020-02-01,2020,392,27.742857142857144,0
MASAYA,2020-01-26,2020-02-01,2020,67,24.957142857142856,0.8
MATAGALPA,2020-01-26,2020-02-01,2020,87,22.9,1.5
NUEVA SEGOVIA,2020-01-26,2020-02-01,2020,35,24.599999999999998,0
REGION AUTONOMA DEL ATLANTICO SUR,2020-01-26,2020-02-01,2020,35,25.5,3.5
RIO SAN JUAN,2020-01-26,2020-02-01,2020,34,25.1,3.7
RIVAS,2020-01-26,2020-02-01,2020,34,26.599999999999998,1.2
ZELAYA CENTRAL,2020-01-26,2020-02-01,2020,29,24.142857142857142,1.9
BILWI,2020-02-02,2020-02-08,2020,12,26.02857142857143,4.1
BOACO,2020-02-02,2020-02-08,2020,44,24.17142857142857,0.1
CARAZO,2020-02-02,2020-02-08,2020,79,24.6,0
CHINANDEGA,2020-02-02,2020-02-08,2020,130,28.62857142857143,0
CHONTALES,2020-02-02,2020-02-08,2020,63,26.614285714285714,0
ESTELI,2020-02-02,2020-02-08,2020,95,23.15714285714286,0
GRANADA,2020-02-02,2020-02-08,2020,128,27.485714285714284,0.6
JINOTEGA,2020-02-02,2020-02-08,2020,142,20.857142857142858,0
LEON,2020-02-02,2020-02-08,2020,229,29.428571428571427,0
MADRIZ,2020-02-02,2020-02-08,2020,93,23.757142857142856,1.1
MANAGUA,2020-02-02,2020-02-08,2020,347,28.114285714285714,0
MASAYA,2020-02-02,2020-02-08,2020,74,25.571428571428573,1.7000000000000002
MATAGALPA,2020-02-02,2020-02-08,2020,82,23.12857142857143,0.30000000000000004
NUEVA SEGOVIA,2020-02-02,2020-02-08,2020,46,24.65714285714286,0
REGION AUTONOMA DEL ATLANTICO SUR,2020-02-02,2020-02-08,2020,57,26.114285714285714,16.3
RIO SAN JUAN,2020-02-02,2020-02-08,2020,38,25.414285714285715,5.5
RIVAS,2020-02-02,2020-02-08,2020,25,27.2,1.6
ZELAYA CENTRAL,2020-02-02,2020-02-08,2020,27,24.542857142857144,10.1
BILWI,2020-02-09,2020-02-15,2020,13,26.3,14.7
BOACO,2020-02-09,2020-02-15,2020,45,23.728571428571428,8.8
CARAZO,2020-02-09,2020-02-15,2020,47,24.285714285714285,5.4
CHINANDEGA,2020-02-09,2020-02-15,2020,113,29.65714285714286,0
CHONTALES,2020-02-09,2020-02-15,2020,55,26.428571428571427,1.8
ESTELI,2020-02-09,2020-02-15,2020,80,22.514285714285712,0.2
GRANADA,2020-02-09,2020-02-15,2020,128,27.357142857142858,8.2
JINOTEGA,2020-02-09,2020-02-15,2020,117,20.12857142857143,8.9
LEON,2020-02-09,2020-02-15,2020,241,30.02857142857143,0
MADRIZ,2020-02-09,2020-02-15,2020,53,22.97142857142857,5.7
MANAGUA,2020-02-09,2020-02-15,2020,308,27.957142857142856,1.3
MASAYA,2020-02-09,2020-02-15,2020,99,25.385714285714286,7.7
MATAGALPA,2020-02-09,2020-02-15,2020,69,22.34285714285714,8.1
NUEVA SEGOVIA,2020-02-09,2020-02-15,2020,39,23.82857142857143,1.3
REGION AUTONOMA DEL ATLANTICO SUR,2020-02-09,2020-02-15,2020,38,26.057142857142857,28.4
RIO SAN JUAN,2020-02-09,2020-02-15,2020,46,25.442857142857143,15.3
RIVAS,2020-02-09,2020-02-15,2020,32,27.02857142857143,5.6
ZELAYA CENTRAL,2020-02-09,2020-02-15,2020,39,24.485714285714284,37.3
BILWI,2020-02-16,2020-02-22,2020,17,26.32857142857143,11.9
BOACO,2020-02-16,2020-02-22,2020,44,24.1,1
CARAZO,2020-02-16,2020-02-22,2020,49,24.785714285714285,0.2
CHINANDEGA,2020-02-16,2020-02-22,2020,90,30.571428571428573,0
CHONTALES,2020-02-16,2020-02-22,2020,44,26.67142857142857,0.4
ESTELI,2020-02-16,2020-02-22,2020,78,22.7,0
GRANADA,2020-02-16,2020-02-22,2020,135,27.728571428571428,0.6
JINOTEGA,2020-02-16,2020-02-22,2020,130,20.585714285714285,2.9000000000000004
LEON,2020-02-16,2020-02-22,2020,259,30.785714285714285,0
MADRIZ,2020-02-16,2020-02-22,2020,34,23.442857142857143,2.4
MANAGUA,2020-02-16,2020-02-22,2020,311,28.37142857142857,0.7
MASAYA,2020-02-16,2020-02-22,2020,74,25.87142857142857,1.1
MATAGALPA,2020-02-16,2020-02-22,2020,49,22.957142857142856,1.8
NUEVA SEGOVIA,2020-02-16,2020-02-22,2020,45,24.257142857142856,0.5
REGION AUTONOMA DEL ATLANTICO SUR,2020-02-16,2020-02-22,2020,42,26.228571428571428,18.900000000000002
RIO SAN JUAN,2020-02-16,2020-02-22,2020,44,25.542857142857144,22.299999999999997
RIVAS,2020-02-16,2020-02-22,2020,40,27.47142857142857,0.8
ZELAYA CENTRAL,2020-02-16,2020-02-22,2020,24,24.857142857142858,22.9
BILWI,2020-02-23,2020-02-29,2020,10,25.457142857142856,17.3
BOACO,2020-02-23,2020-02-29,2020,36,24.514285714285712,5.699999999999999
CARAZO,2020-02-23,2020-02-29,2020,63,24.814285714285713,2
CHINANDEGA,2020-02-23,2020-02-29,2020,82,28.614285714285714,3.3000000000000003
CHONTALES,2020-02-23,2020-02-29,2020,56,26.6,3.6
ESTELI,2020-02-23,2020-02-29,2020,69,23.114285714285714,4.9
GRANADA,2020-02-23,2020-02-29,2020,164,27.5,4.5
JINOTEGA,2020-02-23,2020-02-29,2020,110,21.414285714285715,4.9
LEON,2020-02-23,2020-02-29,2020,232,29.114285714285714,3.1
MADRIZ,2020-02-23,2020-02-29,2020,33,24.185714285714287,3.1
MANAGUA,2020-02-23,2020-02-29,2020,267,28.400000000000002,2
MASAYA,2020-02-23,2020-02-29,2020,73,25.885714285714286,4.4
MATAGALPA,2020-02-23,2020-02-29,2020,40,23.7,1.4
NUEVA SEGOVIA,2020-02-23,2020-02-29,2020,28,24.9,0.4
REGION AUTONOMA DEL ATLANTICO SUR,2020-02-23,2020-02-29,2020,50,25.628571428571426,17.099999999999998
RIO SAN JUAN,2020-02-23,2020-02-29,2020,46,26.057142857142857,4.5
RIVAS,2020-02-23,2020-02-29,2020,26,27.242857142857144,1.1
ZELAYA CENTRAL,2020-02-23,2020-02-29,2020,36,24.585714285714285,17.8
BILWI,2020-03-01,2020-03-07,2020,4,25.82857142857143,18
BOACO,2020-03-01,2020-03-07,2020,40,24.32857142857143,2
CARAZO,2020-03-01,2020-03-07,2020,65,24.742857142857144,0.7
CHINANDEGA,2020-03-01,2020-03-07,2020,75,29.82857142857143,0.8
CHONTALES,2020-03-01,2020-03-07,2020,41,26.6,1.4
ESTELI,2020-03-01,2020-03-07,2020,69,23.15714285714286,0
GRANADA,2020-03-01,2020-03-07,2020,98,27.628571428571426,1.4
JINOTEGA,2020-03-01,2020-03-07,2020,87,20.757142857142856,2.9
LEON,2020-03-01,2020-03-07,2020,235,30.285714285714285,0.7
MADRIZ,2020-03-01,2020-03-07,2020,25,24.142857142857142,0.4
MANAGUA,2020-03-01,2020-03-07,2020,344,28.385714285714286,0
MASAYA,2020-03-01,2020-03-07,2020,66,25.84285714285714,1.5
MATAGALPA,2020-03-01,2020-03-07,2020,40,23.15714285714286,1.8
NUEVA SEGOVIA,2020-03-01,2020-03-07,2020,33,25.1,0
REGION AUTONOMA DEL ATLANTICO SUR,2020-03-01,2020-03-07,2020,38,25.857142857142858,47.3
RIO SAN JUAN,2020-03-01,2020-03-07,2020,43,25.9,14.2
RIVAS,2020-03-01,2020-03-07,2020,28,27.442857142857143,0.9
ZELAYA CENTRAL,2020-03-01,2020-03-07,2020,35,24.571428571428573,38.199999999999996
BILWI,2020-03-08,2020-03-14,2020,3,24.942857142857143,34.5
BOACO,2020-03-08,2020-03-14,2020,36,23.67142857142857,12.4
CARAZO,2020-03-08,2020-03-14,2020,48,24.42857142857143,4.3
CHINANDEGA,2020-03-08,2020-03-14,2020,79,30.02857142857143,0.6
CHONTALES,2020-03-08,2020-03-14,2020,41,26.228571428571428,6.3
ESTELI,2020-03-08,2020-03-14,2020,56,22.557142857142857,0.7999999999999999
GRANADA,2020-03-08,2020-03-14,2020,99,27.34285714285714,7
JINOTEGA,2020-03-08,2020-03-14,2020,112,20.32857142857143,14.4
LEON,2020-03-08,2020-03-14,2020,195,30.4,0
MADRIZ,2020-03-08,2020-03-14,2020,21,23.47142857142857,2.7
MANAGUA,2020-03-08,2020-03-14,2020,366,28.014285714285712,5.1000000000000005
MASAYA,2020-03-08,2020-03-14,2020,68,25.52857142857143,8.8
MATAGALPA,2020-03-08,2020-03-14,2020,54,22.757142857142856,5.8
NUEVA SEGOVIA,2020-03-08,2020-03-14,2020,18,24.228571428571428,1.3
REGION AUTONOMA DEL ATLANTICO SUR,2020-03-08,2020-03-14,2020,40,25.257142857142856,47.400000000000006
RIO SAN JUAN,2020-03-08,2020-03-14,2020,43,25.771428571428572,15.6
RIVAS,2020-03-08,2020-03-14,2020,20,27.271428571428572,3.2
ZELAYA CENTRAL,2020-03-08,2020-03-14,2020,26,24.271428571428572,40.7
BILWI,2020-03-15,2020-03-21,2020,6,25.785714285714285,18.9
BOACO,2020-03-15,2020-03-21,2020,26,23.87142857142857,2.1
CARAZO,2020-03-15,2020-03-21,2020,37,24.52857142857143,1.8
CHINANDEGA,2020-03-15,2020-03-21,2020,42,29.942857142857143,4.2
CHONTALES,2020-03-15,2020-03-21,2020,51,26.52857142857143,2.3000000000000003
ESTELI,2020-03-15,2020-03-21,2020,49,22.685714285714287,0.7
GRANADA,2020-03-15,2020-03-21,2020,97,27.485714285714288,4.1
JINOTEGA,2020-03-15,2020-03-21,2020,112,20.514285714285716,5.2
LEON,2020-03-15,2020-03-21,2020,207,30.285714285714285,1.5
MADRIZ,2020-03-15,2020-03-21,2020,30,23.82857142857143,1.4
MANAGUA,2020-03-15,2020-03-21,2020,323,28.071428571428573,2.9000000000000004
MASAYA,2020-03-15,2020-03-21,2020,68,25.542857142857144,3.4
MATAGALPA,2020-03-15,2020-03-21,2020,42,22.785714285714285,3.1
NUEVA SEGOVIA,2020-03-15,2020-03-21,2020,22,24.442857142857143,0
REGION AUTONOMA DEL ATLANTICO SUR,2020-03-15,2020-03-21,2020,30,25.7,36.6
RIO SAN JUAN,2020-03-15,2020-03-21,2020,30,25.8,8.4
RIVAS,2020-03-15,2020-03-21,2020,43,27.357142857142858,2.6
ZELAYA CENTRAL,2020-03-15,2020-03-21,2020,22,24.385714285714286,28.7
BILWI,2020-03-22,2020-03-28,2020,8,25.84285714285714,18.1
BOACO,2020-03-22,2020-03-28,2020,21,24.02857142857143,4.2
CARAZO,2020-03-22,2020-03-28,2020,22,24.614285714285714,2.8
CHINANDEGA,2020-03-22,2020-03-28,2020,28,29.628571428571426,0.8
CHONTALES,2020-03-22,2020-03-28,2020,26,26.65714285714286,8
ESTELI,2020-03-22,2020-03-28,2020,22,23.014285714285712,0.9
GRANADA,2020-03-22,2020-03-28,2020,59,27.4,6.8
JINOTEGA,2020-03-22,2020-03-28,2020,64,20.742857142857144,5.7
LEON,2020-03-22,2020-03-28,2020,96,30.228571428571428,0.4
MADRIZ,2020-03-22,2020-03-28,2020,9,23.84285714285714,3.2
MANAGUA,2020-03-22,2020-03-28,2020,253,28.12857142857143,3.3
MASAYA,2020-03-22,2020-03-28,2020,67,25.514285714285712,6.4
MATAGALPA,2020-03-22,2020-03-28,2020,29,22.900000000000002,6
NUEVA SEGOVIA,2020-03-22,2020-03-28,2020,22,24.742857142857144,1.6
REGION AUTONOMA DEL ATLANTICO SUR,2020-03-22,2020-03-28,2020,12,25.6,30.6
RIO SAN JUAN,2020-03-22,2020-03-28,2020,25,25.928571428571427,10
RIVAS,2020-03-22,2020-03-28,2020,24,27.3,3.1
ZELAYA CENTRAL,2020-03-22,2020-03-28,2020,14,24.557142857142857,25.5
BILWI,2020-03-29,2020-04-04,2020,7,26.5,4.4
BOACO,2020-03-29,2020-04-04,2020,11,25.142857142857142,0.1
CARAZO,2020-03-29,2020-04-04,2020,15,25.485714285714288,0
CHINANDEGA,2020-03-29,2020-04-04,2020,21,29.771428571428572,2.6
CHONTALES,2020-03-29,2020-04-04,2020,18,27.52857142857143,0.8999999999999999
ESTELI,2020-03-29,2020-04-04,2020,19,24.62857142857143,4.5
GRANADA,2020-03-29,2020-04-04,2020,47,28.257142857142856,0.4
JINOTEGA,2020-03-29,2020-04-04,2020,83,22.042857142857144,0.8
LEON,2020-03-29,2020-04-04,2020,86,29.914285714285715,1.9
MADRIZ,2020-03-29,2020-04-04,2020,19,25.3,1.9
MANAGUA,2020-03-29,2020-04-04,2020,244,29.085714285714285,0
MASAYA,2020-03-29,2020-04-04,2020,52,26.357142857142858,1.6
MATAGALPA,2020-03-29,2020-04-04,2020,17,24.228571428571428,0.2
NUEVA SEGOVIA,2020-03-29,2020-04-04,2020,20,25.985714285714288,3.7
REGION AUTONOMA DEL ATLANTICO SUR,2020-03-29,2020-04-04,2020,27,26.37142857142857,11.4
RIO SAN JUAN,2020-03-29,2020-04-04,2020,13,26.67142857142857,3.7
RIVAS,2020-03-29,2020-04-04,2020,11,27.957142857142856,0.30000000000000004
ZELAYA CENTRAL,2020-03-29,2020-04-04,2020,6,24.9,10.5
BILWI,2020-04-05,2020-04-11,2020,4,27.557142857142857,2.8
BOACO,2020-04-05,2020-04-11,2020,11,26.414285714285715,0.3
CARAZO,2020-04-05,2020-04-11,2020,11,26.385714285714286,0
CHINANDEGA,2020-04-05,2020-04-11,2020,10,30.057142857142857,0.8
CHONTALES,2020-04-05,2020-04-11,2020,14,28.885714285714286,0
ESTELI,2020-04-05,2020-04-11,2020,15,25.557142857142857,0
GRANADA,2020-04-05,2020-04-11,2020,64,29.17142857142857,0
JINOTEGA,2020-04-05,2020-04-11,2020,44,23.17142857142857,0.2
LEON,2020-04-05,2020-04-11,2020,81,31.3,0
MADRIZ,2020-04-05,2020-04-11,2020,12,26.414285714285715,0.2
MANAGUA,2020-04-05,2020-04-11,2020,159,30.085714285714285,0
MASAYA,2020-04-05,2020-04-11,2020,50,27.32857142857143,1.1
MATAGALPA,2020-04-05,2020-04-11,2020,11,25.185714285714287,0.5
NUEVA SEGOVIA,2020-04-05,2020-04-11,2020,14,27.271428571428572,0
REGION AUTONOMA DEL ATLANTICO SUR,2020-04-05,2020-04-11,2020,10,27.257142857142856,10.299999999999999
RIO SAN JUAN,2020-04-05,2020-04-11,2020,11,27.82857142857143,1.2
RIVAS,2020-04-05,2020-04-11,2020,20,28.95714285714286,1.1
ZELAYA CENTRAL,2020-04-05,2020-04-11,2020,7,26.457142857142856,6.8999999999999995
BILWI,2020-04-12,2020-04-18,2020,23,27.82857142857143,5.8
BOACO,2020-04-12,2020-04-18,2020,19,26.32857142857143,2.4000000000000004
CARAZO,2020-04-12,2020-04-18,2020,11,26.02857142857143,4.4
CHINANDEGA,2020-04-12,2020-04-18,2020,20,29.62857142857143,8
CHONTALES,2020-04-12,2020-04-18,2020,25,28.514285714285716,5.6
ESTELI,2020-04-12,2020-04-18,2020,18,25.32857142857143,1.8
GRANADA,2020-04-12,2020-04-18,2020,55,28.814285714285713,6.3
JINOTEGA,2020-04-12,2020-04-18,2020,80,22.885714285714286,1.7
LEON,2020-04-12,2020-04-18,2020,85,30.557142857142857,2.8
MADRIZ,2020-04-12,2020-04-18,2020,15,26.2,0.7999999999999999
MANAGUA,2020-04-12,2020-04-18,2020,140,29.757142857142856,3.3
MASAYA,2020-04-12,2020-04-18,2020,53,26.942857142857143,2.5
MATAGALPA,2020-04-12,2020-04-18,2020,23,25.04285714285714,2.8000000000000003
NUEVA SEGOVIA,2020-04-12,2020-04-18,2020,32,27.085714285714285,0.7
REGION AUTONOMA DEL ATLANTICO SUR,2020-04-12,2020-04-18,2020,12,27.071428571428573,17.1
RIO SAN JUAN,2020-04-12,2020-04-18,2020,33,26.914285714285715,16.8
RIVAS,2020-04-12,2020-04-18,2020,18,28.54285714285714,4.6000000000000005
ZELAYA CENTRAL,2020-04-12,2020-04-18,2020,8,26,11.9
BILWI,2020-04-19,2020-04-25,2020,19,27.685714285714287,7.4
BOACO,2020-04-19,2020-04-25,2020,23,27.6,1.8
CARAZO,2020-04-19,2020-04-25,2020,21,26.45714285714286,5.4
CHINANDEGA,2020-04-19,2020-04-25,2020,20,28.914285714285715,3.7
CHONTALES,2020-04-19,2020-04-25,2020,32,29.514285714285716,1.9
ESTELI,2020-04-19,2020-04-25,2020,41,25.62857142857143,5
GRANADA,2020-04-19,2020-04-25,2020,57,29.17142857142857,6.1
JINOTEGA,2020-04-19,2020-04-25,2020,68,24.257142857142856,1.4
LEON,2020-04-19,2020-04-25,2020,104,29.34285714285714,3.4000000000000004
MADRIZ,2020-04-19,2020-04-25,2020,19,27.02857142857143,0.1
MANAGUA,2020-04-19,2020-04-25,2020,183,30.07142857142857,1.8
MASAYA,2020-04-19,2020-04-25,2020,66,27.599999999999998,4.3
MATAGALPA,2020-04-19,2020-04-25,2020,29,26.2,4.2
NUEVA SEGOVIA,2020-04-19,2020-04-25,2020,30,27.87142857142857,3.5
REGION AUTONOMA DEL ATLANTICO SUR,2020-04-19,2020-04-25,2020,16,27.285714285714285,5.6
RIO SAN JUAN,2020-04-19,2020-04-25,2020,19,27.7,7.3
RIVAS,2020-04-19,2020-04-25,2020,21,28.585714285714285,7.6
ZELAYA CENTRAL,2020-04-19,2020-04-25,2020,20,26.8,3.3
BILWI,2020-04-26,2020-05-02,2020,35,27.985714285714288,4
BOACO,2020-04-26,2020-05-02,2020,23,26.642857142857142,0.5
CARAZO,2020-04-26,2020-05-02,2020,15,26.3,0.4
CHINANDEGA,2020-04-26,2020-05-02,2020,30,30.014285714285716,3.8000000000000003
CHONTALES,2020-04-26,2020-05-02,2020,30,28.95714285714286,0.4
ESTELI,2020-04-26,2020-05-02,2020,18,25.65714285714286,0.1
GRANADA,2020-04-26,2020-05-02,2020,61,29.114285714285714,1.7
JINOTEGA,2020-04-26,2020-05-02,2020,69,23.271428571428572,0.6
LEON,2020-04-26,2020-05-02,2020,119,31.357142857142858,0.2
MADRIZ,2020-04-26,2020-05-02,2020,15,26.8,0.2
MANAGUA,2020-04-26,2020-05-02,2020,238,30.214285714285715,0.9
MASAYA,2020-04-26,2020-05-02,2020,71,27.428571428571427,1.3
MATAGALPA,2020-04-26,2020-05-02,2020,24,25.357142857142858,1.5
NUEVA SEGOVIA,2020-04-26,2020-05-02,2020,25,27.5,0
REGION AUTONOMA DEL ATLANTICO SUR,2020-04-26,2020-05-02,2020,18,27.185714285714287,18.4
RIO SAN JUAN,2020-04-26,2020-05-02,2020,28,27.32857142857143,6.2
RIVAS,2020-04-26,2020-05-02,2020,21,28.8,2.4000000000000004
ZELAYA CENTRAL,2020-04-26,2020-05-02,2020,16,26.285714285714285,10.9
BILWI,2020-05-03,2020-05-09,2020,40,28.257142857142856,11.7
BOACO,2020-05-03,2020-05-09,2020,21,27.07142857142857,2.6
CARAZO,2020-05-03,2020-05-09,2020,21,26.714285714285715,1.7999999999999998
CHINANDEGA,2020-05-03,2020-05-09,2020,14,30.04285714285714,12.3
CHONTALES,2020-05-03,2020-05-09,2020,39,29.257142857142856,6.2
ESTELI,2020-05-03,2020-05-09,2020,33,25.9,11.4
GRANADA,2020-05-03,2020-05-09,2020,63,29.442857142857143,3.4000000000000004
JINOTEGA,2020-05-03,2020-05-09,2020,59,23.514285714285716,6.2
LEON,2020-05-03,2020-05-09,2020,123,31.3,4.3
MADRIZ,2020-05-03,2020-05-09,2020,9,26.714285714285715,8.4
MANAGUA,2020-05-03,2020-05-09,2020,258,30.442857142857143,2.4
MASAYA,2020-05-03,2020-05-09,2020,83,27.814285714285713,6.1
MATAGALPA,2020-05-03,2020-05-09,2020,24,25.7,4.6
NUEVA SEGOVIA,2020-05-03,2020-05-09,2020,24,27.47142857142857,4.5
REGION AUTONOMA DEL ATLANTICO SUR,2020-05-03,2020-05-09,2020,33,27.32857142857143,45.9
RIO SAN JUAN,2020-05-03,2020-05-09,2020,37,27.485714285714284,27.2
RIVAS,2020-05-03,2020-05-09,2020,16,28.985714285714284,5.8
ZELAYA CENTRAL,2020-05-03,2020-05-09,2020,19,26.6,23.2
BILWI,2020-05-10,2020-05-16,2020,21,27.65714285714286,31.599999999999998
BOACO,2020-05-10,2020-05-16,2020,13,26.585714285714285,16.9
CARAZO,2020-05-10,2020-05-16,2020,18,26.32857142857143,26.8
CHINANDEGA,2020-05-10,2020-05-16,2020,13,27.942857142857143,123.60000000000001
CHONTALES,2020-05-10,2020-05-16,2020,36,28.84285714285714,15.9
ESTELI,2020-05-10,2020-05-16,2020,15,24.214285714285715,44.6
GRANADA,2020-05-10,2020-05-16,2020,92,28.728571428571428,52.5
JINOTEGA,2020-05-10,2020-05-16,2020,46,22.97142857142857,48.7
LEON,2020-05-10,2020-05-16,2020,82,28.857142857142858,82.7
MADRIZ,2020-05-10,2020-05-16,2020,13,25.085714285714285,28.3
MANAGUA,2020-05-10,2020-05-16,2020,207,29.228571428571428,30.2
MASAYA,2020-05-10,2020-05-16,2020,59,27.07142857142857,39
MATAGALPA,2020-05-10,2020-05-16,2020,21,25.02857142857143,50.4
NUEVA SEGOVIA,2020-05-10,2020-05-16,2020,16,25.928571428571427,24.2
REGION AUTONOMA DEL ATLANTICO SUR,2020-05-10,2020-05-16,2020,38,27.457142857142856,31.7
RIO SAN JUAN,2020-05-10,2020-05-16,2020,26,27.84285714285714,24.5
RIVAS,2020-05-10,2020-05-16,2020,14,28.5,27.9
ZELAYA CENTRAL,2020-05-10,2020-05-16,2020,18,26.87142857142857,18.7
BILWI,2020-05-17,2020-05-23,2020,17,27.042857142857144,108.6
BOACO,2020-05-17,2020-05-23,2020,13,25.385714285714286,105.6
CARAZO,2020-05-17,2020-05-23,2020,16,24.885714285714286,95.3
CHINANDEGA,2020-05-17,2020-05-23,2020,8,27.32857142857143,65.3
CHONTALES,2020-05-17,2020-05-23,2020,38,27.15714285714286,112.6
ESTELI,2020-05-17,2020-05-23,2020,19,23.7,111.2
GRANADA,2020-05-17,2020-05-23,2020,35,27.52857142857143,148.4
JINOTEGA,2020-05-17,2020-05-23,2020,33,22.585714285714285,110.4
LEON,2020-05-17,2020-05-23,2020,48,27.7,90.5
MADRIZ,2020-05-17,2020-05-23,2020,9,24.357142857142858,171.8
MANAGUA,2020-05-17,2020-05-23,2020,134,27.87142857142857,83.39999999999999
MASAYA,2020-05-17,2020-05-23,2020,46,25.771428571428572,72.3
MATAGALPA,2020-05-17,2020-05-23,2020,9,24.2,118.6
NUEVA SEGOVIA,2020-05-17,2020-05-23,2020,12,25.099999999999998,135.6
REGION AUTONOMA DEL ATLANTICO SUR,2020-05-17,2020-05-23,2020,33,26.757142857142856,110.3
RIO SAN JUAN,2020-05-17,2020-05-23,2020,15,26.685714285714287,78.9
RIVAS,2020-05-17,2020-05-23,2020,15,27.114285714285714,126.1
ZELAYA CENTRAL,2020-05-17,2020-05-23,2020,10,25.985714285714284,92.1
BILWI,2020-05-24,2020-05-30,2020,5,27.485714285714288,49.6
BOACO,2020-05-24,2020-05-30,2020,9,24.285714285714285,113.3
CARAZO,2020-05-24,2020-05-30,2020,11,23.9,190.5
CHINANDEGA,2020-05-24,2020-05-30,2020,11,26.6,167.4
CHONTALES,2020-05-24,2020-05-30,2020,28,25.957142857142856,141.9
ESTELI,2020-05-24,2020-05-30,2020,21,22.985714285714288,92.7
GRANADA,2020-05-24,2020-05-30,2020,19,26.642857142857142,269.4
JINOTEGA,2020-05-24,2020-05-30,2020,52,22.142857142857142,69.3
LEON,2020-05-24,2020-05-30,2020,43,26.67142857142857,143.7
MADRIZ,2020-05-24,2020-05-30,2020,5,23.542857142857144,80.7
MANAGUA,2020-05-24,2020-05-30,2020,137,26.728571428571428,176.6
MASAYA,2020-05-24,2020-05-30,2020,44,24.814285714285713,179.3
MATAGALPA,2020-05-24,2020-05-30,2020,11,23.585714285714285,77.5
NUEVA SEGOVIA,2020-05-24,2020-05-30,2020,21,23.942857142857143,65.4
REGION AUTONOMA DEL ATLANTICO SUR,2020-05-24,2020-05-30,2020,27,26.942857142857143,109
RIO SAN JUAN,2020-05-24,2020-05-30,2020,5,26.128571428571426,147.7
RIVAS,2020-05-24,2020-05-30,2020,24,26.185714285714287,269.40000000000003
ZELAYA CENTRAL,2020-05-24,2020-05-30,2020,8,26.042857142857144,299.4
BILWI,2020-05-31,2020-06-06,2020,12,26.385714285714286,156.79999999999998
BOACO,2020-05-31,2020-06-06,2020,12,23.32857142857143,146.2
CARAZO,2020-05-31,2020-06-06,2020,12,23.15714285714286,81.3
CHINANDEGA,2020-05-31,2020-06-06,2020,15,25.514285714285716,146.8
CHONTALES,2020-05-31,2020-06-06,2020,23,25.014285714285716,126.7
ESTELI,2020-05-31,2020-06-06,2020,17,21.84285714285714,110.5
GRANADA,2020-05-31,2020-06-06,2020,15,26.071428571428573,82
JINOTEGA,2020-05-31,2020-06-06,2020,53,21.014285714285712,182.6
LEON,2020-05-31,2020-06-06,2020,68,25.67142857142857,156
MADRIZ,2020-05-31,2020-06-06,2020,7,22.885714285714286,65.2
MANAGUA,2020-05-31,2020-06-06,2020,84,26.1,58.6
MASAYA,2020-05-31,2020-06-06,2020,42,24.385714285714286,78.3
MATAGALPA,2020-05-31,2020-06-06,2020,12,22.714285714285715,143.5
NUEVA SEGOVIA,2020-05-31,2020-06-06,2020,38,23.057142857142857,102.6
REGION AUTONOMA DEL ATLANTICO SUR,2020-05-31,2020-06-06,2020,43,26.228571428571428,87.2
RIO SAN JUAN,2020-05-31,2020-06-06,2020,17,25.742857142857144,121.8
RIVAS,2020-05-31,2020-06-06,2020,7,25.65714285714286,82.9
ZELAYA CENTRAL,2020-05-31,2020-06-06,2020,9,25.385714285714286,129.7
BILWI,2020-06-07,2020-06-13,2020,21,26.985714285714288,84.3
BOACO,2020-06-07,2020-06-13,2020,18,24.62857142857143,20.7
CARAZO,2020-06-07,2020-06-13,2020,10,24.542857142857144,24.5
CHINANDEGA,2020-06-07,2020-06-13,2020,24,26.87142857142857,83.4
CHONTALES,2020-06-07,2020-06-13,2020,39,26.32857142857143,28.3
ESTELI,2020-06-07,2020-06-13,2020,28,23.085714285714285,20.3
GRANADA,2020-06-07,2020-06-13,2020,14,27.17142857142857,51
JINOTEGA,2020-06-07,2020-06-13,2020,56,22.257142857142856,19
LEON,2020-06-07,2020-06-13,2020,98,27.34285714285714,52.7
MADRIZ,2020-06-07,2020-06-13,2020,6,23.87142857142857,27.7
MANAGUA,2020-06-07,2020-06-13,2020,123,27.314285714285713,39.9
MASAYA,2020-06-07,2020-06-13,2020,42,25.314285714285713,39.6
MATAGALPA,2020-06-07,2020-06-13,2020,33,23.814285714285713,21.299999999999997
NUEVA SEGOVIA,2020-06-07,2020-06-13,2020,21,24.32857142857143,21
REGION AUTONOMA DEL ATLANTICO SUR,2020-06-07,2020-06-13,2020,9,26.47142857142857,104.7
RIO SAN JUAN,2020-06-07,2020-06-13,2020,14,26.271428571428572,84
RIVAS,2020-06-07,2020-06-13,2020,34,26.65714285714286,62
ZELAYA CENTRAL,2020-06-07,2020-06-13,2020,5,25.900000000000002,59.699999999999996
BILWI,2020-06-14,2020-06-20,2020,13,26.32857142857143,123.9
BOACO,2020-06-14,2020-06-20,2020,17,24.17142857142857,28.7
CARAZO,2020-06-14,2020-06-20,2020,15,24.214285714285715,45.8
CHINANDEGA,2020-06-14,2020-06-20,2020,24,27,95.6
CHONTALES,2020-06-14,2020-06-20,2020,34,26.2,38.5
ESTELI,2020-06-14,2020-06-20,2020,17,22.8,51.3
GRANADA,2020-06-14,2020-06-20,2020,36,27.17142857142857,41.9
JINOTEGA,2020-06-14,2020-06-20,2020,52,21.47142857142857,31.2
LEON,2020-06-14,2020-06-20,2020,70,27.585714285714285,76.5
MADRIZ,2020-06-14,2020-06-20,2020,3,23.057142857142857,55.2
MANAGUA,2020-06-14,2020-06-20,2020,117,27.2,25.1
MASAYA,2020-06-14,2020-06-20,2020,43,24.97142857142857,48.4
MATAGALPA,2020-06-14,2020-06-20,2020,64,23.228571428571428,23.4
NUEVA SEGOVIA,2020-06-14,2020-06-20,2020,22,23.685714285714287,34.2
REGION AUTONOMA DEL ATLANTICO SUR,2020-06-14,2020-06-20,2020,12,26,117.9
RIO SAN JUAN,2020-06-14,2020-06-20,2020,23,25.92857142857143,81.6
RIVAS,2020-06-14,2020-06-20,2020,28,26.685714285714287,46.6
ZELAYA CENTRAL,2020-06-14,2020-06-20,2020,9,25.042857142857144,105.2
BILWI,2020-06-21,2020-06-27,2020,8,27.32857142857143,70.6
BOACO,2020-06-21,2020-06-27,2020,2,24.085714285714285,58.599999999999994
CARAZO,2020-06-21,2020-06-27,2020,7,24.114285714285714,62.3
CHINANDEGA,2020-06-21,2020-06-27,2020,46,27.985714285714288,22.8
CHONTALES,2020-06-21,2020-06-27,2020,24,26.271428571428572,56
ESTELI,2020-06-21,2020-06-27,2020,11,22.914285714285715,25.599999999999998
GRANADA,2020-06-21,2020-06-27,2020,25,27.17142857142857,98.1
JINOTEGA,2020-06-21,2020-06-27,2020,60,21.285714285714285,46.4
LEON,2020-06-21,2020-06-27,2020,63,28.557142857142857,16.7
MADRIZ,2020-06-21,2020-06-27,2020,8,23.142857142857142,36.4
MANAGUA,2020-06-21,2020-06-27,2020,134,27.271428571428572,53.4
MASAYA,2020-06-21,2020-06-27,2020,45,24.97142857142857,75.6
MATAGALPA,2020-06-21,2020-06-27,2020,34,23.12857142857143,51.199999999999996
NUEVA SEGOVIA,2020-06-21,2020-06-27,2020,29,24,20.2
REGION AUTONOMA DEL ATLANTICO SUR,2020-06-21,2020-06-27,2020,12,26.314285714285713,185.5
RIO SAN JUAN,2020-06-21,2020-06-27,2020,19,25.67142857142857,106
RIVAS,2020-06-21,2020-06-27,2020,18,26.62857142857143,97.7
ZELAYA CENTRAL,2020-06-21,2020-06-27,2020,7,24.985714285714284,133.7
BILWI,2020-06-28,2020-07-04,2020,9,26.557142857142857,60
BOACO,2020-06-28,2020-07-04,2020,8,23.542857142857144,18.4
CARAZO,2020-06-28,2020-07-04,2020,5,23.442857142857143,51.3
CHINANDEGA,2020-06-28,2020-07-04,2020,43,27.114285714285714,70.8
CHONTALES,2020-06-28,2020-07-04,2020,26,25.428571428571427,23.4
ESTELI,2020-06-28,2020-07-04,2020,19,22.5,22.6
GRANADA,2020-06-28,2020-07-04,2020,25,26.257142857142856,72
JINOTEGA,2020-06-28,2020-07-04,2020,74,21.014285714285716,29.3
LEON,2020-06-28,2020-07-04,2020,66,27.757142857142856,28
MADRIZ,2020-06-28,2020-07-04,2020,9,22.685714285714287,30.2
MANAGUA,2020-06-28,2020-07-04,2020,102,26.385714285714286,44.800000000000004
MASAYA,2020-06-28,2020-07-04,2020,47,24.185714285714287,94.39999999999999
MATAGALPA,2020-06-28,2020-07-04,2020,109,22.857142857142858,29.7
NUEVA SEGOVIA,2020-06-28,2020-07-04,2020,35,23.37142857142857,9.4
REGION AUTONOMA DEL ATLANTICO SUR,2020-06-28,2020-07-04,2020,19,25.685714285714287,138.8
RIO SAN JUAN,2020-06-28,2020-07-04,2020,20,24.82857142857143,100.4
RIVAS,2020-06-28,2020-07-04,2020,21,25.757142857142856,71.3
ZELAYA CENTRAL,2020-06-28,2020-07-04,2020,3,24.514285714285712,103.3
BILWI,2020-07-05,2020-07-11,2020,13,27.12857142857143,59.1
BOACO,2020-07-05,2020-07-11,2020,10,24.071428571428573,17.6
CARAZO,2020-07-05,2020-07-11,2020,24,24,33.9
CHINANDEGA,2020-07-05,2020-07-11,2020,45,27.32857142857143,38.7
CHONTALES,2020-07-05,2020-07-11,2020,30,26.057142857142857,17.099999999999998
ESTELI,2020-07-05,2020-07-11,2020,17,22.985714285714284,23.8
GRANADA,2020-07-05,2020-07-11,2020,29,26.9,41.6
JINOTEGA,2020-07-05,2020-07-11,2020,54,21.357142857142858,38.599999999999994
LEON,2020-07-05,2020-07-11,2020,83,28.242857142857144,17.2
MADRIZ,2020-07-05,2020-07-11,2020,3,23.271428571428572,28.2
MANAGUA,2020-07-05,2020-07-11,2020,112,27.085714285714285,16.4
MASAYA,2020-07-05,2020-07-11,2020,48,24.757142857142856,46.8
MATAGALPA,2020-07-05,2020-07-11,2020,66,23.228571428571428,29.6
NUEVA SEGOVIA,2020-07-05,2020-07-11,2020,42,23.942857142857143,19.6
REGION AUTONOMA DEL ATLANTICO SUR,2020-07-05,2020-07-11,2020,13,25.914285714285715,110.7
RIO SAN JUAN,2020-07-05,2020-07-11,2020,37,25.742857142857144,77.3
RIVAS,2020-07-05,2020-07-11,2020,47,26.228571428571428,68.39999999999999
ZELAYA CENTRAL,2020-07-05,2020-07-11,2020,5,25.114285714285714,66.4
BILWI,2020-07-12,2020-07-18,2020,22,27.042857142857144,34.1
BOACO,2020-07-12,2020-07-18,2020,10,24.242857142857144,12.6
CARAZO,2020-07-12,2020-07-18,2020,18,24.15714285714286,19.7
CHINANDEGA,2020-07-12,2020-07-18,2020,55,27.857142857142858,17.2
CHONTALES,2020-07-12,2020-07-18,2020,35,26.37142857142857,12.9
ESTELI,2020-07-12,2020-07-18,2020,35,23.128571428571426,6.9
GRANADA,2020-07-12,2020-07-18,2020,30,27.042857142857144,34.9
JINOTEGA,2020-07-12,2020-07-18,2020,54,21.385714285714286,16.8
LEON,2020-07-12,2020-07-18,2020,78,29.114285714285714,6.4
MADRIZ,2020-07-12,2020-07-18,2020,11,23.32857142857143,26.4
MANAGUA,2020-07-12,2020-07-18,2020,100,27.442857142857143,15.1
MASAYA,2020-07-12,2020-07-18,2020,51,24.95714285714286,33.800000000000004
MATAGALPA,2020-07-12,2020-07-18,2020,59,23.32857142857143,12.7
NUEVA SEGOVIA,2020-07-12,2020-07-18,2020,36,24.057142857142857,7.7
REGION AUTONOMA DEL ATLANTICO SUR,2020-07-12,2020-07-18,2020,17,26.142857142857142,113.2
RIO SAN JUAN,2020-07-12,2020-07-18,2020,21,25.914285714285715,43.2
RIVAS,2020-07-12,2020-07-18,2020,60,26.585714285714285,25.4
ZELAYA CENTRAL,2020-07-12,2020-07-18,2020,52,25.07142857142857,76.6
BILWI,2020-07-19,2020-07-25,2020,21,27.67142857142857,14.4
BOACO,2020-07-19,2020-07-25,2020,13,24.928571428571427,8.8
CARAZO,2020-07-19,2020-07-25,2020,16,24.542857142857144,27.1
CHINANDEGA,2020-07-19,2020-07-25,2020,59,27.2,81.5
CHONTALES,2020-07-19,2020-07-25,2020,30,26.728571428571428,9.1
ESTELI,2020-07-19,2020-07-25,2020,21,23.457142857142856,17.1
GRANADA,2020-07-19,2020-07-25,2020,31,27.2,34.9
JINOTEGA,2020-07-19,2020-07-25,2020,84,22.02857142857143,4.7
LEON,2020-07-19,2020-07-25,2020,83,27.95714285714286,50.9
MADRIZ,2020-07-19,2020-07-25,2020,15,23.928571428571427,14.8
MANAGUA,2020-07-19,2020-07-25,2020,96,27.771428571428572,16.8
MASAYA,2020-07-19,2020-07-25,2020,53,25.285714285714285,18.9
MATAGALPA,2020-07-19,2020-07-25,2020,74,23.97142857142857,7.8
NUEVA SEGOVIA,2020-07-19,2020-07-25,2020,23,24.82857142857143,15.200000000000001
REGION AUTONOMA DEL ATLANTICO SUR,2020-07-19,2020-07-25,2020,25,26.642857142857142,56
RIO SAN JUAN,2020-07-19,2020-07-25,2020,58,26.1,61
RIVAS,2020-07-19,2020-07-25,2020,45,26.557142857142857,38.6
ZELAYA CENTRAL,2020-07-19,2020-07-25,2020,107,25.82857142857143,35.1
BILWI,2020-07-26,2020-08-01,2020,32,26.9,85.60000000000001
BOACO,2020-07-26,2020-08-01,2020,36,25,24.8
CARAZO,2020-07-26,2020-08-01,2020,24,24.82857142857143,25.5
CHINANDEGA,2020-07-26,2020-08-01,2020,50,27.385714285714286,78.8
CHONTALES,2020-07-26,2020-08-01,2020,28,27.042857142857144,21.8
ESTELI,2020-07-26,2020-08-01,2020,28,23.385714285714286,33.9
GRANADA,2020-07-26,2020-08-01,2020,42,27.47142857142857,43.3
JINOTEGA,2020-07-26,2020-08-01,2020,61,22,16.2
LEON,2020-07-26,2020-08-01,2020,84,27.9,54.699999999999996
MADRIZ,2020-07-26,2020-08-01,2020,10,23.728571428571428,29.2
MANAGUA,2020-07-26,2020-08-01,2020,123,27.928571428571427,33.3
MASAYA,2020-07-26,2020-08-01,2020,54,25.442857142857143,45.9
MATAGALPA,2020-07-26,2020-08-01,2020,47,24.02857142857143,16.3
NUEVA SEGOVIA,2020-07-26,2020-08-01,2020,25,24.628571428571426,14.299999999999999
REGION AUTONOMA DEL ATLANTICO SUR,2020-07-26,2020-08-01,2020,28,26.728571428571428,72.8
RIO SAN JUAN,2020-07-26,2020-08-01,2020,66,26.557142857142857,39.5
RIVAS,2020-07-26,2020-08-01,2020,62,26.9,32.800000000000004
ZELAYA CENTRAL,2020-07-26,2020-08-01,2020,56,25.871428571428574,44.9
BILWI,2020-08-02,2020-08-08,2020,21,26.942857142857143,82.5
BOACO,2020-08-02,2020-08-08,2020,30,24.9,18.4
CARAZO,2020-08-02,2020-08-08,2020,23,24.714285714285715,35.6
CHINANDEGA,2020-08-02,2020-08-08,2020,49,27.442857142857143,105.6
CHONTALES,2020-08-02,2020-08-08,2020,31,26.985714285714288,16.4
ESTELI,2020-08-02,2020-08-08,2020,32,23.714285714285715,29.7
GRANADA,2020-08-02,2020-08-08,2020,46,27.357142857142858,76.1
JINOTEGA,2020-08-02,2020-08-08,2020,89,22.057142857142857,27
LEON,2020-08-02,2020-08-08,2020,72,28.085714285714285,51.6
MADRIZ,2020-08-02,2020-08-08,2020,10,23.82857142857143,63.50000000000001
MANAGUA,2020-08-02,2020-08-08,2020,131,27.985714285714288,22.5
MASAYA,2020-08-02,2020-08-08,2020,52,25.32857142857143,54.4
MATAGALPA,2020-08-02,2020-08-08,2020,54,23.942857142857143,22.3
NUEVA SEGOVIA,2020-08-02,2020-08-08,2020,39,24.8,18.1
REGION AUTONOMA DEL ATLANTICO SUR,2020-08-02,2020-08-08,2020,27,26.514285714285712,117
RIO SAN JUAN,2020-08-02,2020-08-08,2020,52,26.414285714285715,63.5
RIVAS,2020-08-02,2020-08-08,2020,58,26.885714285714286,69.4
ZELAYA CENTRAL,2020-08-02,2020-08-08,2020,15,25.45714285714286,72.6
BILWI,2020-08-09,2020-08-15,2020,44,27.02857142857143,103.8
BOACO,2020-08-09,2020-08-15,2020,32,24.47142857142857,16.400000000000002
CARAZO,2020-08-09,2020-08-15,2020,20,24.37142857142857,30.2
CHINANDEGA,2020-08-09,2020-08-15,2020,64,27.757142857142856,31.7
CHONTALES,2020-08-09,2020-08-15,2020,32,26.714285714285715,11.4
ESTELI,2020-08-09,2020-08-15,2020,38,23.271428571428572,25.8
GRANADA,2020-08-09,2020-08-15,2020,40,27.214285714285715,45.4
JINOTEGA,2020-08-09,2020-08-15,2020,60,21.428571428571427,27.099999999999998
LEON,2020-08-09,2020-08-15,2020,53,28.785714285714285,40.6
MADRIZ,2020-08-09,2020-08-15,2020,13,23.257142857142856,34.9
MANAGUA,2020-08-09,2020-08-15,2020,110,27.914285714285715,23.6
MASAYA,2020-08-09,2020-08-15,2020,57,25.185714285714287,54.2
MATAGALPA,2020-08-09,2020-08-15,2020,53,23.52857142857143,13.3
NUEVA SEGOVIA,2020-08-09,2020-08-15,2020,39,24.12857142857143,10.9
REGION AUTONOMA DEL ATLANTICO SUR,2020-08-09,2020-08-15,2020,19,26.214285714285715,140.20000000000002
RIO SAN JUAN,2020-08-09,2020-08-15,2020,56,25.15714285714286,147.4
RIVAS,2020-08-09,2020-08-15,2020,42,26.414285714285715,76.3
ZELAYA CENTRAL,2020-08-09,2020-08-15,2020,25,25.114285714285714,99
BILWI,2020-08-16,2020-08-22,2020,22,27.057142857142857,22.4
BOACO,2020-08-16,2020-08-22,2020,34,24.12857142857143,74.8
CARAZO,2020-08-16,2020-08-22,2020,17,23.628571428571426,58.4
CHINANDEGA,2020-08-16,2020-08-22,2020,56,26.15714285714286,146
CHONTALES,2020-08-16,2020-08-22,2020,40,25.771428571428572,67
ESTELI,2020-08-16,2020-08-22,2020,62,22.714285714285715,143.1
GRANADA,2020-08-16,2020-08-22,2020,55,26.485714285714288,48.8
JINOTEGA,2020-08-16,2020-08-22,2020,71,21.542857142857144,89.2
LEON,2020-08-16,2020-08-22,2020,64,26.542857142857144,207
MADRIZ,2020-08-16,2020-08-22,2020,14,23.285714285714285,121.30000000000001
MANAGUA,2020-08-16,2020-08-22,2020,103,26.742857142857144,52.2
MASAYA,2020-08-16,2020-08-22,2020,61,24.685714285714287,51.5
MATAGALPA,2020-08-16,2020-08-22,2020,58,23.428571428571427,108.4
NUEVA SEGOVIA,2020-08-16,2020-08-22,2020,34,24.042857142857144,102.8
REGION AUTONOMA DEL ATLANTICO SUR,2020-08-16,2020-08-22,2020,27,26.557142857142857,87.39999999999999
RIO SAN JUAN,2020-08-16,2020-08-22,2020,49,25.71428571428571,86.3
RIVAS,2020-08-16,2020-08-22,2020,51,25.82857142857143,64.2
ZELAYA CENTRAL,2020-08-16,2020-08-22,2020,35,25.428571428571427,60.8
BILWI,2020-08-23,2020-08-29,2020,10,27.357142857142858,52
BOACO,2020-08-23,2020-08-29,2020,42,23.67142857142857,100.3
CARAZO,2020-08-23,2020-08-29,2020,14,23.34285714285714,45.3
CHINANDEGA,2020-08-23,2020-08-29,2020,51,25.785714285714285,125.5
CHONTALES,2020-08-23,2020-08-29,2020,42,25.32857142857143,91.8
ESTELI,2020-08-23,2020-08-29,2020,33,22.357142857142858,86.4
GRANADA,2020-08-23,2020-08-29,2020,59,26.3,70.9
JINOTEGA,2020-08-23,2020-08-29,2020,68,21.47142857142857,54.6
LEON,2020-08-23,2020-08-29,2020,65,25.942857142857143,81.9
MADRIZ,2020-08-23,2020-08-29,2020,10,23.057142857142857,48
MANAGUA,2020-08-23,2020-08-29,2020,115,26.17142857142857,40.9
MASAYA,2020-08-23,2020-08-29,2020,67,24.485714285714284,73.8
MATAGALPA,2020-08-23,2020-08-29,2020,67,23.014285714285716,65.3
NUEVA SEGOVIA,2020-08-23,2020-08-29,2020,44,23.47142857142857,43.2
REGION AUTONOMA DEL ATLANTICO SUR,2020-08-23,2020-08-29,2020,21,26.4,71.5
RIO SAN JUAN,2020-08-23,2020-08-29,2020,42,25.97142857142857,95
RIVAS,2020-08-23,2020-08-29,2020,54,25.57142857142857,92.1
ZELAYA CENTRAL,2020-08-23,2020-08-29,2020,26,25.62857142857143,64.2
BILWI,2020-08-30,2020-09-05,2020,17,27.057142857142857,55.5
BOACO,2020-08-30,2020-09-05,2020,50,24.385714285714286,35.5
CARAZO,2020-08-30,2020-09-05,2020,46,24.142857142857142,54.2
CHINANDEGA,2020-08-30,2020-09-05,2020,79,26.414285714285715,53.199999999999996
CHONTALES,2020-08-30,2020-09-05,2020,41,26.042857142857144,47.8
ESTELI,2020-08-30,2020-09-05,2020,29,22.65714285714286,82.1
GRANADA,2020-08-30,2020-09-05,2020,70,27.04285714285714,50.199999999999996
JINOTEGA,2020-08-30,2020-09-05,2020,82,21.87142857142857,52.6
LEON,2020-08-30,2020-09-05,2020,86,26.771428571428572,66.2
MADRIZ,2020-08-30,2020-09-05,2020,12,23.4,27.9
MANAGUA,2020-08-30,2020-09-05,2020,133,27,44.3
MASAYA,2020-08-30,2020-09-05,2020,60,25.02857142857143,52.5
MATAGALPA,2020-08-30,2020-09-05,2020,54,23.428571428571427,36.8
NUEVA SEGOVIA,2020-08-30,2020-09-05,2020,54,23.97142857142857,20.5
REGION AUTONOMA DEL ATLANTICO SUR,2020-08-30,2020-09-05,2020,14,26.67142857142857,37.6
RIO SAN JUAN,2020-08-30,2020-09-05,2020,38,26.385714285714286,37.7
RIVAS,2020-08-30,2020-09-05,2020,53,26.385714285714286,49.6
ZELAYA CENTRAL,2020-08-30,2020-09-05,2020,16,25.942857142857143,37.5
BILWI,2020-09-06,2020-09-12,2020,17,26.614285714285714,64.8
BOACO,2020-09-06,2020-09-12,2020,36,24.02857142857143,101.3
CARAZO,2020-09-06,2020-09-12,2020,46,23.8,83.9
CHINANDEGA,2020-09-06,2020-09-12,2020,68,25.97142857142857,137.2
CHONTALES,2020-09-06,2020-09-12,2020,30,25.685714285714287,87.8
ESTELI,2020-09-06,2020-09-12,2020,35,22.7,108.39999999999999
GRANADA,2020-09-06,2020-09-12,2020,48,26.7,105.2
JINOTEGA,2020-09-06,2020-09-12,2020,46,21.97142857142857,79.3
LEON,2020-09-06,2020-09-12,2020,87,26.214285714285715,121.7
MADRIZ,2020-09-06,2020-09-12,2020,16,23.314285714285713,94.4
MANAGUA,2020-09-06,2020-09-12,2020,119,26.7,101.5
MASAYA,2020-09-06,2020-09-12,2020,60,24.82857142857143,86.8
MATAGALPA,2020-09-06,2020-09-12,2020,46,23.414285714285715,76
NUEVA SEGOVIA,2020-09-06,2020-09-12,2020,65,23.771428571428572,103.6
REGION AUTONOMA DEL ATLANTICO SUR,2020-09-06,2020-09-12,2020,9,26.642857142857142,51
RIO SAN JUAN,2020-09-06,2020-09-12,2020,51,26.085714285714285,85.9
RIVAS,2020-09-06,2020-09-12,2020,53,25.985714285714288,100.8
ZELAYA CENTRAL,2020-09-06,2020-09-12,2020,20,25.65714285714286,66.7
BILWI,2020-09-13,2020-09-19,2020,12,27.34285714285714,35.5
BOACO,2020-09-13,2020-09-19,2020,43,24.142857142857142,57
CARAZO,2020-09-13,2020-09-19,2020,32,24.02857142857143,119.5
CHINANDEGA,2020-09-13,2020-09-19,2020,70,26.128571428571426,89.6
CHONTALES,2020-09-13,2020-09-19,2020,34,25.742857142857144,60.5
ESTELI,2020-09-13,2020-09-19,2020,46,22.7,60.5
GRANADA,2020-09-13,2020-09-19,2020,61,26.9,169.4
JINOTEGA,2020-09-13,2020-09-19,2020,73,22.12857142857143,35.9
LEON,2020-09-13,2020-09-19,2020,100,26.314285714285713,108
MADRIZ,2020-09-13,2020-09-19,2020,11,23.2,54.1
MANAGUA,2020-09-13,2020-09-19,2020,91,26.9,62.9
MASAYA,2020-09-13,2020-09-19,2020,59,25.014285714285716,107.7
MATAGALPA,2020-09-13,2020-09-19,2020,53,23.47142857142857,34.3
NUEVA SEGOVIA,2020-09-13,2020-09-19,2020,29,23.785714285714285,39.4
REGION AUTONOMA DEL ATLANTICO SUR,2020-09-13,2020-09-19,2020,7,26.642857142857142,55.5
RIO SAN JUAN,2020-09-13,2020-09-19,2020,40,26.1,39.9
RIVAS,2020-09-13,2020-09-19,2020,31,26.114285714285714,83.1
ZELAYA CENTRAL,2020-09-13,2020-09-19,2020,0,25.47142857142857,58
BILWI,2020-09-20,2020-09-26,2020,14,27.357142857142858,28.400000000000002
BOACO,2020-09-20,2020-09-26,2020,38,24.4,39
CARAZO,2020-09-20,2020-09-26,2020,47,24.057142857142857,68.4
CHINANDEGA,2020-09-20,2020-09-26,2020,94,26.4,92.5
CHONTALES,2020-09-20,2020-09-26,2020,36,26,46.8
ESTELI,2020-09-20,2020-09-26,2020,50,22.92857142857143,37.9
GRANADA,2020-09-20,2020-09-26,2020,52,27.02857142857143,65.8
JINOTEGA,2020-09-20,2020-09-26,2020,86,21.92857142857143,58.300000000000004
LEON,2020-09-20,2020-09-26,2020,133,26.757142857142856,83.8
MADRIZ,2020-09-20,2020-09-26,2020,20,23.542857142857144,33.6
MANAGUA,2020-09-20,2020-09-26,2020,112,27.142857142857142,29.2
MASAYA,2020-09-20,2020-09-26,2020,50,25.02857142857143,34.6
MATAGALPA,2020-09-20,2020-09-26,2020,67,23.67142857142857,17.1
NUEVA SEGOVIA,2020-09-20,2020-09-26,2020,47,24.12857142857143,31
REGION AUTONOMA DEL ATLANTICO SUR,2020-09-20,2020-09-26,2020,41,26.52857142857143,46.1
RIO SAN JUAN,2020-09-20,2020-09-26,2020,45,25.87142857142857,66.8
RIVAS,2020-09-20,2020-09-26,2020,70,26.34285714285714,63
ZELAYA CENTRAL,2020-09-20,2020-09-26,2020,22,25.52857142857143,44.6
BILWI,2020-09-27,2020-10-03,2020,28,26.428571428571427,49.2
BOACO,2020-09-27,2020-10-03,2020,39,23.857142857142858,51.599999999999994
CARAZO,2020-09-27,2020-10-03,2020,35,23.557142857142857,98.2
CHINANDEGA,2020-09-27,2020-10-03,2020,87,25.957142857142856,128.4
CHONTALES,2020-09-27,2020-10-03,2020,36,25.42857142857143,64.7
ESTELI,2020-09-27,2020-10-03,2020,38,22.37142857142857,98
GRANADA,2020-09-27,2020-10-03,2020,74,26.428571428571427,124.4
JINOTEGA,2020-09-27,2020-10-03,2020,89,21.414285714285715,33.2
LEON,2020-09-27,2020-10-03,2020,116,26.128571428571426,97.5
MADRIZ,2020-09-27,2020-10-03,2020,16,23.1,58.7
MANAGUA,2020-09-27,2020-10-03,2020,123,26.485714285714288,110.2
MASAYA,2020-09-27,2020-10-03,2020,72,24.514285714285716,115.2
MATAGALPA,2020-09-27,2020-10-03,2020,64,23.04285714285714,77.8
NUEVA SEGOVIA,2020-09-27,2020-10-03,2020,29,23.62857142857143,55.4
REGION AUTONOMA DEL ATLANTICO SUR,2020-09-27,2020-10-03,2020,45,25.985714285714284,74.3
RIO SAN JUAN,2020-09-27,2020-10-03,2020,35,25.885714285714286,62.6
RIVAS,2020-09-27,2020-10-03,2020,71,25.8,72.1
ZELAYA CENTRAL,2020-09-27,2020-10-03,2020,25,25.15714285714286,68.3
BILWI,2020-10-04,2020-10-10,2020,25,26.757142857142856,51.5
BOACO,2020-10-04,2020-10-10,2020,30,23.3,130.1
CARAZO,2020-10-04,2020-10-10,2020,48,23.114285714285714,107.39999999999999
CHINANDEGA,2020-10-04,2020-10-10,2020,102,25.65714285714286,113.2
CHONTALES,2020-10-04,2020-10-10,2020,38,24.928571428571427,129.5
ESTELI,2020-10-04,2020-10-10,2020,37,21.914285714285715,113.8
GRANADA,2020-10-04,2020-10-10,2020,55,26.142857142857142,113.9
JINOTEGA,2020-10-04,2020-10-10,2020,107,21.242857142857144,91.7
LEON,2020-10-04,2020-10-10,2020,105,25.742857142857144,87.1
MADRIZ,2020-10-04,2020-10-10,2020,23,22.771428571428572,67
MANAGUA,2020-10-04,2020-10-10,2020,120,26.057142857142857,66.3
MASAYA,2020-10-04,2020-10-10,2020,62,24.314285714285713,119.6
MATAGALPA,2020-10-04,2020-10-10,2020,55,22.814285714285713,101.2
NUEVA SEGOVIA,2020-10-04,2020-10-10,2020,36,23.085714285714285,104.1
REGION AUTONOMA DEL ATLANTICO SUR,2020-10-04,2020-10-10,2020,46,26.114285714285714,60.2
RIO SAN JUAN,2020-10-04,2020-10-10,2020,27,25.6,76.5
RIVAS,2020-10-04,2020-10-10,2020,94,25.32857142857143,128
ZELAYA CENTRAL,2020-10-04,2020-10-10,2020,32,25.185714285714287,89.3
BILWI,2020-10-11,2020-10-17,2020,37,26.114285714285714,92.2
BOACO,2020-10-11,2020-10-17,2020,41,24.15714285714286,9.9
CARAZO,2020-10-11,2020-10-17,2020,52,23.885714285714286,24
CHINANDEGA,2020-10-11,2020-10-17,2020,155,26.642857142857142,67.5
CHONTALES,2020-10-11,2020-10-17,2020,52,25.885714285714286,25.2
ESTELI,2020-10-11,2020-10-17,2020,43,22.65714285714286,26.7
GRANADA,2020-10-11,2020-10-17,2020,91,26.885714285714286,44.7
JINOTEGA,2020-10-11,2020-10-17,2020,114,21.4,16.9
LEON,2020-10-11,2020-10-17,2020,124,26.885714285714286,42.9
MADRIZ,2020-10-11,2020-10-17,2020,17,22.928571428571427,22.8
MANAGUA,2020-10-11,2020-10-17,2020,132,26.857142857142858,23.3
MASAYA,2020-10-11,2020-10-17,2020,53,24.65714285714286,50.4
MATAGALPA,2020-10-11,2020-10-17,2020,79,23.242857142857144,10.200000000000001
NUEVA SEGOVIA,2020-10-11,2020-10-17,2020,43,23.428571428571427,7.8
REGION AUTONOMA DEL ATLANTICO SUR,2020-10-11,2020-10-17,2020,41,25.814285714285713,108
RIO SAN JUAN,2020-10-11,2020-10-17,2020,37,25.785714285714285,61.3
RIVAS,2020-10-11,2020-10-17,2020,71,26.185714285714287,60.300000000000004
ZELAYA CENTRAL,2020-10-11,2020-10-17,2020,25,24.914285714285715,54.7
BILWI,2020-10-18,2020-10-24,2020,21,25.985714285714288,62
BOACO,2020-10-18,2020-10-24,2020,52,23.52857142857143,101.6
CARAZO,2020-10-18,2020-10-24,2020,69,23.385714285714286,72.7
CHINANDEGA,2020-10-18,2020-10-24,2020,138,25.757142857142856,154.4
CHONTALES,2020-10-18,2020-10-24,2020,39,25.314285714285713,76.7
ESTELI,2020-10-18,2020-10-24,2020,43,22.114285714285714,134.4
GRANADA,2020-10-18,2020-10-24,2020,79,26.385714285714286,101
JINOTEGA,2020-10-18,2020-10-24,2020,122,21.257142857142856,124.5
LEON,2020-10-18,2020-10-24,2020,141,25.8,153.9
MADRIZ,2020-10-18,2020-10-24,2020,18,22.814285714285713,48.1
MANAGUA,2020-10-18,2020-10-24,2020,145,26.2,70.2
MASAYA,2020-10-18,2020-10-24,2020,69,24.457142857142856,76.5
MATAGALPA,2020-10-18,2020-10-24,2020,62,22.857142857142858,108.5
NUEVA SEGOVIA,2020-10-18,2020-10-24,2020,47,23.17142857142857,118.6
REGION AUTONOMA DEL ATLANTICO SUR,2020-10-18,2020-10-24,2020,44,25.914285714285715,76.7
RIO SAN JUAN,2020-10-18,2020-10-24,2020,45,25.714285714285715,98.1
RIVAS,2020-10-18,2020-10-24,2020,60,25.757142857142856,73.3
ZELAYA CENTRAL,2020-10-18,2020-10-24,2020,30,25.15714285714286,69.4
BILWI,2020-10-25,2020-10-31,2020,6,26.085714285714285,81.8
BOACO,2020-10-25,2020-10-31,2020,55,23.685714285714287,64.1
CARAZO,2020-10-25,2020-10-31,2020,52,23.45714285714286,61.3
CHINANDEGA,2020-10-25,2020-10-31,2020,140,25.728571428571428,97.2
CHONTALES,2020-10-25,2020-10-31,2020,37,25.32857142857143,58.6
ESTELI,2020-10-25,2020-10-31,2020,44,22.3,116.5
GRANADA,2020-10-25,2020-10-31,2020,77,26.32857142857143,76.6
JINOTEGA,2020-10-25,2020-10-31,2020,100,21.3,49.5
LEON,2020-10-25,2020-10-31,2020,132,25.857142857142858,99.2
MADRIZ,2020-10-25,2020-10-31,2020,14,22.62857142857143,58
MANAGUA,2020-10-25,2020-10-31,2020,124,26.37142857142857,52.5
MASAYA,2020-10-25,2020-10-31,2020,61,24.457142857142856,58.699999999999996
MATAGALPA,2020-10-25,2020-10-31,2020,54,23.02857142857143,45.7
NUEVA SEGOVIA,2020-10-25,2020-10-31,2020,36,22.985714285714284,50.1
REGION AUTONOMA DEL ATLANTICO SUR,2020-10-25,2020-10-31,2020,29,25.84285714285714,89.2
RIO SAN JUAN,2020-10-25,2020-10-31,2020,47,25.54285714285714,109.6
RIVAS,2020-10-25,2020-10-31,2020,60,25.8,80.2
ZELAYA CENTRAL,2020-10-25,2020-10-31,2020,28,24.985714285714284,84.9
BILWI,2020-11-01,2020-11-07,2020,11,25.45714285714286,376.59999999999997
BOACO,2020-11-01,2020-11-07,2020,38,22.2,364.90000000000003
CARAZO,2020-11-01,2020-11-07,2020,34,22.314285714285713,351.8
CHINANDEGA,2020-11-01,2020-11-07,2020,118,25.32857142857143,193.4
CHONTALES,2020-11-01,2020-11-07,2020,33,23.985714285714284,358.7
ESTELI,2020-11-01,2020-11-07,2020,22,20.885714285714286,227.9
GRANADA,2020-11-01,2020-11-07,2020,56,25.34285714285714,290.8
JINOTEGA,2020-11-01,2020-11-07,2020,110,19.928571428571427,217.8
LEON,2020-11-01,2020-11-07,2020,108,25.242857142857144,223.7
MADRIZ,2020-11-01,2020-11-07,2020,13,21.785714285714285,143.7
MANAGUA,2020-11-01,2020-11-07,2020,150,25.12857142857143,255.10000000000002
MASAYA,2020-11-01,2020-11-07,2020,63,23.685714285714287,287
MATAGALPA,2020-11-01,2020-11-07,2020,44,21.67142857142857,221.9
NUEVA SEGOVIA,2020-11-01,2020-11-07,2020,32,21.957142857142856,146.70000000000002
REGION AUTONOMA DEL ATLANTICO SUR,2020-11-01,2020-11-07,2020,39,25.214285714285715,160.4
RIO SAN JUAN,2020-11-01,2020-11-07,2020,37,25.37142857142857,174.3
RIVAS,2020-11-01,2020-11-07,2020,54,24.814285714285713,202.2
ZELAYA CENTRAL,2020-11-01,2020-11-07,2020,23,24.485714285714288,183.5
BILWI,2020-11-08,2020-11-14,2020,16,26.214285714285715,159.7
BOACO,2020-11-08,2020-11-14,2020,49,23.714285714285715,12
CARAZO,2020-11-08,2020-11-14,2020,54,23.4,25.5
CHINANDEGA,2020-11-08,2020-11-14,2020,157,25.5,87.5
CHONTALES,2020-11-08,2020-11-14,2020,53,25.2,23.4
ESTELI,2020-11-08,2020-11-14,2020,37,21.757142857142856,102.2
GRANADA,2020-11-08,2020-11-14,2020,100,26.285714285714285,30.6
JINOTEGA,2020-11-08,2020-11-14,2020,91,20.97142857142857,44.300000000000004
LEON,2020-11-08,2020-11-14,2020,188,25.557142857142857,49.9
MADRIZ,2020-11-08,2020-11-14,2020,14,23.042857142857144,52.3
MANAGUA,2020-11-08,2020-11-14,2020,153,26.071428571428573,10.6
MASAYA,2020-11-08,2020-11-14,2020,66,24.585714285714285,16.2
MATAGALPA,2020-11-08,2020-11-14,2020,87,22.814285714285713,22.4
NUEVA SEGOVIA,2020-11-08,2020-11-14,2020,35,23.242857142857144,12.3
REGION AUTONOMA DEL ATLANTICO SUR,2020-11-08,2020-11-14,2020,51,26.65714285714286,30.8
RIO SAN JUAN,2020-11-08,2020-11-14,2020,30,26.04285714285714,65
RIVAS,2020-11-08,2020-11-14,2020,54,25.6,25.099999999999998
ZELAYA CENTRAL,2020-11-08,2020-11-14,2020,27,25.914285714285715,25.900000000000002
BILWI,2020-11-15,2020-11-21,2020,53,24.985714285714284,387.7
BOACO,2020-11-15,2020-11-21,2020,44,23.085714285714285,189.39999999999998
CARAZO,2020-11-15,2020-11-21,2020,40,23.185714285714287,103
CHINANDEGA,2020-11-15,2020-11-21,2020,192,25.65714285714286,145.5
CHONTALES,2020-11-15,2020-11-21,2020,48,24.942857142857143,126.89999999999999
ESTELI,2020-11-15,2020-11-21,2020,34,21.442857142857143,243.20000000000002
GRANADA,2020-11-15,2020-11-21,2020,93,26.1,85
JINOTEGA,2020-11-15,2020-11-21,2020,85,20.271428571428572,225.9
LEON,2020-11-15,2020-11-21,2020,207,25.785714285714285,150.8
MADRIZ,2020-11-15,2020-11-21,2020,19,21.985714285714284,135.9
MANAGUA,2020-11-15,2020-11-21,2020,151,25.97142857142857,85.60000000000001
MASAYA,2020-11-15,2020-11-21,2020,72,24.228571428571428,84.4
MATAGALPA,2020-11-15,2020-11-21,2020,77,22.228571428571428,186.2
NUEVA SEGOVIA,2020-11-15,2020-11-21,2020,32,22.32857142857143,176.3
REGION AUTONOMA DEL ATLANTICO SUR,2020-11-15,2020-11-21,2020,32,25.32857142857143,108
RIO SAN JUAN,2020-11-15,2020-11-21,2020,38,25.314285714285713,77.2
RIVAS,2020-11-15,2020-11-21,2020,45,25.5,59.6
ZELAYA CENTRAL,2020-11-15,2020-11-21,2020,41,24.62857142857143,106.6
BILWI,2020-11-22,2020-11-28,2020,47,24.814285714285713,135.6
BOACO,2020-11-22,2020-11-28,2020,44,23.271428571428572,8.6
CARAZO,2020-11-22,2020-11-28,2020,36,23.314285714285713,26.6
CHINANDEGA,2020-11-22,2020-11-28,2020,174,26.271428571428572,72.2
CHONTALES,2020-11-22,2020-11-28,2020,44,25.271428571428572,4.7
ESTELI,2020-11-22,2020-11-28,2020,32,21.9,12.9
GRANADA,2020-11-22,2020-11-28,2020,113,26.47142857142857,21.1
JINOTEGA,2020-11-22,2020-11-28,2020,88,20.514285714285712,16.7
LEON,2020-11-22,2020-11-28,2020,201,26.82857142857143,23.3
MADRIZ,2020-11-22,2020-11-28,2020,21,21.957142857142856,22.3
MANAGUA,2020-11-22,2020-11-28,2020,157,26.34285714285714,17.3
MASAYA,2020-11-22,2020-11-28,2020,94,24.17142857142857,34.199999999999996
MATAGALPA,2020-11-22,2020-11-28,2020,124,22.414285714285715,13.8
NUEVA SEGOVIA,2020-11-22,2020-11-28,2020,36,22.614285714285714,10.3
REGION AUTONOMA DEL ATLANTICO SUR,2020-11-22,2020-11-28,2020,31,24.985714285714284,123.4
RIO SAN JUAN,2020-11-22,2020-11-28,2020,32,25.07142857142857,80.5
RIVAS,2020-11-22,2020-11-28,2020,62,25.95714285714286,26.3
ZELAYA CENTRAL,2020-11-22,2020-11-28,2020,43,24.057142857142857,97.3
BILWI,2020-11-29,2020-12-05,2020,24,25.742857142857144,28.1
BOACO,2020-11-29,2020-12-05,2020,33,23.12857142857143,5.4
CARAZO,2020-11-29,2020-12-05,2020,41,23.385714285714286,9.1
CHINANDEGA,2020-11-29,2020-12-05,2020,141,26.42857142857143,12.8
CHONTALES,2020-11-29,2020-12-05,2020,48,25.17142857142857,4
ESTELI,2020-11-29,2020-12-05,2020,37,21.685714285714287,6.9
GRANADA,2020-11-29,2020-12-05,2020,111,26.442857142857143,16
JINOTEGA,2020-11-29,2020-12-05,2020,91,20.185714285714287,11.8
LEON,2020-11-29,2020-12-05,2020,168,26.928571428571427,9.7
MADRIZ,2020-11-29,2020-12-05,2020,26,22.04285714285714,4.5
MANAGUA,2020-11-29,2020-12-05,2020,147,26.428571428571427,8.5
MASAYA,2020-11-29,2020-12-05,2020,107,24.085714285714285,13.7
MATAGALPA,2020-11-29,2020-12-05,2020,106,22.2,9.4
NUEVA SEGOVIA,2020-11-29,2020-12-05,2020,30,22.542857142857144,2.1
REGION AUTONOMA DEL ATLANTICO SUR,2020-11-29,2020-12-05,2020,25,25.071428571428573,136.9
RIO SAN JUAN,2020-11-29,2020-12-05,2020,33,24.62857142857143,77.2
RIVAS,2020-11-29,2020-12-05,2020,34,25.985714285714288,20.1
ZELAYA CENTRAL,2020-11-29,2020-12-05,2020,25,23.95714285714286,140.5
BILWI,2020-12-06,2020-12-12,2020,9,24.642857142857142,19.6
BOACO,2020-12-06,2020-12-12,2020,37,22.614285714285714,1.4
CARAZO,2020-12-06,2020-12-12,2020,24,22.985714285714284,3.4
CHINANDEGA,2020-12-06,2020-12-12,2020,133,26.15714285714286,1.9000000000000001
CHONTALES,2020-12-06,2020-12-12,2020,32,24.8,1.9
ESTELI,2020-12-06,2020-12-12,2020,16,20.628571428571426,0.5
GRANADA,2020-12-06,2020-12-12,2020,97,26.114285714285714,5
JINOTEGA,2020-12-06,2020-12-12,2020,72,19.17142857142857,2.4
LEON,2020-12-06,2020-12-12,2020,116,26.62857142857143,1.4000000000000001
MADRIZ,2020-12-06,2020-12-12,2020,11,20.97142857142857,0.9
MANAGUA,2020-12-06,2020-12-12,2020,153,26.17142857142857,1.9
MASAYA,2020-12-06,2020-12-12,2020,93,23.614285714285714,5.3999999999999995
MATAGALPA,2020-12-06,2020-12-12,2020,87,21.414285714285715,1.7
NUEVA SEGOVIA,2020-12-06,2020-12-12,2020,20,21.271428571428572,0.2
REGION AUTONOMA DEL ATLANTICO SUR,2020-12-06,2020-12-12,2020,19,25.257142857142856,11.6
RIO SAN JUAN,2020-12-06,2020-12-12,2020,19,25.15714285714286,7.7
RIVAS,2020-12-06,2020-12-12,2020,38,26.02857142857143,2.4
ZELAYA CENTRAL,2020-12-06,2020-12-12,2020,30,24.242857142857144,10.4
BILWI,2020-12-13,2020-12-19,2020,15,25.457142857142856,18.5
BOACO,2020-12-13,2020-12-19,2020,27,22.985714285714288,7.7
CARAZO,2020-12-13,2020-12-19,2020,27,23.2,4.3
CHINANDEGA,2020-12-13,2020-12-19,2020,89,26.585714285714285,2.1
CHONTALES,2020-12-13,2020-12-19,2020,36,25.057142857142857,4.6000000000000005
ESTELI,2020-12-13,2020-12-19,2020,21,21.257142857142856,2.2
GRANADA,2020-12-13,2020-12-19,2020,92,26.28571428571429,9.1
JINOTEGA,2020-12-13,2020-12-19,2020,49,20.014285714285712,5.7
LEON,2020-12-13,2020-12-19,2020,94,27.34285714285714,2
MADRIZ,2020-12-13,2020-12-19,2020,19,21.785714285714285,3.3000000000000003
MANAGUA,2020-12-13,2020-12-19,2020,136,26.52857142857143,7.1000000000000005
MASAYA,2020-12-13,2020-12-19,2020,78,23.9,12.8
MATAGALPA,2020-12-13,2020-12-19,2020,96,21.87142857142857,4.5
NUEVA SEGOVIA,2020-12-13,2020-12-19,2020,21,22.400000000000002,2.2
REGION AUTONOMA DEL ATLANTICO SUR,2020-12-13,2020-12-19,2020,20,25.32857142857143,40.9
RIO SAN JUAN,2020-12-13,2020-12-19,2020,29,25.185714285714287,19.9
RIVAS,2020-12-13,2020-12-19,2020,28,26.2,9.5
ZELAYA CENTRAL,2020-12-13,2020-12-19,2020,24,24.042857142857144,30.400000000000002
BILWI,2020-12-20,2020-12-26,2020,7,25.042857142857144,21.6
BOACO,2020-12-20,2020-12-26,2020,20,22.9,6.8
CARAZO,2020-12-20,2020-12-26,2020,18,23.442857142857143,3.5
CHINANDEGA,2020-12-20,2020-12-26,2020,49,26.771428571428572,0.1
CHONTALES,2020-12-20,2020-12-26,2020,21,25.17142857142857,4.2
ESTELI,2020-12-20,2020-12-26,2020,15,21.185714285714287,0.2
GRANADA,2020-12-20,2020-12-26,2020,54,26.428571428571427,5.8
JINOTEGA,2020-12-20,2020-12-26,2020,40,19.642857142857142,7.1
LEON,2020-12-20,2020-12-26,2020,84,27.685714285714287,1.8
MADRIZ,2020-12-20,2020-12-26,2020,9,21.771428571428572,1
MANAGUA,2020-12-20,2020-12-26,2020,81,26.914285714285715,2.5
MASAYA,2020-12-20,2020-12-26,2020,68,24.185714285714287,8.2
MATAGALPA,2020-12-20,2020-12-26,2020,30,21.814285714285713,3.4
NUEVA SEGOVIA,2020-12-20,2020-12-26,2020,8,22.285714285714285,0.3
REGION AUTONOMA DEL ATLANTICO SUR,2020-12-20,2020-12-26,2020,7,25.34285714285714,67.3
RIO SAN JUAN,2020-12-20,2020-12-26,2020,9,24.814285714285713,30.1
RIVAS,2020-12-20,2020-12-26,2020,22,26.34285714285714,9.3
ZELAYA CENTRAL,2020-12-20,2020-12-26,2020,10,24.15714285714286,51.7
BILWI,2021-01-03,2021-01-09,2021,10,24.65714285714286,22.4
BOACO,2021-01-03,2021-01-09,2021,34,22.54285714285714,7.6
CARAZO,2021-01-03,2021-01-09,2021,36,23.142857142857142,3.4000000000000004
CHINANDEGA,2021-01-03,2021-01-09,2021,117,26.057142857142857,6.6
CHONTALES,2021-01-03,2021-01-09,2021,39,24.8,2
ESTELI,2021-01-03,2021-01-09,2021,30,21.228571428571428,2.4000000000000004
GRANADA,2021-01-03,2021-01-09,2021,127,26.1,7.1
JINOTEGA,2021-01-03,2021-01-09,2021,75,19.52857142857143,10.8
LEON,2021-01-03,2021-01-09,2021,96,27.585714285714285,1.2000000000000002
MADRIZ,2021-01-03,2021-01-09,2021,11,21.557142857142857,8.4
MANAGUA,2021-01-03,2021-01-09,2021,121,26.642857142857142,4.1
MASAYA,2021-01-03,2021-01-09,2021,65,23.857142857142858,6.9
MATAGALPA,2021-01-03,2021-01-09,2021,74,21.542857142857144,6.8
NUEVA SEGOVIA,2021-01-03,2021-01-09,2021,25,22.15714285714286,4
REGION AUTONOMA DEL ATLANTICO SUR,2021-01-03,2021-01-09,2021,18,24.585714285714285,42.7
RIO SAN JUAN,2021-01-03,2021-01-09,2021,31,24.742857142857144,12.8
RIVAS,2021-01-03,2021-01-09,2021,35,25.857142857142858,7.3999999999999995
ZELAYA CENTRAL,2021-01-03,2021-01-09,2021,35,23.257142857142856,41.6
BILWI,2021-01-10,2021-01-16,2021,22,25.07142857142857,26.5
BOACO,2021-01-10,2021-01-16,2021,29,22.814285714285713,5.4
CARAZO,2021-01-10,2021-01-16,2021,18,23.542857142857144,2.3000000000000003
CHINANDEGA,2021-01-10,2021-01-16,2021,63,27.228571428571428,1.7999999999999998
CHONTALES,2021-01-10,2021-01-16,2021,33,25.014285714285712,2.4
ESTELI,2021-01-10,2021-01-16,2021,23,21.357142857142858,0.6000000000000001
GRANADA,2021-01-10,2021-01-16,2021,100,26.557142857142857,3.2
JINOTEGA,2021-01-10,2021-01-16,2021,51,19.642857142857142,6.6
LEON,2021-01-10,2021-01-16,2021,82,28.357142857142858,1.2
MADRIZ,2021-01-10,2021-01-16,2021,8,21.785714285714285,1.8
MANAGUA,2021-01-10,2021-01-16,2021,93,26.928571428571427,2
MASAYA,2021-01-10,2021-01-16,2021,67,24.3,8.4
MATAGALPA,2021-01-10,2021-01-16,2021,65,21.9,3.1
NUEVA SEGOVIA,2021-01-10,2021-01-16,2021,20,22.52857142857143,0.5
REGION AUTONOMA DEL ATLANTICO SUR,2021-01-10,2021-01-16,2021,27,24.914285714285715,64.4
RIO SAN JUAN,2021-01-10,2021-01-16,2021,25,24.728571428571428,30.9
RIVAS,2021-01-10,2021-01-16,2021,62,26.271428571428572,4
ZELAYA CENTRAL,2021-01-10,2021-01-16,2021,36,23.714285714285715,50.1
BILWI,2021-01-17,2021-01-23,2021,13,25.557142857142857,16.1
BOACO,2021-01-17,2021-01-23,2021,32,22.857142857142858,9.2
CARAZO,2021-01-17,2021-01-23,2021,23,23.32857142857143,7.6
CHINANDEGA,2021-01-17,2021-01-23,2021,78,27.228571428571428,2
CHONTALES,2021-01-17,2021-01-23,2021,30,25.17142857142857,5.2
ESTELI,2021-01-17,2021-01-23,2021,15,21.52857142857143,2.5
GRANADA,2021-01-17,2021-01-23,2021,99,26.4,9.7
JINOTEGA,2021-01-17,2021-01-23,2021,58,19.728571428571428,20.1
LEON,2021-01-17,2021-01-23,2021,83,28.428571428571427,2.2
MADRIZ,2021-01-17,2021-01-23,2021,15,21.857142857142858,7.3
MANAGUA,2021-01-17,2021-01-23,2021,127,26.742857142857144,5.2
MASAYA,2021-01-17,2021-01-23,2021,70,24.228571428571428,12.7
MATAGALPA,2021-01-17,2021-01-23,2021,47,21.857142857142858,7.199999999999999
NUEVA SEGOVIA,2021-01-17,2021-01-23,2021,31,22.62857142857143,6.800000000000001
REGION AUTONOMA DEL ATLANTICO SUR,2021-01-17,2021-01-23,2021,12,25.185714285714287,54.4
RIO SAN JUAN,2021-01-17,2021-01-23,2021,28,24.84285714285714,23.3
RIVAS,2021-01-17,2021-01-23,2021,49,26.15714285714286,10
ZELAYA CENTRAL,2021-01-17,2021-01-23,2021,40,23.742857142857144,46.2
BILWI,2021-01-24,2021-01-30,2021,14,25.485714285714288,20.2
BOACO,2021-01-24,2021-01-30,2021,30,22.685714285714287,8
CARAZO,2021-01-24,2021-01-30,2021,19,23.314285714285713,4.3
CHINANDEGA,2021-01-24,2021-01-30,2021,76,28.042857142857144,0
CHONTALES,2021-01-24,2021-01-30,2021,26,25.2,3.7
ESTELI,2021-01-24,2021-01-30,2021,18,21.42857142857143,0.7
GRANADA,2021-01-24,2021-01-30,2021,91,26.400000000000002,4.8999999999999995
JINOTEGA,2021-01-24,2021-01-30,2021,66,19.52857142857143,8.3
LEON,2021-01-24,2021-01-30,2021,79,28.385714285714286,0
MADRIZ,2021-01-24,2021-01-30,2021,14,21.614285714285714,5.7
MANAGUA,2021-01-24,2021-01-30,2021,123,26.814285714285713,0.6000000000000001
MASAYA,2021-01-24,2021-01-30,2021,65,24.32857142857143,4.7
MATAGALPA,2021-01-24,2021-01-30,2021,41,21.45714285714286,8.200000000000001
NUEVA SEGOVIA,2021-01-24,2021-01-30,2021,31,22.57142857142857,1
REGION AUTONOMA DEL ATLANTICO SUR,2021-01-24,2021-01-30,2021,20,25.52857142857143,33.3
RIO SAN JUAN,2021-01-24,2021-01-30,2021,37,24.957142857142856,8.4
RIVAS,2021-01-24,2021-01-30,2021,57,26.32857142857143,2.2
ZELAYA CENTRAL,2021-01-24,2021-01-30,2021,48,24.1,22.8
BILWI,2021-01-31,2021-02-06,2021,33,24.442857142857143,10.7
BOACO,2021-01-31,2021-02-06,2021,36,22.714285714285715,0.3
CARAZO,2021-01-31,2021-02-06,2021,24,23.428571428571427,0.3
CHINANDEGA,2021-01-31,2021-02-06,2021,79,26.885714285714286,0.1
CHONTALES,2021-01-31,2021-02-06,2021,34,25.071428571428573,0.2
ESTELI,2021-01-31,2021-02-06,2021,31,21.4,0.2
GRANADA,2021-01-31,2021-02-06,2021,93,26.371428571428574,0.8
JINOTEGA,2021-01-31,2021-02-06,2021,63,19.45714285714286,0.6
LEON,2021-01-31,2021-02-06,2021,115,28.02857142857143,0
MADRIZ,2021-01-31,2021-02-06,2021,14,21.457142857142856,1.9
MANAGUA,2021-01-31,2021-02-06,2021,157,26.985714285714284,0
MASAYA,2021-01-31,2021-02-06,2021,66,24.214285714285715,1.3
MATAGALPA,2021-01-31,2021-02-06,2021,30,21.742857142857144,0
NUEVA SEGOVIA,2021-01-31,2021-02-06,2021,28,22.17142857142857,0.30000000000000004
REGION AUTONOMA DEL ATLANTICO SUR,2021-01-31,2021-02-06,2021,13,25,12.1
RIO SAN JUAN,2021-01-31,2021-02-06,2021,25,24.914285714285715,13.6
RIVAS,2021-01-31,2021-02-06,2021,65,26.257142857142856,1
ZELAYA CENTRAL,2021-01-31,2021-02-06,2021,44,23.84285714285714,13.5
BILWI,2021-02-07,2021-02-13,2021,15,25.62857142857143,10.8
BOACO,2021-02-07,2021-02-13,2021,47,23.385714285714286,0.3
CARAZO,2021-02-07,2021-02-13,2021,28,23.95714285714286,0.4
CHINANDEGA,2021-02-07,2021-02-13,2021,97,26.742857142857144,1.2
CHONTALES,2021-02-07,2021-02-13,2021,36,25.8,0.5
ESTELI,2021-02-07,2021-02-13,2021,36,22.442857142857143,1.3
GRANADA,2021-02-07,2021-02-13,2021,95,26.814285714285713,1.7000000000000002
JINOTEGA,2021-02-07,2021-02-13,2021,55,20.34285714285714,0.9
LEON,2021-02-07,2021-02-13,2021,109,28.32857142857143,0
MADRIZ,2021-02-07,2021-02-13,2021,19,22.728571428571428,5.3
MANAGUA,2021-02-07,2021-02-13,2021,147,27.34285714285714,0.3
MASAYA,2021-02-07,2021-02-13,2021,61,24.65714285714286,1.9
MATAGALPA,2021-02-07,2021-02-13,2021,42,22.214285714285715,1
NUEVA SEGOVIA,2021-02-07,2021-02-13,2021,37,23.557142857142857,0.4
REGION AUTONOMA DEL ATLANTICO SUR,2021-02-07,2021-02-13,2021,28,25.614285714285714,12.9
RIO SAN JUAN,2021-02-07,2021-02-13,2021,40,25.2,8.5
RIVAS,2021-02-07,2021-02-13,2021,68,26.728571428571428,1.5
ZELAYA CENTRAL,2021-02-07,2021-02-13,2021,32,24.085714285714285,8.700000000000001
BILWI,2021-02-14,2021-02-20,2021,32,25.685714285714287,12.9
BOACO,2021-02-14,2021-02-20,2021,38,24.114285714285714,1.5
CARAZO,2021-02-14,2021-02-20,2021,23,24.714285714285715,1
CHINANDEGA,2021-02-14,2021-02-20,2021,92,27.15714285714286,5.2
CHONTALES,2021-02-14,2021-02-20,2021,27,26.32857142857143,1.2
ESTELI,2021-02-14,2021-02-20,2021,24,23.085714285714285,2.3
GRANADA,2021-02-14,2021-02-20,2021,120,27.3,1.5999999999999999
JINOTEGA,2021-02-14,2021-02-20,2021,63,21.1,3.9
LEON,2021-02-14,2021-02-20,2021,119,28.071428571428573,0.7000000000000001
MADRIZ,2021-02-14,2021-02-20,2021,7,23.714285714285715,2.4
MANAGUA,2021-02-14,2021-02-20,2021,131,28.02857142857143,2.8
MASAYA,2021-02-14,2021-02-20,2021,70,25.442857142857143,2.7
MATAGALPA,2021-02-14,2021-02-20,2021,33,22.928571428571427,2.9000000000000004
NUEVA SEGOVIA,2021-02-14,2021-02-20,2021,50,24.47142857142857,2.6
REGION AUTONOMA DEL ATLANTICO SUR,2021-02-14,2021-02-20,2021,15,25.614285714285714,16.2
RIO SAN JUAN,2021-02-14,2021-02-20,2021,46,25.37142857142857,9.5
RIVAS,2021-02-14,2021-02-20,2021,57,27.17142857142857,2.4
ZELAYA CENTRAL,2021-02-14,2021-02-20,2021,48,24.5,8.5
BILWI,2021-02-21,2021-02-27,2021,43,25.357142857142858,28.5
BOACO,2021-02-21,2021-02-27,2021,46,22.87142857142857,12.700000000000001
CARAZO,2021-02-21,2021-02-27,2021,19,23.571428571428573,5.6000000000000005
CHINANDEGA,2021-02-21,2021-02-27,2021,88,28.54285714285714,0.6000000000000001
CHONTALES,2021-02-21,2021-02-27,2021,21,25.3,8.1
ESTELI,2021-02-21,2021-02-27,2021,12,21.67142857142857,0.4
GRANADA,2021-02-21,2021-02-27,2021,85,26.57142857142857,9.6
JINOTEGA,2021-02-21,2021-02-27,2021,54,19.5,16.5
LEON,2021-02-21,2021-02-27,2021,119,29.257142857142856,0.5
MADRIZ,2021-02-21,2021-02-27,2021,14,22.02857142857143,6
MANAGUA,2021-02-21,2021-02-27,2021,112,27.12857142857143,5.4
MASAYA,2021-02-21,2021-02-27,2021,69,24.6,12.7
MATAGALPA,2021-02-21,2021-02-27,2021,43,21.728571428571428,8
NUEVA SEGOVIA,2021-02-21,2021-02-27,2021,30,22.857142857142858,1.8
REGION AUTONOMA DEL ATLANTICO SUR,2021-02-21,2021-02-27,2021,24,25.128571428571426,48.5
RIO SAN JUAN,2021-02-21,2021-02-27,2021,50,25.242857142857144,12.9
RIVAS,2021-02-21,2021-02-27,2021,74,26.614285714285714,8.2
ZELAYA CENTRAL,2021-02-21,2021-02-27,2021,46,23.728571428571428,46
BILWI,2021-02-28,2021-03-06,2021,40,25.3,14
BOACO,2021-02-28,2021-03-06,2021,47,22.97142857142857,5.2
CARAZO,2021-02-28,2021-03-06,2021,13,23.65714285714286,3.9
CHINANDEGA,2021-02-28,2021-03-06,2021,97,28.514285714285712,0.1
CHONTALES,2021-02-28,2021-03-06,2021,32,25.485714285714284,1.6
ESTELI,2021-02-28,2021-03-06,2021,14,22.02857142857143,0.6
GRANADA,2021-02-28,2021-03-06,2021,62,26.514285714285716,5.4
JINOTEGA,2021-02-28,2021-03-06,2021,72,19.785714285714285,6.6
LEON,2021-02-28,2021-03-06,2021,118,29.085714285714285,0
MADRIZ,2021-02-28,2021-03-06,2021,16,22.314285714285713,5.1
MANAGUA,2021-02-28,2021-03-06,2021,138,27,1.7
MASAYA,2021-02-28,2021-03-06,2021,65,24.414285714285715,5.9
MATAGALPA,2021-02-28,2021-03-06,2021,54,21.757142857142856,5
NUEVA SEGOVIA,2021-02-28,2021-03-06,2021,45,23.1,1.7999999999999998
REGION AUTONOMA DEL ATLANTICO SUR,2021-02-28,2021-03-06,2021,24,25.67142857142857,14.4
RIO SAN JUAN,2021-02-28,2021-03-06,2021,45,24.87142857142857,7
RIVAS,2021-02-28,2021-03-06,2021,61,26.414285714285715,3.5
ZELAYA CENTRAL,2021-02-28,2021-03-06,2021,41,23.95714285714286,17.4
BILWI,2021-03-07,2021-03-13,2021,20,25.17142857142857,24.2
BOACO,2021-03-07,2021-03-13,2021,39,23.114285714285714,15
CARAZO,2021-03-07,2021-03-13,2021,28,23.885714285714286,6.4
CHINANDEGA,2021-03-07,2021-03-13,2021,100,28.9,4.8
CHONTALES,2021-03-07,2021-03-13,2021,23,25.742857142857144,6.7
ESTELI,2021-03-07,2021-03-13,2021,23,22.12857142857143,2.2
GRANADA,2021-03-07,2021-03-13,2021,59,26.942857142857143,7.7
JINOTEGA,2021-03-07,2021-03-13,2021,53,19.82857142857143,23.9
LEON,2021-03-07,2021-03-13,2021,116,29.685714285714287,1.1
MADRIZ,2021-03-07,2021-03-13,2021,15,22.457142857142856,8
MANAGUA,2021-03-07,2021-03-13,2021,127,27.32857142857143,6.300000000000001
MASAYA,2021-03-07,2021-03-13,2021,77,24.95714285714286,10
MATAGALPA,2021-03-07,2021-03-13,2021,29,21.95714285714286,13.7
NUEVA SEGOVIA,2021-03-07,2021-03-13,2021,39,23.2,6.7
REGION AUTONOMA DEL ATLANTICO SUR,2021-03-07,2021-03-13,2021,17,25.114285714285714,44.5
RIO SAN JUAN,2021-03-07,2021-03-13,2021,19,25.285714285714285,13.1
RIVAS,2021-03-07,2021-03-13,2021,57,26.8,6.2
ZELAYA CENTRAL,2021-03-07,2021-03-13,2021,25,23.885714285714286,41.6
BILWI,2021-03-14,2021-03-20,2021,17,25.4,48.5
BOACO,2021-03-14,2021-03-20,2021,34,23.32857142857143,8.3
CARAZO,2021-03-14,2021-03-20,2021,22,23.95714285714286,0.8
CHINANDEGA,2021-03-14,2021-03-20,2021,80,27.97142857142857,18
CHONTALES,2021-03-14,2021-03-20,2021,26,25.857142857142858,8.2
ESTELI,2021-03-14,2021-03-20,2021,22,22.128571428571426,4.1
GRANADA,2021-03-14,2021-03-20,2021,79,26.82857142857143,5.7
JINOTEGA,2021-03-14,2021-03-20,2021,62,19.82857142857143,5.5
LEON,2021-03-14,2021-03-20,2021,126,29.057142857142857,2.1999999999999997
MADRIZ,2021-03-14,2021-03-20,2021,7,22.32857142857143,11.200000000000001
MANAGUA,2021-03-14,2021-03-20,2021,127,27.385714285714286,1.1
MASAYA,2021-03-14,2021-03-20,2021,78,24.757142857142856,7.2
MATAGALPA,2021-03-14,2021-03-20,2021,33,21.9,8.4
NUEVA SEGOVIA,2021-03-14,2021-03-20,2021,34,23.242857142857144,2.1
REGION AUTONOMA DEL ATLANTICO SUR,2021-03-14,2021-03-20,2021,15,25.357142857142858,54.4
RIO SAN JUAN,2021-03-14,2021-03-20,2021,31,25.32857142857143,18
RIVAS,2021-03-14,2021-03-20,2021,51,26.84285714285714,2.6
ZELAYA CENTRAL,2021-03-14,2021-03-20,2021,42,23.957142857142856,34.6
BILWI,2021-03-21,2021-03-27,2021,18,25.97142857142857,8.9
BOACO,2021-03-21,2021-03-27,2021,32,23.97142857142857,2.9
CARAZO,2021-03-21,2021-03-27,2021,11,24.599999999999998,0.6000000000000001
CHINANDEGA,2021-03-21,2021-03-27,2021,84,27.728571428571428,1.6
CHONTALES,2021-03-21,2021-03-27,2021,21,26.7,3.7
ESTELI,2021-03-21,2021-03-27,2021,13,22.785714285714285,2.8000000000000003
GRANADA,2021-03-21,2021-03-27,2021,65,27.514285714285712,3
JINOTEGA,2021-03-21,2021-03-27,2021,53,20.414285714285715,1.3
LEON,2021-03-21,2021-03-27,2021,95,29.3,0.8999999999999999
MADRIZ,2021-03-21,2021-03-27,2021,7,23.3,4
MANAGUA,2021-03-21,2021-03-27,2021,116,28.02857142857143,1.1
MASAYA,2021-03-21,2021-03-27,2021,70,25.37142857142857,4.2
MATAGALPA,2021-03-21,2021-03-27,2021,39,22.514285714285712,2.3
NUEVA SEGOVIA,2021-03-21,2021-03-27,2021,28,24.32857142857143,1.2
REGION AUTONOMA DEL ATLANTICO SUR,2021-03-21,2021-03-27,2021,16,26.114285714285714,16.6
RIO SAN JUAN,2021-03-21,2021-03-27,2021,27,25.757142857142856,14.3
RIVAS,2021-03-21,2021-03-27,2021,39,27.42857142857143,2.4
ZELAYA CENTRAL,2021-03-21,2021-03-27,2021,29,24.957142857142856,10.2
BILWI,2021-03-28,2021-04-03,2021,11,25.985714285714288,18.3
BOACO,2021-03-28,2021-04-03,2021,16,24,8.4
CARAZO,2021-03-28,2021-04-03,2021,12,24.742857142857144,3.5
CHINANDEGA,2021-03-28,2021-04-03,2021,70,30.7,0.6000000000000001
CHONTALES,2021-03-28,2021-04-03,2021,15,26.67142857142857,2.4
ESTELI,2021-03-28,2021-04-03,2021,16,22.757142857142856,0.6
GRANADA,2021-03-28,2021-04-03,2021,53,27.67142857142857,6.8
JINOTEGA,2021-03-28,2021-04-03,2021,40,20.57142857142857,10.4
LEON,2021-03-28,2021-04-03,2021,96,30.928571428571427,0.8
MADRIZ,2021-03-28,2021-04-03,2021,9,23.385714285714286,5.2
MANAGUA,2021-03-28,2021-04-03,2021,105,28.357142857142858,1.5
MASAYA,2021-03-28,2021-04-03,2021,61,25.814285714285713,4.2
MATAGALPA,2021-03-28,2021-04-03,2021,10,22.885714285714286,5.5
NUEVA SEGOVIA,2021-03-28,2021-04-03,2021,27,24.285714285714285,2.5
REGION AUTONOMA DEL ATLANTICO SUR,2021-03-28,2021-04-03,2021,13,25.65714285714286,49.5
RIO SAN JUAN,2021-03-28,2021-04-03,2021,15,25.742857142857144,15.799999999999999
RIVAS,2021-03-28,2021-04-03,2021,16,27.52857142857143,2.7
ZELAYA CENTRAL,2021-03-28,2021-04-03,2021,6,24.8,33.8
BILWI,2021-04-04,2021-04-10,2021,17,25.65714285714286,31.700000000000003
BOACO,2021-04-04,2021-04-10,2021,26,24.15714285714286,25.4
CARAZO,2021-04-04,2021-04-10,2021,12,24.65714285714286,15.5
CHINANDEGA,2021-04-04,2021-04-10,2021,85,28.67142857142857,15.299999999999999
CHONTALES,2021-04-04,2021-04-10,2021,24,26.457142857142856,33
ESTELI,2021-04-04,2021-04-10,2021,22,22.87142857142857,41.4
GRANADA,2021-04-04,2021-04-10,2021,74,27.285714285714285,19
JINOTEGA,2021-04-04,2021-04-10,2021,65,20.985714285714284,30.299999999999997
LEON,2021-04-04,2021-04-10,2021,112,29.614285714285714,9.4
MADRIZ,2021-04-04,2021-04-10,2021,11,23.228571428571428,34.9
MANAGUA,2021-04-04,2021-04-10,2021,113,28.17142857142857,7.8
MASAYA,2021-04-04,2021-04-10,2021,66,25.571428571428573,14.200000000000001
MATAGALPA,2021-04-04,2021-04-10,2021,46,23.057142857142857,22.2
NUEVA SEGOVIA,2021-04-04,2021-04-10,2021,18,24,29
REGION AUTONOMA DEL ATLANTICO SUR,2021-04-04,2021-04-10,2021,26,25.62857142857143,60.1
RIO SAN JUAN,2021-04-04,2021-04-10,2021,27,25.857142857142858,26.2
RIVAS,2021-04-04,2021-04-10,2021,20,27.314285714285713,12
ZELAYA CENTRAL,2021-04-04,2021-04-10,2021,27,24.814285714285713,32.6
BILWI,2021-04-11,2021-04-17,2021,9,27.085714285714285,12
BOACO,2021-04-11,2021-04-17,2021,31,25.34285714285714,9.8
CARAZO,2021-04-11,2021-04-17,2021,18,25.414285714285715,6.8
CHINANDEGA,2021-04-11,2021-04-17,2021,79,28.557142857142857,11.9
CHONTALES,2021-04-11,2021-04-17,2021,36,27.47142857142857,10.200000000000001
ESTELI,2021-04-11,2021-04-17,2021,16,23.87142857142857,20.7
GRANADA,2021-04-11,2021-04-17,2021,84,28.02857142857143,15.799999999999999
JINOTEGA,2021-04-11,2021-04-17,2021,78,22.32857142857143,7.7
LEON,2021-04-11,2021-04-17,2021,104,29.214285714285715,10.2
MADRIZ,2021-04-11,2021-04-17,2021,9,24.557142857142857,20.4
MANAGUA,2021-04-11,2021-04-17,2021,129,29.04285714285714,4.1
MASAYA,2021-04-11,2021-04-17,2021,70,26.314285714285713,10.6
MATAGALPA,2021-04-11,2021-04-17,2021,35,24.271428571428572,8.7
NUEVA SEGOVIA,2021-04-11,2021-04-17,2021,23,25.185714285714287,18.3
REGION AUTONOMA DEL ATLANTICO SUR,2021-04-11,2021-04-17,2021,35,26.6,25.9
RIO SAN JUAN,2021-04-11,2021-04-17,2021,30,26.6,22.7
RIVAS,2021-04-11,2021-04-17,2021,51,27.97142857142857,11.5
ZELAYA CENTRAL,2021-04-11,2021-04-17,2021,38,25.714285714285715,28.8
BILWI,2021-04-18,2021-04-24,2021,11,26.65714285714286,22
BOACO,2021-04-18,2021-04-24,2021,23,24.957142857142856,22.8
CARAZO,2021-04-18,2021-04-24,2021,26,24.87142857142857,15.200000000000001
CHINANDEGA,2021-04-18,2021-04-24,2021,73,27.5,62
CHONTALES,2021-04-18,2021-04-24,2021,19,26.82857142857143,27
ESTELI,2021-04-18,2021-04-24,2021,16,23.014285714285712,44.1
GRANADA,2021-04-18,2021-04-24,2021,81,27.457142857142856,38.1
JINOTEGA,2021-04-18,2021-04-24,2021,64,21.928571428571427,15.5
LEON,2021-04-18,2021-04-24,2021,113,28.114285714285714,59.6
MADRIZ,2021-04-18,2021-04-24,2021,9,23.814285714285713,20.8
MANAGUA,2021-04-18,2021-04-24,2021,113,27.985714285714288,18.6
MASAYA,2021-04-18,2021-04-24,2021,63,25.771428571428572,40.2
MATAGALPA,2021-04-18,2021-04-24,2021,37,23.585714285714285,26.400000000000002
NUEVA SEGOVIA,2021-04-18,2021-04-24,2021,37,24.57142857142857,24.7
REGION AUTONOMA DEL ATLANTICO SUR,2021-04-18,2021-04-24,2021,28,26.257142857142856,59.5
RIO SAN JUAN,2021-04-18,2021-04-24,2021,28,26.142857142857142,52.3
RIVAS,2021-04-18,2021-04-24,2021,54,27.542857142857144,21.3
ZELAYA CENTRAL,2021-04-18,2021-04-24,2021,33,25.1,36
BILWI,2021-04-25,2021-05-01,2021,11,26.814285714285713,8.3
BOACO,2021-04-25,2021-05-01,2021,23,25.771428571428572,0
CARAZO,2021-04-25,2021-05-01,2021,25,25.4,4.6
CHINANDEGA,2021-04-25,2021-05-01,2021,72,27.742857142857144,5.1000000000000005
CHONTALES,2021-04-25,2021-05-01,2021,25,27.785714285714285,3.4
ESTELI,2021-04-25,2021-05-01,2021,27,23.82857142857143,4
GRANADA,2021-04-25,2021-05-01,2021,66,27.914285714285715,5.9
JINOTEGA,2021-04-25,2021-05-01,2021,65,22.285714285714285,0.2
LEON,2021-04-25,2021-05-01,2021,83,28.442857142857143,3.8
MADRIZ,2021-04-25,2021-05-01,2021,11,25,9.2
MANAGUA,2021-04-25,2021-05-01,2021,115,28.97142857142857,4.2
MASAYA,2021-04-25,2021-05-01,2021,68,26.37142857142857,4.8999999999999995
MATAGALPA,2021-04-25,2021-05-01,2021,23,24.185714285714287,0
NUEVA SEGOVIA,2021-04-25,2021-05-01,2021,28,26.15714285714286,2.1
REGION AUTONOMA DEL ATLANTICO SUR,2021-04-25,2021-05-01,2021,19,26.62857142857143,10
RIO SAN JUAN,2021-04-25,2021-05-01,2021,30,26.642857142857142,5
RIVAS,2021-04-25,2021-05-01,2021,47,27.97142857142857,5.2
ZELAYA CENTRAL,2021-04-25,2021-05-01,2021,21,25.6,4.7
BILWI,2021-05-02,2021-05-08,2021,12,27.071428571428573,14.7
BOACO,2021-05-02,2021-05-08,2021,35,24.54285714285714,37.5
CARAZO,2021-05-02,2021-05-08,2021,18,24.4,29.4
CHINANDEGA,2021-05-02,2021-05-08,2021,76,26.942857142857143,28.900000000000002
CHONTALES,2021-05-02,2021-05-08,2021,24,26.34285714285714,85.5
ESTELI,2021-05-02,2021-05-08,2021,21,22.585714285714285,52.2
GRANADA,2021-05-02,2021-05-08,2021,54,27.142857142857142,28.099999999999998
JINOTEGA,2021-05-02,2021-05-08,2021,51,21.857142857142858,43
LEON,2021-05-02,2021-05-08,2021,91,27.428571428571427,36.5
MADRIZ,2021-05-02,2021-05-08,2021,16,23.771428571428572,25.1
MANAGUA,2021-05-02,2021-05-08,2021,99,27.5,38.8
MASAYA,2021-05-02,2021-05-08,2021,63,25.571428571428573,25.8
MATAGALPA,2021-05-02,2021-05-08,2021,34,23.442857142857143,69.5
NUEVA SEGOVIA,2021-05-02,2021-05-08,2021,28,24.5,25.5
REGION AUTONOMA DEL ATLANTICO SUR,2021-05-02,2021-05-08,2021,27,26.5,25
RIO SAN JUAN,2021-05-02,2021-05-08,2021,27,25.67142857142857,62.7
RIVAS,2021-05-02,2021-05-08,2021,42,27.15714285714286,28.6
ZELAYA CENTRAL,2021-05-02,2021-05-08,2021,28,25.32857142857143,30.8
BILWI,2021-05-09,2021-05-15,2021,19,27.428571428571427,22.6
BOACO,2021-05-09,2021-05-15,2021,35,24.728571428571428,8.1
CARAZO,2021-05-09,2021-05-15,2021,16,25.3,5.7
CHINANDEGA,2021-05-09,2021-05-15,2021,91,28.885714285714286,6.5
CHONTALES,2021-05-09,2021-05-15,2021,15,27.37142857142857,7.7
ESTELI,2021-05-09,2021-05-15,2021,15,23.585714285714285,2.2
GRANADA,2021-05-09,2021-05-15,2021,65,28.07142857142857,13.799999999999999
JINOTEGA,2021-05-09,2021-05-15,2021,44,21.614285714285714,7.4
LEON,2021-05-09,2021-05-15,2021,110,30.32857142857143,2.4
MADRIZ,2021-05-09,2021-05-15,2021,15,24.385714285714286,9.5
MANAGUA,2021-05-09,2021-05-15,2021,132,28.485714285714288,8.6
MASAYA,2021-05-09,2021-05-15,2021,72,26.214285714285715,15.7
MATAGALPA,2021-05-09,2021-05-15,2021,13,23.4,8.6
NUEVA SEGOVIA,2021-05-09,2021-05-15,2021,14,25.214285714285715,4.6
REGION AUTONOMA DEL ATLANTICO SUR,2021-05-09,2021-05-15,2021,31,26.557142857142857,68.7
RIO SAN JUAN,2021-05-09,2021-05-15,2021,32,26.514285714285712,28
RIVAS,2021-05-09,2021-05-15,2021,54,27.914285714285715,11.1
ZELAYA CENTRAL,2021-05-09,2021-05-15,2021,39,25.371428571428574,51.1
BILWI,2021-05-16,2021-05-22,2021,8,27.285714285714285,14.4
BOACO,2021-05-16,2021-05-22,2021,22,25.67142857142857,3.2
CARAZO,2021-05-16,2021-05-22,2021,14,25.814285714285713,4.2
CHINANDEGA,2021-05-16,2021-05-22,2021,75,28.45714285714286,11.6
CHONTALES,2021-05-16,2021-05-22,2021,37,28.214285714285715,3.7
ESTELI,2021-05-16,2021-05-22,2021,18,24.442857142857143,4.9
GRANADA,2021-05-16,2021-05-22,2021,74,28.2,9.3
JINOTEGA,2021-05-16,2021-05-22,2021,44,22.414285714285715,3.3
LEON,2021-05-16,2021-05-22,2021,118,29.67142857142857,10.2
MADRIZ,2021-05-16,2021-05-22,2021,8,25.4,5.8999999999999995
MANAGUA,2021-05-16,2021-05-22,2021,119,29.2,4.800000000000001
MASAYA,2021-05-16,2021-05-22,2021,65,26.514285714285716,11
MATAGALPA,2021-05-16,2021-05-22,2021,21,24.114285714285714,4.9
NUEVA SEGOVIA,2021-05-16,2021-05-22,2021,27,26.5,1.8
REGION AUTONOMA DEL ATLANTICO SUR,2021-05-16,2021-05-22,2021,29,26.914285714285715,28.400000000000002
RIO SAN JUAN,2021-05-16,2021-05-22,2021,31,26.7,18
RIVAS,2021-05-16,2021-05-22,2021,57,28.15714285714286,7.199999999999999
ZELAYA CENTRAL,2021-05-16,2021-05-22,2021,23,25.82857142857143,27.1
BILWI,2021-05-23,2021-05-29,2021,16,27.428571428571427,21.6
BOACO,2021-05-23,2021-05-29,2021,32,24.985714285714288,7.1
CARAZO,2021-05-23,2021-05-29,2021,19,25.32857142857143,8.9
CHINANDEGA,2021-05-23,2021-05-29,2021,89,29.1,15.9
CHONTALES,2021-05-23,2021-05-29,2021,26,27.42857142857143,8.5
ESTELI,2021-05-23,2021-05-29,2021,21,23.771428571428572,1.8
GRANADA,2021-05-23,2021-05-29,2021,46,27.97142857142857,16.6
JINOTEGA,2021-05-23,2021-05-29,2021,45,21.771428571428572,7.3
LEON,2021-05-23,2021-05-29,2021,110,30.728571428571428,2.9000000000000004
MADRIZ,2021-05-23,2021-05-29,2021,3,24.32857142857143,8.2
MANAGUA,2021-05-23,2021-05-29,2021,108,28.67142857142857,8.2
MASAYA,2021-05-23,2021-05-29,2021,74,26.114285714285714,13.2
MATAGALPA,2021-05-23,2021-05-29,2021,13,23.642857142857142,5.1
NUEVA SEGOVIA,2021-05-23,2021-05-29,2021,23,25.414285714285715,3.3
REGION AUTONOMA DEL ATLANTICO SUR,2021-05-23,2021-05-29,2021,20,26.414285714285715,90.8
RIO SAN JUAN,2021-05-23,2021-05-29,2021,23,25.728571428571428,121.1
RIVAS,2021-05-23,2021-05-29,2021,53,27.457142857142856,18.7
ZELAYA CENTRAL,2021-05-23,2021-05-29,2021,21,25.4,55.5
BILWI,2021-05-30,2021-06-05,2021,8,27.52857142857143,20.7
BOACO,2021-05-30,2021-06-05,2021,30,25.8,3.3
CARAZO,2021-05-30,2021-06-05,2021,19,26.085714285714285,3.3
CHINANDEGA,2021-05-30,2021-06-05,2021,74,28.985714285714288,21.2
CHONTALES,2021-05-30,2021-06-05,2021,28,28.357142857142858,4.6
ESTELI,2021-05-30,2021-06-05,2021,16,24.757142857142856,7.8999999999999995
GRANADA,2021-05-30,2021-06-05,2021,66,28.614285714285714,6.1
JINOTEGA,2021-05-30,2021-06-05,2021,56,22.414285714285715,2.8000000000000003
LEON,2021-05-30,2021-06-05,2021,109,30.542857142857144,10.200000000000001
MADRIZ,2021-05-30,2021-06-05,2021,11,25.514285714285712,2.9
MANAGUA,2021-05-30,2021-06-05,2021,111,29.6,2.4
MASAYA,2021-05-30,2021-06-05,2021,67,26.814285714285713,5.6000000000000005
MATAGALPA,2021-05-30,2021-06-05,2021,29,24.2,2.6
NUEVA SEGOVIA,2021-05-30,2021-06-05,2021,26,26.47142857142857,1.6
REGION AUTONOMA DEL ATLANTICO SUR,2021-05-30,2021-06-05,2021,30,27.085714285714285,21.8
RIO SAN JUAN,2021-05-30,2021-06-05,2021,52,26.714285714285715,16.8
RIVAS,2021-05-30,2021-06-05,2021,53,28.17142857142857,10.5
ZELAYA CENTRAL,2021-05-30,2021-06-05,2021,30,26.1,19.2
BILWI,2021-06-06,2021-06-12,2021,5,26.12857142857143,101.3
BOACO,2021-06-06,2021-06-12,2021,22,24.557142857142857,21.2
CARAZO,2021-06-06,2021-06-12,2021,27,24.42857142857143,28.2
CHINANDEGA,2021-06-06,2021-06-12,2021,65,27.2,74.6
CHONTALES,2021-06-06,2021-06-12,2021,32,26.542857142857144,34.7
ESTELI,2021-06-06,2021-06-12,2021,18,23.32857142857143,67.6
GRANADA,2021-06-06,2021-06-12,2021,59,26.785714285714285,75.6
JINOTEGA,2021-06-06,2021-06-12,2021,50,21.757142857142856,31
LEON,2021-06-06,2021-06-12,2021,96,28,53.7
MADRIZ,2021-06-06,2021-06-12,2021,15,23.885714285714286,37.3
MANAGUA,2021-06-06,2021-06-12,2021,121,27.67142857142857,30.4
MASAYA,2021-06-06,2021-06-12,2021,66,25.085714285714285,60.3
MATAGALPA,2021-06-06,2021-06-12,2021,20,23.34285714285714,25.3
NUEVA SEGOVIA,2021-06-06,2021-06-12,2021,26,24.599999999999998,21.5
REGION AUTONOMA DEL ATLANTICO SUR,2021-06-06,2021-06-12,2021,18,25.82857142857143,146
RIO SAN JUAN,2021-06-06,2021-06-12,2021,57,25.642857142857142,88.3
RIVAS,2021-06-06,2021-06-12,2021,51,26.62857142857143,61.099999999999994
ZELAYA CENTRAL,2021-06-06,2021-06-12,2021,39,24.942857142857143,83.4
BILWI,2021-06-13,2021-06-19,2021,10,26.685714285714287,106.3
BOACO,2021-06-13,2021-06-19,2021,26,24.314285714285713,74.5
CARAZO,2021-06-13,2021-06-19,2021,25,23.92857142857143,70.7
CHINANDEGA,2021-06-13,2021-06-19,2021,64,26.15714285714286,129.5
CHONTALES,2021-06-13,2021-06-19,2021,27,26.014285714285716,67.8
ESTELI,2021-06-13,2021-06-19,2021,12,22.814285714285713,78.2
GRANADA,2021-06-13,2021-06-19,2021,75,26.5,85
JINOTEGA,2021-06-13,2021-06-19,2021,58,21.814285714285713,47.7
LEON,2021-06-13,2021-06-19,2021,101,26.485714285714284,111.4
MADRIZ,2021-06-13,2021-06-19,2021,10,23.228571428571428,79.8
MANAGUA,2021-06-13,2021-06-19,2021,114,26.814285714285713,57.5
MASAYA,2021-06-13,2021-06-19,2021,75,24.67142857142857,68.9
MATAGALPA,2021-06-13,2021-06-19,2021,13,23.414285714285715,35.1
NUEVA SEGOVIA,2021-06-13,2021-06-19,2021,26,23.82857142857143,88.3
REGION AUTONOMA DEL ATLANTICO SUR,2021-06-13,2021-06-19,2021,32,26.285714285714285,98.60000000000001
RIO SAN JUAN,2021-06-13,2021-06-19,2021,39,25.84285714285714,94.8
RIVAS,2021-06-13,2021-06-19,2021,47,26.242857142857144,79.8
ZELAYA CENTRAL,2021-06-13,2021-06-19,2021,29,25.357142857142858,73.8
BILWI,2021-06-20,2021-06-26,2021,3,26.885714285714286,45.699999999999996
BOACO,2021-06-20,2021-06-26,2021,20,24.757142857142856,19.7
CARAZO,2021-06-20,2021-06-26,2021,23,24.37142857142857,35.4
CHINANDEGA,2021-06-20,2021-06-26,2021,87,26.82857142857143,48.8
CHONTALES,2021-06-20,2021-06-26,2021,36,26.571428571428573,20.6
ESTELI,2021-06-20,2021-06-26,2021,29,23.1,23.900000000000002
GRANADA,2021-06-20,2021-06-26,2021,66,27,56.599999999999994
JINOTEGA,2021-06-20,2021-06-26,2021,45,21.814285714285713,11.6
LEON,2021-06-20,2021-06-26,2021,114,27.385714285714286,44
MADRIZ,2021-06-20,2021-06-26,2021,8,23.82857142857143,15.1
MANAGUA,2021-06-20,2021-06-26,2021,106,27.32857142857143,19.2
MASAYA,2021-06-20,2021-06-26,2021,68,24.985714285714288,47.9
MATAGALPA,2021-06-20,2021-06-26,2021,15,23.614285714285714,22.1
NUEVA SEGOVIA,2021-06-20,2021-06-26,2021,22,24.599999999999998,14.4
REGION AUTONOMA DEL ATLANTICO SUR,2021-06-20,2021-06-26,2021,24,26.157142857142855,87.5
RIO SAN JUAN,2021-06-20,2021-06-26,2021,38,25.885714285714286,103.2
RIVAS,2021-06-20,2021-06-26,2021,52,26.54285714285714,53.8
ZELAYA CENTRAL,2021-06-20,2021-06-26,2021,46,25.32857142857143,55.1
BILWI,2021-06-27,2021-07-03,2021,10,26.42857142857143,64.1
BOACO,2021-06-27,2021-07-03,2021,22,24.742857142857144,24.2
CARAZO,2021-06-27,2021-07-03,2021,17,24.271428571428572,32.9
CHINANDEGA,2021-06-27,2021-07-03,2021,66,26.614285714285714,78.4
CHONTALES,2021-06-27,2021-07-03,2021,14,26.47142857142857,25.4
ESTELI,2021-06-27,2021-07-03,2021,24,22.914285714285715,33
GRANADA,2021-06-27,2021-07-03,2021,56,26.814285714285713,73.5
JINOTEGA,2021-06-27,2021-07-03,2021,57,21.914285714285715,16.2
LEON,2021-06-27,2021-07-03,2021,113,27.057142857142857,67.8
MADRIZ,2021-06-27,2021-07-03,2021,15,23.714285714285715,51.1
MANAGUA,2021-06-27,2021-07-03,2021,93,27.4,22.9
MASAYA,2021-06-27,2021-07-03,2021,71,24.914285714285715,45.3
MATAGALPA,2021-06-27,2021-07-03,2021,36,23.42857142857143,27.2
NUEVA SEGOVIA,2021-06-27,2021-07-03,2021,21,24.271428571428572,52.6
REGION AUTONOMA DEL ATLANTICO SUR,2021-06-27,2021-07-03,2021,17,25.757142857142856,110.5
RIO SAN JUAN,2021-06-27,2021-07-03,2021,42,25.485714285714284,65.3
RIVAS,2021-06-27,2021-07-03,2021,40,26.385714285714286,63.199999999999996
ZELAYA CENTRAL,2021-06-27,2021-07-03,2021,52,24.84285714285714,69.4
BILWI,2021-07-04,2021-07-10,2021,22,27.242857142857144,37.2
BOACO,2021-07-04,2021-07-10,2021,14,24.257142857142856,44.4
CARAZO,2021-07-04,2021-07-10,2021,15,24.057142857142857,40.9
CHINANDEGA,2021-07-04,2021-07-10,2021,72,27.15714285714286,46.3
CHONTALES,2021-07-04,2021-07-10,2021,21,26.257142857142856,51.2
ESTELI,2021-07-04,2021-07-10,2021,23,22.87142857142857,28.400000000000002
GRANADA,2021-07-04,2021-07-10,2021,58,26.985714285714288,57.3
JINOTEGA,2021-07-04,2021-07-10,2021,41,21.614285714285714,39.3
LEON,2021-07-04,2021-07-10,2021,116,27.714285714285715,47.5
MADRIZ,2021-07-04,2021-07-10,2021,9,23.37142857142857,52.3
MANAGUA,2021-07-04,2021-07-10,2021,89,27.242857142857144,47.199999999999996
MASAYA,2021-07-04,2021-07-10,2021,72,24.92857142857143,42.2
MATAGALPA,2021-07-04,2021-07-10,2021,25,23.228571428571428,42.2
NUEVA SEGOVIA,2021-07-04,2021-07-10,2021,18,24.114285714285714,37.9
REGION AUTONOMA DEL ATLANTICO SUR,2021-07-04,2021-07-10,2021,16,26.428571428571427,130.4
RIO SAN JUAN,2021-07-04,2021-07-10,2021,29,25.814285714285713,78
RIVAS,2021-07-04,2021-07-10,2021,31,26.557142857142857,54.2
ZELAYA CENTRAL,2021-07-04,2021-07-10,2021,52,25.02857142857143,94.4
BILWI,2021-07-11,2021-07-17,2021,16,26.3,107.7
BOACO,2021-07-11,2021-07-17,2021,29,24.071428571428573,17.1
CARAZO,2021-07-11,2021-07-17,2021,16,24.142857142857142,18.4
CHINANDEGA,2021-07-11,2021-07-17,2021,61,27.557142857142857,22.4
CHONTALES,2021-07-11,2021-07-17,2021,26,26.142857142857142,11.100000000000001
ESTELI,2021-07-11,2021-07-17,2021,12,22.928571428571427,14.200000000000001
GRANADA,2021-07-11,2021-07-17,2021,40,26.87142857142857,41.9
JINOTEGA,2021-07-11,2021-07-17,2021,34,21.057142857142857,28.1
LEON,2021-07-11,2021-07-17,2021,91,28.614285714285714,8.5
MADRIZ,2021-07-11,2021-07-17,2021,10,22.928571428571427,53.300000000000004
MANAGUA,2021-07-11,2021-07-17,2021,74,27.228571428571428,15.6
MASAYA,2021-07-11,2021-07-17,2021,69,24.771428571428572,53.5
MATAGALPA,2021-07-11,2021-07-17,2021,23,22.9,47.3
NUEVA SEGOVIA,2021-07-11,2021-07-17,2021,12,23.742857142857144,22.6
REGION AUTONOMA DEL ATLANTICO SUR,2021-07-11,2021-07-17,2021,17,25.857142857142858,124
RIO SAN JUAN,2021-07-11,2021-07-17,2021,19,25.585714285714285,62.3
RIVAS,2021-07-11,2021-07-17,2021,27,26.514285714285716,36.8
ZELAYA CENTRAL,2021-07-11,2021-07-17,2021,45,24.8,73
BILWI,2021-07-18,2021-07-24,2021,16,27.37142857142857,35.6
BOACO,2021-07-18,2021-07-24,2021,27,24.714285714285715,10.200000000000001
CARAZO,2021-07-18,2021-07-24,2021,19,25.02857142857143,7.2
CHINANDEGA,2021-07-18,2021-07-24,2021,85,29.17142857142857,2.5
CHONTALES,2021-07-18,2021-07-24,2021,32,26.985714285714284,6.1
ESTELI,2021-07-18,2021-07-24,2021,17,23.728571428571428,4.4
GRANADA,2021-07-18,2021-07-24,2021,46,27.642857142857142,13.3
JINOTEGA,2021-07-18,2021-07-24,2021,45,21.557142857142857,14.4
LEON,2021-07-18,2021-07-24,2021,86,30.257142857142856,4.2
MADRIZ,2021-07-18,2021-07-24,2021,13,23.9,12.3
MANAGUA,2021-07-18,2021-07-24,2021,74,28.47142857142857,8.8
MASAYA,2021-07-18,2021-07-24,2021,75,25.685714285714287,21.2
MATAGALPA,2021-07-18,2021-07-24,2021,15,23.54285714285714,7.7
NUEVA SEGOVIA,2021-07-18,2021-07-24,2021,12,24.957142857142856,3.4
REGION AUTONOMA DEL ATLANTICO SUR,2021-07-18,2021-07-24,2021,11,26.485714285714284,108.9
RIO SAN JUAN,2021-07-18,2021-07-24,2021,14,25.8,72.8
RIVAS,2021-07-18,2021-07-24,2021,26,27.17142857142857,16.3
ZELAYA CENTRAL,2021-07-18,2021-07-24,2021,37,25.228571428571428,71.8
BILWI,2021-07-25,2021-07-31,2021,16,26.857142857142858,77.7
BOACO,2021-07-25,2021-07-31,2021,26,24.62857142857143,11.899999999999999
CARAZO,2021-07-25,2021-07-31,2021,9,24.52857142857143,18.400000000000002
CHINANDEGA,2021-07-25,2021-07-31,2021,60,27.485714285714288,39.1
CHONTALES,2021-07-25,2021-07-31,2021,25,26.914285714285715,13.5
ESTELI,2021-07-25,2021-07-31,2021,28,23.642857142857142,19.400000000000002
GRANADA,2021-07-25,2021-07-31,2021,47,27.071428571428573,32
JINOTEGA,2021-07-25,2021-07-31,2021,31,21.714285714285715,20.5
LEON,2021-07-25,2021-07-31,2021,76,28.5,30.400000000000002
MADRIZ,2021-07-25,2021-07-31,2021,10,23.82857142857143,24.1
MANAGUA,2021-07-25,2021-07-31,2021,71,27.82857142857143,16.8
MASAYA,2021-07-25,2021-07-31,2021,66,25.214285714285715,37.8
MATAGALPA,2021-07-25,2021-07-31,2021,30,23.514285714285712,5.6
NUEVA SEGOVIA,2021-07-25,2021-07-31,2021,5,24.914285714285715,8.8
REGION AUTONOMA DEL ATLANTICO SUR,2021-07-25,2021-07-31,2021,21,26.142857142857142,84.8
RIO SAN JUAN,2021-07-25,2021-07-31,2021,15,25.900000000000002,79
RIVAS,2021-07-25,2021-07-31,2021,33,26.8,27.9
ZELAYA CENTRAL,2021-07-25,2021-07-31,2021,74,25.242857142857144,67.1
BILWI,2021-08-01,2021-08-07,2021,18,26.6,80.2
BOACO,2021-08-01,2021-08-07,2021,28,24.642857142857142,18.7
CARAZO,2021-08-01,2021-08-07,2021,14,24.6,38
CHINANDEGA,2021-08-01,2021-08-07,2021,69,27.314285714285713,58.5
CHONTALES,2021-08-01,2021-08-07,2021,43,26.785714285714285,31.7
ESTELI,2021-08-01,2021-08-07,2021,16,23.271428571428572,49.9
GRANADA,2021-08-01,2021-08-07,2021,59,27.071428571428573,60.5
JINOTEGA,2021-08-01,2021-08-07,2021,50,21.585714285714285,28.3
LEON,2021-08-01,2021-08-07,2021,86,28.242857142857144,46.2
MADRIZ,2021-08-01,2021-08-07,2021,12,23.15714285714286,36.3
MANAGUA,2021-08-01,2021-08-07,2021,67,27.685714285714287,34.8
MASAYA,2021-08-01,2021-08-07,2021,78,25.15714285714286,47
MATAGALPA,2021-08-01,2021-08-07,2021,20,23.357142857142858,13
NUEVA SEGOVIA,2021-08-01,2021-08-07,2021,14,24.014285714285712,40.699999999999996
REGION AUTONOMA DEL ATLANTICO SUR,2021-08-01,2021-08-07,2021,21,26.15714285714286,103.8
RIO SAN JUAN,2021-08-01,2021-08-07,2021,15,25.728571428571428,101.8
RIVAS,2021-08-01,2021-08-07,2021,25,26.6,80.8
ZELAYA CENTRAL,2021-08-01,2021-08-07,2021,57,25,91.4
BILWI,2021-08-08,2021-08-14,2021,18,27.114285714285714,22.400000000000002
BOACO,2021-08-08,2021-08-14,2021,16,24.457142857142856,17.9
CARAZO,2021-08-08,2021-08-14,2021,10,24.32857142857143,35.699999999999996
CHINANDEGA,2021-08-08,2021-08-14,2021,74,27.2,60.7
CHONTALES,2021-08-08,2021-08-14,2021,34,26.357142857142858,25.5
ESTELI,2021-08-08,2021-08-14,2021,11,23.37142857142857,31
GRANADA,2021-08-08,2021-08-14,2021,62,26.82857142857143,46.7
JINOTEGA,2021-08-08,2021-08-14,2021,33,21.728571428571428,21.1
LEON,2021-08-08,2021-08-14,2021,114,27.942857142857143,47.7
MADRIZ,2021-08-08,2021-08-14,2021,10,23.6,21.8
MANAGUA,2021-08-08,2021-08-14,2021,74,27.385714285714286,25.3
MASAYA,2021-08-08,2021-08-14,2021,80,24.914285714285715,46.6
MATAGALPA,2021-08-08,2021-08-14,2021,34,23.614285714285714,10.2
NUEVA SEGOVIA,2021-08-08,2021-08-14,2021,18,24.742857142857144,8.5
REGION AUTONOMA DEL ATLANTICO SUR,2021-08-08,2021-08-14,2021,26,26.12857142857143,91.8
RIO SAN JUAN,2021-08-08,2021-08-14,2021,10,25.571428571428573,94.3
RIVAS,2021-08-08,2021-08-14,2021,40,26.485714285714284,32.5
ZELAYA CENTRAL,2021-08-08,2021-08-14,2021,62,24.957142857142856,61.699999999999996
BILWI,2021-08-15,2021-08-21,2021,18,26.9,62.6
BOACO,2021-08-15,2021-08-21,2021,24,24.557142857142857,39.5
CARAZO,2021-08-15,2021-08-21,2021,9,24.2,66.5
CHINANDEGA,2021-08-15,2021-08-21,2021,72,26.228571428571428,137.3
CHONTALES,2021-08-15,2021-08-21,2021,25,25.985714285714284,57.6
ESTELI,2021-08-15,2021-08-21,2021,14,23.085714285714285,52.5
GRANADA,2021-08-15,2021-08-21,2021,55,26.571428571428573,124.8
JINOTEGA,2021-08-15,2021-08-21,2021,36,21.97142857142857,28.5
LEON,2021-08-15,2021-08-21,2021,105,26.6,110.8
MADRIZ,2021-08-15,2021-08-21,2021,8,23.62857142857143,53.300000000000004
MANAGUA,2021-08-15,2021-08-21,2021,80,27.12857142857143,56.5
MASAYA,2021-08-15,2021-08-21,2021,73,24.785714285714285,77.1
MATAGALPA,2021-08-15,2021-08-21,2021,15,23.685714285714287,36
NUEVA SEGOVIA,2021-08-15,2021-08-21,2021,10,24.742857142857144,19.8
REGION AUTONOMA DEL ATLANTICO SUR,2021-08-15,2021-08-21,2021,19,26.628571428571426,58.9
RIO SAN JUAN,2021-08-15,2021-08-21,2021,14,26,74.4
RIVAS,2021-08-15,2021-08-21,2021,56,26.085714285714285,87.1
ZELAYA CENTRAL,2021-08-15,2021-08-21,2021,67,25.585714285714285,49.5
BILWI,2021-08-22,2021-08-28,2021,6,26.614285714285714,69
BOACO,2021-08-22,2021-08-28,2021,31,24.2,51
CARAZO,2021-08-22,2021-08-28,2021,13,23.785714285714285,80.6
CHINANDEGA,2021-08-22,2021-08-28,2021,73,26.17142857142857,188.2
CHONTALES,2021-08-22,2021-08-28,2021,15,25.82857142857143,35.8
ESTELI,2021-08-22,2021-08-28,2021,10,22.885714285714286,54
GRANADA,2021-08-22,2021-08-28,2021,64,26.485714285714288,96.7
JINOTEGA,2021-08-22,2021-08-28,2021,41,21.714285714285715,34.4
LEON,2021-08-22,2021-08-28,2021,111,26.485714285714288,122
MADRIZ,2021-08-22,2021-08-28,2021,4,23.37142857142857,60.7
MANAGUA,2021-08-22,2021-08-28,2021,79,26.757142857142856,36.8
MASAYA,2021-08-22,2021-08-28,2021,93,24.6,66.39999999999999
MATAGALPA,2021-08-22,2021-08-28,2021,12,23.5,38.1
NUEVA SEGOVIA,2021-08-22,2021-08-28,2021,13,24.185714285714287,31.3
REGION AUTONOMA DEL ATLANTICO SUR,2021-08-22,2021-08-28,2021,19,26.042857142857144,124.6
RIO SAN JUAN,2021-08-22,2021-08-28,2021,12,25.485714285714288,96.2
RIVAS,2021-08-22,2021-08-28,2021,38,25.97142857142857,98.1
ZELAYA CENTRAL,2021-08-22,2021-08-28,2021,41,25.12857142857143,91
BILWI,2021-08-29,2021-09-04,2021,14,26.457142857142856,114.6
BOACO,2021-08-29,2021-09-04,2021,24,24.057142857142857,49.1
CARAZO,2021-08-29,2021-09-04,2021,13,23.814285714285713,72
CHINANDEGA,2021-08-29,2021-09-04,2021,59,26,90.3
CHONTALES,2021-08-29,2021-09-04,2021,14,25.728571428571428,78.5
ESTELI,2021-08-29,2021-09-04,2021,4,22.428571428571427,53.6
GRANADA,2021-08-29,2021-09-04,2021,71,26.5,74.8
JINOTEGA,2021-08-29,2021-09-04,2021,32,21.414285714285715,38.9
LEON,2021-08-29,2021-09-04,2021,91,26.314285714285713,110.7
MADRIZ,2021-08-29,2021-09-04,2021,6,23.1,31.3
MANAGUA,2021-08-29,2021-09-04,2021,76,26.67142857142857,56.699999999999996
MASAYA,2021-08-29,2021-09-04,2021,110,24.614285714285714,59.7
MATAGALPA,2021-08-29,2021-09-04,2021,12,23.12857142857143,45.1
NUEVA SEGOVIA,2021-08-29,2021-09-04,2021,15,23.757142857142856,30
REGION AUTONOMA DEL ATLANTICO SUR,2021-08-29,2021-09-04,2021,16,26.414285714285715,59.5
RIO SAN JUAN,2021-08-29,2021-09-04,2021,8,25.914285714285715,114.9
RIVAS,2021-08-29,2021-09-04,2021,41,25.97142857142857,93.2
ZELAYA CENTRAL,2021-08-29,2021-09-04,2021,40,25.414285714285715,56.4
BILWI,2021-09-05,2021-09-11,2021,11,26.65714285714286,66.7
BOACO,2021-09-05,2021-09-11,2021,24,24.32857142857143,42.3
CARAZO,2021-09-05,2021-09-11,2021,9,23.742857142857144,86.8
CHINANDEGA,2021-09-05,2021-09-11,2021,50,26.114285714285714,136.7
CHONTALES,2021-09-05,2021-09-11,2021,17,25.957142857142856,52.1
ESTELI,2021-09-05,2021-09-11,2021,2,22.914285714285715,45.2
GRANADA,2021-09-05,2021-09-11,2021,56,26.485714285714284,97.5
JINOTEGA,2021-09-05,2021-09-11,2021,17,21.742857142857144,36.3
LEON,2021-09-05,2021-09-11,2021,68,26.47142857142857,130.3
MADRIZ,2021-09-05,2021-09-11,2021,6,23.428571428571427,46.7
MANAGUA,2021-09-05,2021-09-11,2021,72,26.685714285714287,74.7
MASAYA,2021-09-05,2021-09-11,2021,68,24.571428571428573,83.6
MATAGALPA,2021-09-05,2021-09-11,2021,10,23.47142857142857,26.8
NUEVA SEGOVIA,2021-09-05,2021-09-11,2021,11,24.142857142857142,23.2
REGION AUTONOMA DEL ATLANTICO SUR,2021-09-05,2021-09-11,2021,15,25.885714285714286,136.9
RIO SAN JUAN,2021-09-05,2021-09-11,2021,5,25.57142857142857,75.9
RIVAS,2021-09-05,2021-09-11,2021,41,25.84285714285714,111.60000000000001
ZELAYA CENTRAL,2021-09-05,2021-09-11,2021,38,24.742857142857144,106.9
BILWI,2021-09-12,2021-09-18,2021,23,27.414285714285715,31.1
BOACO,2021-09-12,2021-09-18,2021,14,24.142857142857142,55
CARAZO,2021-09-12,2021-09-18,2021,7,23.714285714285715,51.5
CHINANDEGA,2021-09-12,2021-09-18,2021,42,26.228571428571428,90.7
CHONTALES,2021-09-12,2021-09-18,2021,23,25.8,43
ESTELI,2021-09-12,2021-09-18,2021,3,22.8,48.300000000000004
GRANADA,2021-09-12,2021-09-18,2021,37,26.514285714285716,87.5
JINOTEGA,2021-09-12,2021-09-18,2021,21,21.7,33.6
LEON,2021-09-12,2021-09-18,2021,37,26.557142857142857,79.4
MADRIZ,2021-09-12,2021-09-18,2021,2,23.285714285714285,57.8
MANAGUA,2021-09-12,2021-09-18,2021,60,26.65714285714286,47.8
MASAYA,2021-09-12,2021-09-18,2021,70,24.571428571428573,54.300000000000004
MATAGALPA,2021-09-12,2021-09-18,2021,0,23.32857142857143,34.9
NUEVA SEGOVIA,2021-09-12,2021-09-18,2021,4,23.942857142857143,39.800000000000004
REGION AUTONOMA DEL ATLANTICO SUR,2021-09-12,2021-09-18,2021,14,26.114285714285714,81.7
RIO SAN JUAN,2021-09-12,2021-09-18,2021,2,25.614285714285714,82.4
RIVAS,2021-09-12,2021-09-18,2021,22,25.9,87.6
ZELAYA CENTRAL,2021-09-12,2021-09-18,2021,16,25.042857142857144,66.89999999999999
BILWI,2021-09-19,2021-09-25,2021,11,26.414285714285715,51.4
BOACO,2021-09-19,2021-09-25,2021,25,24.5,16.9
CARAZO,2021-09-19,2021-09-25,2021,3,24.185714285714287,23.9
CHINANDEGA,2021-09-19,2021-09-25,2021,42,26.67142857142857,78.7
CHONTALES,2021-09-19,2021-09-25,2021,18,26.285714285714285,18.9
ESTELI,2021-09-19,2021-09-25,2021,2,23.1,21.2
GRANADA,2021-09-19,2021-09-25,2021,28,27.014285714285712,45.4
JINOTEGA,2021-09-19,2021-09-25,2021,28,21.785714285714285,22
LEON,2021-09-19,2021-09-25,2021,51,27.142857142857142,73.5
MADRIZ,2021-09-19,2021-09-25,2021,8,23.642857142857142,32.4
MANAGUA,2021-09-19,2021-09-25,2021,73,27.185714285714287,29
MASAYA,2021-09-19,2021-09-25,2021,85,24.885714285714286,40.5
MATAGALPA,2021-09-19,2021-09-25,2021,0,23.6,20.099999999999998
NUEVA SEGOVIA,2021-09-19,2021-09-25,2021,14,24.457142857142856,15.8
REGION AUTONOMA DEL ATLANTICO SUR,2021-09-19,2021-09-25,2021,11,26.114285714285714,76.8
RIO SAN JUAN,2021-09-19,2021-09-25,2021,9,25.914285714285715,59.8
RIVAS,2021-09-19,2021-09-25,2021,22,26.585714285714285,48.5
ZELAYA CENTRAL,2021-09-19,2021-09-25,2021,32,25.014285714285716,64.5
BILWI,2021-09-26,2021-10-02,2021,6,27.128571428571426,18.3
BOACO,2021-09-26,2021-10-02,2021,9,24.957142857142856,7.6000000000000005
CARAZO,2021-09-26,2021-10-02,2021,7,24.214285714285715,15.299999999999999
CHINANDEGA,2021-09-26,2021-10-02,2021,34,26.814285714285717,27.8
CHONTALES,2021-09-26,2021-10-02,2021,28,26.442857142857143,17.099999999999998
ESTELI,2021-09-26,2021-10-02,2021,10,23.12857142857143,15
GRANADA,2021-09-26,2021-10-02,2021,33,27,37.9
JINOTEGA,2021-09-26,2021-10-02,2021,41,22.12857142857143,3.6
LEON,2021-09-26,2021-10-02,2021,51,27.257142857142856,16.599999999999998
MADRIZ,2021-09-26,2021-10-02,2021,10,23.614285714285714,16.8
MANAGUA,2021-09-26,2021-10-02,2021,75,27.242857142857144,11.4
MASAYA,2021-09-26,2021-10-02,2021,71,24.857142857142858,32.2
MATAGALPA,2021-09-26,2021-10-02,2021,4,24.02857142857143,4.5
NUEVA SEGOVIA,2021-09-26,2021-10-02,2021,12,24.571428571428573,4.5
REGION AUTONOMA DEL ATLANTICO SUR,2021-09-26,2021-10-02,2021,6,25.9,95.1
RIO SAN JUAN,2021-09-26,2021-10-02,2021,4,25.557142857142857,53.6
RIVAS,2021-09-26,2021-10-02,2021,33,26.514285714285716,35.699999999999996
ZELAYA CENTRAL,2021-09-26,2021-10-02,2021,38,25.02857142857143,56.5
BILWI,2021-10-03,2021-10-09,2021,15,26.4,71.6
BOACO,2021-10-03,2021-10-09,2021,16,24.8,11.799999999999999
CARAZO,2021-10-03,2021-10-09,2021,11,24.4,30
CHINANDEGA,2021-10-03,2021-10-09,2021,32,26.84285714285714,115.7
CHONTALES,2021-10-03,2021-10-09,2021,36,26.642857142857142,23.9
ESTELI,2021-10-03,2021-10-09,2021,0,23.34285714285714,29.6
GRANADA,2021-10-03,2021-10-09,2021,39,27.114285714285714,53.300000000000004
JINOTEGA,2021-10-03,2021-10-09,2021,35,21.914285714285715,21.2
LEON,2021-10-03,2021-10-09,2021,55,27.257142857142856,66.7
MADRIZ,2021-10-03,2021-10-09,2021,6,23.757142857142856,30
MANAGUA,2021-10-03,2021-10-09,2021,68,27.557142857142857,26.9
MASAYA,2021-10-03,2021-10-09,2021,76,25,60.4
MATAGALPA,2021-10-03,2021-10-09,2021,5,23.857142857142858,17.2
NUEVA SEGOVIA,2021-10-03,2021-10-09,2021,9,24.728571428571428,13.6
REGION AUTONOMA DEL ATLANTICO SUR,2021-10-03,2021-10-09,2021,12,25.885714285714286,130.5
RIO SAN JUAN,2021-10-03,2021-10-09,2021,3,25.47142857142857,129.29999999999998
RIVAS,2021-10-03,2021-10-09,2021,25,26.457142857142856,75.2
ZELAYA CENTRAL,2021-10-03,2021-10-09,2021,32,25.014285714285712,89.3
BILWI,2021-10-10,2021-10-16,2021,12,26.928571428571427,21.6
BOACO,2021-10-10,2021-10-16,2021,14,24.9,37.9
CARAZO,2021-10-10,2021-10-16,2021,7,24.357142857142858,27.1
CHINANDEGA,2021-10-10,2021-10-16,2021,41,26.428571428571427,78.5
CHONTALES,2021-10-10,2021-10-16,2021,31,26.114285714285714,46.6
ESTELI,2021-10-10,2021-10-16,2021,11,22.7,66.6
GRANADA,2021-10-10,2021-10-16,2021,34,26.942857142857143,42.3
JINOTEGA,2021-10-10,2021-10-16,2021,43,22.271428571428572,54.6
LEON,2021-10-10,2021-10-16,2021,53,26.7,72.5
MADRIZ,2021-10-10,2021-10-16,2021,3,23.45714285714286,45.3
MANAGUA,2021-10-10,2021-10-16,2021,71,27.45714285714286,41.8
MASAYA,2021-10-10,2021-10-16,2021,75,25.07142857142857,19.4
MATAGALPA,2021-10-10,2021-10-16,2021,7,24.085714285714285,52.5
NUEVA SEGOVIA,2021-10-10,2021-10-16,2021,9,24.357142857142858,52.2
REGION AUTONOMA DEL ATLANTICO SUR,2021-10-10,2021-10-16,2021,6,26.642857142857142,47.300000000000004
RIO SAN JUAN,2021-10-10,2021-10-16,2021,9,25.9,61
RIVAS,2021-10-10,2021-10-16,2021,23,26.37142857142857,36.6
ZELAYA CENTRAL,2021-10-10,2021-10-16,2021,21,25.757142857142856,26.7
BILWI,2021-10-17,2021-10-23,2021,9,25.47142857142857,71.2
BOACO,2021-10-17,2021-10-23,2021,16,23.985714285714284,48.5
CARAZO,2021-10-17,2021-10-23,2021,11,23.457142857142856,70
CHINANDEGA,2021-10-17,2021-10-23,2021,49,25.585714285714285,135.29999999999998
CHONTALES,2021-10-17,2021-10-23,2021,22,25.457142857142856,68.5
ESTELI,2021-10-17,2021-10-23,2021,16,22.228571428571428,50.8
GRANADA,2021-10-17,2021-10-23,2021,26,26.085714285714285,143.2
JINOTEGA,2021-10-17,2021-10-23,2021,37,21.442857142857143,33.3
LEON,2021-10-17,2021-10-23,2021,69,25.728571428571428,132.9
MADRIZ,2021-10-17,2021-10-23,2021,6,22.7,61.1
MANAGUA,2021-10-17,2021-10-23,2021,78,26.2,98.5
MASAYA,2021-10-17,2021-10-23,2021,67,24.214285714285715,86.3
MATAGALPA,2021-10-17,2021-10-23,2021,12,23.057142857142857,22.099999999999998
NUEVA SEGOVIA,2021-10-17,2021-10-23,2021,8,23.3,38.2
REGION AUTONOMA DEL ATLANTICO SUR,2021-10-17,2021-10-23,2021,3,25.642857142857142,87.7
RIO SAN JUAN,2021-10-17,2021-10-23,2021,4,25.057142857142857,110.7
RIVAS,2021-10-17,2021-10-23,2021,35,25.571428571428573,125.9
ZELAYA CENTRAL,2021-10-17,2021-10-23,2021,21,24.47142857142857,69.60000000000001
BILWI,2021-10-24,2021-10-30,2021,7,26.514285714285716,40.8
BOACO,2021-10-24,2021-10-30,2021,8,24.62857142857143,24.1
CARAZO,2021-10-24,2021-10-30,2021,7,23.87142857142857,71
CHINANDEGA,2021-10-24,2021-10-30,2021,36,26,87.2
CHONTALES,2021-10-24,2021-10-30,2021,15,25.785714285714285,69.6
ESTELI,2021-10-24,2021-10-30,2021,1,22.771428571428572,24.4
GRANADA,2021-10-24,2021-10-30,2021,42,26.642857142857142,93.2
JINOTEGA,2021-10-24,2021-10-30,2021,41,22.057142857142857,18.4
LEON,2021-10-24,2021-10-30,2021,43,26.34285714285714,62.7
MADRIZ,2021-10-24,2021-10-30,2021,4,23.585714285714285,35.6
MANAGUA,2021-10-24,2021-10-30,2021,79,26.714285714285715,54.8
MASAYA,2021-10-24,2021-10-30,2021,80,24.714285714285715,75.2
MATAGALPA,2021-10-24,2021-10-30,2021,4,23.785714285714285,24.3
NUEVA SEGOVIA,2021-10-24,2021-10-30,2021,2,24.3,44.5
REGION AUTONOMA DEL ATLANTICO SUR,2021-10-24,2021-10-30,2021,10,26.54285714285714,46.6
RIO SAN JUAN,2021-10-24,2021-10-30,2021,15,26.014285714285716,66.6
RIVAS,2021-10-24,2021-10-30,2021,17,26.15714285714286,84.10000000000001
ZELAYA CENTRAL,2021-10-24,2021-10-30,2021,16,25.485714285714284,49.3
BILWI,2021-10-31,2021-11-06,2021,9,24.685714285714287,68.8
BOACO,2021-10-31,2021-11-06,2021,13,23.95714285714286,10.3
CARAZO,2021-10-31,2021-11-06,2021,7,23.5,37.7
CHINANDEGA,2021-10-31,2021-11-06,2021,54,26.014285714285712,46.9
CHONTALES,2021-10-31,2021-11-06,2021,13,25.45714285714286,21.3
ESTELI,2021-10-31,2021-11-06,2021,5,22.242857142857144,15.8
GRANADA,2021-10-31,2021-11-06,2021,43,26.32857142857143,63.6
JINOTEGA,2021-10-31,2021-11-06,2021,22,20.7,13.1
LEON,2021-10-31,2021-11-06,2021,59,26,81.1
MADRIZ,2021-10-31,2021-11-06,2021,8,22.5,33.7
MANAGUA,2021-10-31,2021-11-06,2021,74,26.385714285714286,40.7
MASAYA,2021-10-31,2021-11-06,2021,77,24.142857142857142,56.9
MATAGALPA,2021-10-31,2021-11-06,2021,6,23.042857142857144,12.5
NUEVA SEGOVIA,2021-10-31,2021-11-06,2021,8,23.185714285714287,8.8
REGION AUTONOMA DEL ATLANTICO SUR,2021-10-31,2021-11-06,2021,5,24.585714285714285,110.2
RIO SAN JUAN,2021-10-31,2021-11-06,2021,10,24.414285714285715,113.3
RIVAS,2021-10-31,2021-11-06,2021,26,25.62857142857143,67.9
ZELAYA CENTRAL,2021-10-31,2021-11-06,2021,13,23.82857142857143,73.1
BILWI,2021-11-07,2021-11-13,2021,7,24.642857142857142,31.2
BOACO,2021-11-07,2021-11-13,2021,25,24.12857142857143,9.3
CARAZO,2021-11-07,2021-11-13,2021,7,23.92857142857143,3.5
CHINANDEGA,2021-11-07,2021-11-13,2021,72,26.5,7.3
CHONTALES,2021-11-07,2021-11-13,2021,20,25.771428571428572,10
ESTELI,2021-11-07,2021-11-13,2021,7,21.97142857142857,7.2
GRANADA,2021-11-07,2021-11-13,2021,45,26.785714285714285,25.3
JINOTEGA,2021-11-07,2021-11-13,2021,58,20.2,4.4
LEON,2021-11-07,2021-11-13,2021,92,26.84285714285714,4.2
MADRIZ,2021-11-07,2021-11-13,2021,4,22.34285714285714,2.8
MANAGUA,2021-11-07,2021-11-13,2021,107,26.900000000000002,4.4
MASAYA,2021-11-07,2021-11-13,2021,77,24.442857142857143,12.7
MATAGALPA,2021-11-07,2021-11-13,2021,11,23.114285714285714,6.5
NUEVA SEGOVIA,2021-11-07,2021-11-13,2021,15,22.914285714285715,2.6
REGION AUTONOMA DEL ATLANTICO SUR,2021-11-07,2021-11-13,2021,7,24.885714285714286,63
RIO SAN JUAN,2021-11-07,2021-11-13,2021,9,24.957142857142856,33.4
RIVAS,2021-11-07,2021-11-13,2021,39,26.32857142857143,5.1
ZELAYA CENTRAL,2021-11-07,2021-11-13,2021,12,24.085714285714285,52.4
BILWI,2021-11-14,2021-11-20,2021,18,24.785714285714285,108.7
BOACO,2021-11-14,2021-11-20,2021,29,23.885714285714286,7.6000000000000005
CARAZO,2021-11-14,2021-11-20,2021,6,23.82857142857143,10.700000000000001
CHINANDEGA,2021-11-14,2021-11-20,2021,91,27,22.2
CHONTALES,2021-11-14,2021-11-20,2021,15,25.757142857142856,4.8
ESTELI,2021-11-14,2021-11-20,2021,6,22.4,5.7
GRANADA,2021-11-14,2021-11-20,2021,39,26.62857142857143,14.8
JINOTEGA,2021-11-14,2021-11-20,2021,54,20.485714285714288,13.8
LEON,2021-11-14,2021-11-20,2021,97,27.428571428571427,12.1
MADRIZ,2021-11-14,2021-11-20,2021,3,22.57142857142857,17.599999999999998
MANAGUA,2021-11-14,2021-11-20,2021,99,27.228571428571428,10.5
MASAYA,2021-11-14,2021-11-20,2021,96,24.3,22.9
MATAGALPA,2021-11-14,2021-11-20,2021,8,23.214285714285715,6.2
NUEVA SEGOVIA,2021-11-14,2021-11-20,2021,6,23.52857142857143,6
REGION AUTONOMA DEL ATLANTICO SUR,2021-11-14,2021-11-20,2021,8,24.84285714285714,122.8
RIO SAN JUAN,2021-11-14,2021-11-20,2021,5,24.785714285714285,71.1
RIVAS,2021-11-14,2021-11-20,2021,40,26.014285714285716,19.4
ZELAYA CENTRAL,2021-11-14,2021-11-20,2021,10,23.857142857142858,67.5
BILWI,2021-11-21,2021-11-27,2021,5,24.614285714285714,37.2
BOACO,2021-11-21,2021-11-27,2021,20,23.942857142857143,3.8
CARAZO,2021-11-21,2021-11-27,2021,15,24.02857142857143,4.2
CHINANDEGA,2021-11-21,2021-11-27,2021,63,26.65714285714286,20.9
CHONTALES,2021-11-21,2021-11-27,2021,14,25.742857142857144,4
ESTELI,2021-11-21,2021-11-27,2021,7,22.414285714285715,3.8000000000000003
GRANADA,2021-11-21,2021-11-27,2021,38,26.7,3.4
JINOTEGA,2021-11-21,2021-11-27,2021,60,20.4,5.3
LEON,2021-11-21,2021-11-27,2021,92,27.071428571428573,5.3
MADRIZ,2021-11-21,2021-11-27,2021,6,22.957142857142856,3.7
MANAGUA,2021-11-21,2021-11-27,2021,97,27.42857142857143,4.9
MASAYA,2021-11-21,2021-11-27,2021,93,24.42857142857143,10.8
MATAGALPA,2021-11-21,2021-11-27,2021,8,23.32857142857143,2.7
NUEVA SEGOVIA,2021-11-21,2021-11-27,2021,7,23.714285714285715,1.6
REGION AUTONOMA DEL ATLANTICO SUR,2021-11-21,2021-11-27,2021,10,24.614285714285714,68.1
RIO SAN JUAN,2021-11-21,2021-11-27,2021,19,24.757142857142856,58
RIVAS,2021-11-21,2021-11-27,2021,37,26.114285714285714,5
ZELAYA CENTRAL,2021-11-21,2021-11-27,2021,25,23.771428571428572,106.1
BILWI,2021-11-28,2021-12-04,2021,3,24.7,42.4
BOACO,2021-11-28,2021-12-04,2021,8,23.54285714285714,5.6
CARAZO,2021-11-28,2021-12-04,2021,7,24.085714285714285,5.2
CHINANDEGA,2021-11-28,2021-12-04,2021,64,27.3,0.9
CHONTALES,2021-11-28,2021-12-04,2021,18,25.5,2.2
ESTELI,2021-11-28,2021-12-04,2021,5,21.857142857142858,0
GRANADA,2021-11-28,2021-12-04,2021,37,26.84285714285714,2.1
JINOTEGA,2021-11-28,2021-12-04,2021,53,19.757142857142856,4.9
LEON,2021-11-28,2021-12-04,2021,81,27.814285714285713,2.3000000000000003
MADRIZ,2021-11-28,2021-12-04,2021,6,22.214285714285715,3.5
MANAGUA,2021-11-28,2021-12-04,2021,92,27.614285714285714,3.1
MASAYA,2021-11-28,2021-12-04,2021,96,24.571428571428573,4.1
MATAGALPA,2021-11-28,2021-12-04,2021,4,22.97142857142857,1.9
NUEVA SEGOVIA,2021-11-28,2021-12-04,2021,8,23.142857142857142,1.5
REGION AUTONOMA DEL ATLANTICO SUR,2021-11-28,2021-12-04,2021,4,24.185714285714287,123.2
RIO SAN JUAN,2021-11-28,2021-12-04,2021,8,24.457142857142856,38.5
RIVAS,2021-11-28,2021-12-04,2021,37,26.3,6.1
ZELAYA CENTRAL,2021-11-28,2021-12-04,2021,16,23.514285714285716,47
BILWI,2021-12-05,2021-12-11,2021,7,25.942857142857143,27.2
BOACO,2021-12-05,2021-12-11,2021,20,23.514285714285712,10.3
CARAZO,2021-12-05,2021-12-11,2021,4,23.82857142857143,12.9
CHINANDEGA,2021-12-05,2021-12-11,2021,43,27.285714285714285,6.9
CHONTALES,2021-12-05,2021-12-11,2021,18,26.057142857142857,2.2
ESTELI,2021-12-05,2021-12-11,2021,7,22.357142857142858,6.1
GRANADA,2021-12-05,2021-12-11,2021,40,26.82857142857143,9.4
JINOTEGA,2021-12-05,2021-12-11,2021,36,20.17142857142857,16.8
LEON,2021-12-05,2021-12-11,2021,66,28.542857142857144,3.2
MADRIZ,2021-12-05,2021-12-11,2021,6,22.62857142857143,11.3
MANAGUA,2021-12-05,2021-12-11,2021,75,27.5,8.6
MASAYA,2021-12-05,2021-12-11,2021,96,24.6,18.2
MATAGALPA,2021-12-05,2021-12-11,2021,7,22.52857142857143,9
NUEVA SEGOVIA,2021-12-05,2021-12-11,2021,4,23.814285714285713,5.2
REGION AUTONOMA DEL ATLANTICO SUR,2021-12-05,2021-12-11,2021,7,25.685714285714287,51.9
RIO SAN JUAN,2021-12-05,2021-12-11,2021,6,25.34285714285714,14.9
RIVAS,2021-12-05,2021-12-11,2021,25,26.414285714285715,13.5
ZELAYA CENTRAL,2021-12-05,2021-12-11,2021,17,24.32857142857143,46.5
BILWI,2021-12-12,2021-12-18,2021,1,24.3,98.9
BOACO,2021-12-12,2021-12-18,2021,17,23.085714285714285,9.7
CARAZO,2021-12-12,2021-12-18,2021,8,23.5,7.7
CHINANDEGA,2021-12-12,2021-12-18,2021,52,27.45714285714286,3.8000000000000003
CHONTALES,2021-12-12,2021-12-18,2021,11,25.271428571428572,4.4
ESTELI,2021-12-12,2021-12-18,2021,5,22.185714285714287,8.1
GRANADA,2021-12-12,2021-12-18,2021,50,26.428571428571427,8.5
JINOTEGA,2021-12-12,2021-12-18,2021,30,19.942857142857143,13.6
LEON,2021-12-12,2021-12-18,2021,69,28.442857142857143,4.8
MADRIZ,2021-12-12,2021-12-18,2021,8,22.542857142857144,12.6
MANAGUA,2021-12-12,2021-12-18,2021,91,26.95714285714286,11.2
MASAYA,2021-12-12,2021-12-18,2021,96,24.214285714285715,13.3
MATAGALPA,2021-12-12,2021-12-18,2021,13,22.47142857142857,5.5
NUEVA SEGOVIA,2021-12-12,2021-12-18,2021,12,23.757142857142856,6.9
REGION AUTONOMA DEL ATLANTICO SUR,2021-12-12,2021-12-18,2021,7,24.4,83.8
RIO SAN JUAN,2021-12-12,2021-12-18,2021,8,24.585714285714285,21.2
RIVAS,2021-12-12,2021-12-18,2021,18,25.97142857142857,14.1
ZELAYA CENTRAL,2021-12-12,2021-12-18,2021,18,23.37142857142857,53.5
BILWI,2021-12-19,2021-12-25,2021,2,24.614285714285714,11.1
BOACO,2021-12-19,2021-12-25,2021,9,23.37142857142857,6.4
CARAZO,2021-12-19,2021-12-25,2021,4,23.742857142857144,3.3
CHINANDEGA,2021-12-19,2021-12-25,2021,44,26.214285714285715,16.9
CHONTALES,2021-12-19,2021-12-25,2021,7,25.742857142857144,1.9
ESTELI,2021-12-19,2021-12-25,2021,5,21.78571428571429,6.7
GRANADA,2021-12-19,2021-12-25,2021,33,26.485714285714288,3.6999999999999997
JINOTEGA,2021-12-19,2021-12-25,2021,26,19.82857142857143,5.7
LEON,2021-12-19,2021-12-25,2021,57,27.314285714285713,9
MADRIZ,2021-12-19,2021-12-25,2021,12,21.885714285714286,15
MANAGUA,2021-12-19,2021-12-25,2021,64,26.8,3.9
MASAYA,2021-12-19,2021-12-25,2021,71,24.242857142857144,4.8999999999999995
MATAGALPA,2021-12-19,2021-12-25,2021,9,22.385714285714286,9.4
NUEVA SEGOVIA,2021-12-19,2021-12-25,2021,1,22.62857142857143,5.2
REGION AUTONOMA DEL ATLANTICO SUR,2021-12-19,2021-12-25,2021,3,24.985714285714288,27.1
RIO SAN JUAN,2021-12-19,2021-12-25,2021,3,24.885714285714286,10
RIVAS,2021-12-19,2021-12-25,2021,15,26.228571428571428,4.6
ZELAYA CENTRAL,2021-12-19,2021-12-25,2021,14,23.9,31.5
BILWI,2021-12-26,2022-01-01,2021,3,25.142857142857142,69.5
BOACO,2021-12-26,2022-01-01,2021,4,23.571428571428573,3.2
CARAZO,2021-12-26,2022-01-01,2021,5,23.957142857142856,3
CHINANDEGA,2021-12-26,2022-01-01,2021,43,26.385714285714286,1.7000000000000002
CHONTALES,2021-12-26,2022-01-01,2021,13,26.02857142857143,3.1
ESTELI,2021-12-26,2022-01-01,2021,5,22.228571428571428,3.8
GRANADA,2021-12-26,2022-01-01,2021,33,26.7,4
JINOTEGA,2021-12-26,2022-01-01,2021,20,20.3,4
LEON,2021-12-26,2022-01-01,2021,61,27.957142857142856,1.7000000000000002
MADRIZ,2021-12-26,2022-01-01,2021,6,22.414285714285715,5.1000000000000005
MANAGUA,2021-12-26,2022-01-01,2021,70,27.228571428571428,3.5
MASAYA,2021-12-26,2022-01-01,2021,70,24.5,4.9
MATAGALPA,2021-12-26,2022-01-01,2021,3,22.542857142857144,3.2
NUEVA SEGOVIA,2021-12-26,2022-01-01,2021,7,23.442857142857143,2
REGION AUTONOMA DEL ATLANTICO SUR,2021-12-26,2022-01-01,2021,7,25.285714285714285,31.3
RIO SAN JUAN,2021-12-26,2022-01-01,2021,10,25,13.5
RIVAS,2021-12-26,2022-01-01,2021,20,26.557142857142857,2.3
ZELAYA CENTRAL,2021-12-26,2022-01-01,2021,9,23.771428571428572,13.7
BILWI,2022-01-02,2022-01-08,2022,17,24.214285714285715,46.699999999999996
BOACO,2022-01-02,2022-01-08,2022,12,23,4.2
CARAZO,2022-01-02,2022-01-08,2022,9,23.47142857142857,0.7
CHINANDEGA,2022-01-02,2022-01-08,2022,93,27.214285714285715,0.1
CHONTALES,2022-01-02,2022-01-08,2022,14,25.442857142857143,2
ESTELI,2022-01-02,2022-01-08,2022,10,21.928571428571427,0.5
GRANADA,2022-01-02,2022-01-08,2022,59,26.314285714285713,3.2
JINOTEGA,2022-01-02,2022-01-08,2022,38,19.742857142857144,6.6000000000000005
LEON,2022-01-02,2022-01-08,2022,77,28.4,0.2
MADRIZ,2022-01-02,2022-01-08,2022,21,22.3,3.7
MANAGUA,2022-01-02,2022-01-08,2022,86,26.957142857142856,1.7
MASAYA,2022-01-02,2022-01-08,2022,87,24.12857142857143,4.9
MATAGALPA,2022-01-02,2022-01-08,2022,6,22.042857142857144,3.9000000000000004
NUEVA SEGOVIA,2022-01-02,2022-01-08,2022,12,23.414285714285715,0.7999999999999999
REGION AUTONOMA DEL ATLANTICO SUR,2022-01-02,2022-01-08,2022,11,25.285714285714285,25.4
RIO SAN JUAN,2022-01-02,2022-01-08,2022,10,24.785714285714285,7.300000000000001
RIVAS,2022-01-02,2022-01-08,2022,29,26.32857142857143,2.5
ZELAYA CENTRAL,2022-01-02,2022-01-08,2022,24,23.4,15.4
BILWI,2022-01-09,2022-01-15,2022,3,24.285714285714285,14.6
BOACO,2022-01-09,2022-01-15,2022,16,22.885714285714286,3.2
CARAZO,2022-01-09,2022-01-15,2022,9,23.5,1.1
CHINANDEGA,2022-01-09,2022-01-15,2022,124,26.614285714285714,2.6
CHONTALES,2022-01-09,2022-01-15,2022,22,25.37142857142857,3.5
ESTELI,2022-01-09,2022-01-15,2022,10,21.714285714285715,0.6000000000000001
GRANADA,2022-01-09,2022-01-15,2022,53,26.32857142857143,2.7
JINOTEGA,2022-01-09,2022-01-15,2022,52,19.485714285714284,4.4
LEON,2022-01-09,2022-01-15,2022,137,27.985714285714288,1.7000000000000002
MADRIZ,2022-01-09,2022-01-15,2022,10,22.114285714285714,4.8999999999999995
MANAGUA,2022-01-09,2022-01-15,2022,86,26.97142857142857,2
MASAYA,2022-01-09,2022-01-15,2022,87,24.2,3.1
MATAGALPA,2022-01-09,2022-01-15,2022,17,22.057142857142857,1.7000000000000002
NUEVA SEGOVIA,2022-01-09,2022-01-15,2022,10,23.071428571428573,2.2
REGION AUTONOMA DEL ATLANTICO SUR,2022-01-09,2022-01-15,2022,16,24.7,37.9
RIO SAN JUAN,2022-01-09,2022-01-15,2022,18,24.457142857142856,11.9
RIVAS,2022-01-09,2022-01-15,2022,62,26.085714285714285,3.5
ZELAYA CENTRAL,2022-01-09,2022-01-15,2022,35,23.242857142857144,26.8
BILWI,2022-01-16,2022-01-22,2022,3,24.2,24.8
BOACO,2022-01-16,2022-01-22,2022,14,23.17142857142857,1.1
CARAZO,2022-01-16,2022-01-22,2022,11,23.6,0.4
CHINANDEGA,2022-01-16,2022-01-22,2022,108,26.728571428571428,2.2
CHONTALES,2022-01-16,2022-01-22,2022,21,25.442857142857143,0.9
ESTELI,2022-01-16,2022-01-22,2022,13,21.8,2.7
GRANADA,2022-01-16,2022-01-22,2022,75,26.385714285714286,1.5
JINOTEGA,2022-01-16,2022-01-22,2022,50,19.885714285714286,1.7000000000000002
LEON,2022-01-16,2022-01-22,2022,134,28.37142857142857,2.6
MADRIZ,2022-01-16,2022-01-22,2022,7,22.242857142857144,4.4
MANAGUA,2022-01-16,2022-01-22,2022,101,27.142857142857142,0.5
MASAYA,2022-01-16,2022-01-22,2022,92,24.214285714285715,3.1
MATAGALPA,2022-01-16,2022-01-22,2022,37,22.257142857142856,1.2
NUEVA SEGOVIA,2022-01-16,2022-01-22,2022,15,23.228571428571428,1.7
REGION AUTONOMA DEL ATLANTICO SUR,2022-01-16,2022-01-22,2022,10,24.97142857142857,23.4
RIO SAN JUAN,2022-01-16,2022-01-22,2022,7,25.042857142857144,11.200000000000001
RIVAS,2022-01-16,2022-01-22,2022,60,26.4,1.1
ZELAYA CENTRAL,2022-01-16,2022-01-22,2022,42,23.47142857142857,15.6
BILWI,2022-01-23,2022-01-29,2022,3,24.742857142857144,7.4
BOACO,2022-01-23,2022-01-29,2022,26,23.285714285714285,1.6
CARAZO,2022-01-23,2022-01-29,2022,21,23.571428571428573,1
CHINANDEGA,2022-01-23,2022-01-29,2022,133,26.9,2
CHONTALES,2022-01-23,2022-01-29,2022,28,25.742857142857144,0.9
ESTELI,2022-01-23,2022-01-29,2022,24,22.2,0.4
GRANADA,2022-01-23,2022-01-29,2022,86,26.3,4.7
JINOTEGA,2022-01-23,2022-01-29,2022,74,19.87142857142857,3.5
LEON,2022-01-23,2022-01-29,2022,214,28.1,0.5
MADRIZ,2022-01-23,2022-01-29,2022,14,22.914285714285715,1.3
MANAGUA,2022-01-23,2022-01-29,2022,99,27.17142857142857,0.30000000000000004
MASAYA,2022-01-23,2022-01-29,2022,87,24.314285714285713,1.9000000000000001
MATAGALPA,2022-01-23,2022-01-29,2022,38,22.3,1.2
NUEVA SEGOVIA,2022-01-23,2022-01-29,2022,19,23.814285714285713,0.30000000000000004
REGION AUTONOMA DEL ATLANTICO SUR,2022-01-23,2022-01-29,2022,11,24.771428571428572,30.8
RIO SAN JUAN,2022-01-23,2022-01-29,2022,19,24.62857142857143,10.7
RIVAS,2022-01-23,2022-01-29,2022,73,26.242857142857144,1.3
ZELAYA CENTRAL,2022-01-23,2022-01-29,2022,42,23.385714285714286,20
BILWI,2022-01-30,2022-02-05,2022,49,24.17142857142857,16.900000000000002
BOACO,2022-01-30,2022-02-05,2022,21,22.97142857142857,4.9
CARAZO,2022-01-30,2022-02-05,2022,13,23.42857142857143,2.1
CHINANDEGA,2022-01-30,2022-02-05,2022,140,26.728571428571428,2
CHONTALES,2022-01-30,2022-02-05,2022,15,25.285714285714285,4.4
ESTELI,2022-01-30,2022-02-05,2022,14,22.142857142857142,0.30000000000000004
GRANADA,2022-01-30,2022-02-05,2022,102,26.114285714285714,1
JINOTEGA,2022-01-30,2022-02-05,2022,59,19.67142857142857,5
LEON,2022-01-30,2022-02-05,2022,226,27.814285714285713,0.5
MADRIZ,2022-01-30,2022-02-05,2022,22,22.52857142857143,4.3
MANAGUA,2022-01-30,2022-02-05,2022,101,26.9,0.5
MASAYA,2022-01-30,2022-02-05,2022,88,24.12857142857143,3.7
MATAGALPA,2022-01-30,2022-02-05,2022,52,22.214285714285715,1.9000000000000001
NUEVA SEGOVIA,2022-01-30,2022-02-05,2022,17,23.342857142857145,2.9
REGION AUTONOMA DEL ATLANTICO SUR,2022-01-30,2022-02-05,2022,5,24.214285714285715,54.3
RIO SAN JUAN,2022-01-30,2022-02-05,2022,11,24.34285714285714,7.8
RIVAS,2022-01-30,2022-02-05,2022,85,26.02857142857143,3.9
ZELAYA CENTRAL,2022-01-30,2022-02-05,2022,31,22.728571428571428,26.2
BILWI,2022-02-06,2022-02-12,2022,38,24.52857142857143,10.8
BOACO,2022-02-06,2022-02-12,2022,14,23.685714285714287,2.6
CARAZO,2022-02-06,2022-02-12,2022,14,24.1,1.7
CHINANDEGA,2022-02-06,2022-02-12,2022,140,27.314285714285713,2.7
CHONTALES,2022-02-06,2022-02-12,2022,25,25.9,3.4
ESTELI,2022-02-06,2022-02-12,2022,23,22.585714285714285,1.7
GRANADA,2022-02-06,2022-02-12,2022,90,26.771428571428572,1.8
JINOTEGA,2022-02-06,2022-02-12,2022,50,20.242857142857144,5.8
LEON,2022-02-06,2022-02-12,2022,189,28.271428571428572,1.8
MADRIZ,2022-02-06,2022-02-12,2022,27,23.228571428571428,2.7
MANAGUA,2022-02-06,2022-02-12,2022,106,27.62857142857143,2.9
MASAYA,2022-02-06,2022-02-12,2022,88,24.814285714285713,6.5
MATAGALPA,2022-02-06,2022-02-12,2022,48,22.742857142857144,2.8000000000000003
NUEVA SEGOVIA,2022-02-06,2022-02-12,2022,15,24.02857142857143,1.3
REGION AUTONOMA DEL ATLANTICO SUR,2022-02-06,2022-02-12,2022,2,24.9,19.4
RIO SAN JUAN,2022-02-06,2022-02-12,2022,8,25,15.4
RIVAS,2022-02-06,2022-02-12,2022,71,26.614285714285714,1.7
ZELAYA CENTRAL,2022-02-06,2022-02-12,2022,35,23.557142857142857,16.4
BILWI,2022-02-13,2022-02-19,2022,32,25.414285714285715,21.4
BOACO,2022-02-13,2022-02-19,2022,16,22.985714285714284,10.799999999999999
CARAZO,2022-02-13,2022-02-19,2022,9,23.714285714285715,4.7
CHINANDEGA,2022-02-13,2022-02-19,2022,85,28.542857142857144,5
CHONTALES,2022-02-13,2022-02-19,2022,10,25.599999999999998,4.2
ESTELI,2022-02-13,2022-02-19,2022,31,21.97142857142857,1.2000000000000002
GRANADA,2022-02-13,2022-02-19,2022,79,26.585714285714285,6.3999999999999995
JINOTEGA,2022-02-13,2022-02-19,2022,44,19.614285714285714,14.399999999999999
LEON,2022-02-13,2022-02-19,2022,167,29.514285714285712,0.1
MADRIZ,2022-02-13,2022-02-19,2022,22,22.771428571428572,7.1
MANAGUA,2022-02-13,2022-02-19,2022,79,27.242857142857144,5.3
MASAYA,2022-02-13,2022-02-19,2022,87,24.514285714285716,11.1
MATAGALPA,2022-02-13,2022-02-19,2022,35,22.071428571428573,7.8
NUEVA SEGOVIA,2022-02-13,2022-02-19,2022,11,23.742857142857144,1.5
REGION AUTONOMA DEL ATLANTICO SUR,2022-02-13,2022-02-19,2022,3,25.285714285714285,35.6
RIO SAN JUAN,2022-02-13,2022-02-19,2022,10,24.785714285714285,17.9
RIVAS,2022-02-13,2022-02-19,2022,64,26.57142857142857,4
ZELAYA CENTRAL,2022-02-13,2022-02-19,2022,31,23.542857142857144,32.7
BILWI,2022-02-20,2022-02-26,2022,25,25.3,26.1
BOACO,2022-02-20,2022-02-26,2022,14,22.3,15.200000000000001
CARAZO,2022-02-20,2022-02-26,2022,6,22.97142857142857,10.7
CHINANDEGA,2022-02-20,2022-02-26,2022,72,28.97142857142857,1.4
CHONTALES,2022-02-20,2022-02-26,2022,15,25.185714285714287,4.6
ESTELI,2022-02-20,2022-02-26,2022,31,21.742857142857144,2.1
GRANADA,2022-02-20,2022-02-26,2022,57,25.942857142857143,12.5
JINOTEGA,2022-02-20,2022-02-26,2022,39,19.385714285714286,16.4
LEON,2022-02-20,2022-02-26,2022,152,28.942857142857143,2.3
MADRIZ,2022-02-20,2022-02-26,2022,10,22.414285714285715,10.200000000000001
MANAGUA,2022-02-20,2022-02-26,2022,75,26.62857142857143,9.7
MASAYA,2022-02-20,2022-02-26,2022,88,23.928571428571427,14.5
MATAGALPA,2022-02-20,2022-02-26,2022,23,21.571428571428573,15.1
NUEVA SEGOVIA,2022-02-20,2022-02-26,2022,16,23.542857142857144,2
REGION AUTONOMA DEL ATLANTICO SUR,2022-02-20,2022-02-26,2022,1,25.34285714285714,32.2
RIO SAN JUAN,2022-02-20,2022-02-26,2022,1,24.885714285714286,9.200000000000001
RIVAS,2022-02-20,2022-02-26,2022,53,26.2,6.9
ZELAYA CENTRAL,2022-02-20,2022-02-26,2022,39,23.37142857142857,32.8
BILWI,2022-02-27,2022-03-05,2022,19,24.97142857142857,5.9
BOACO,2022-02-27,2022-03-05,2022,12,23.6,1.2
CARAZO,2022-02-27,2022-03-05,2022,8,24.2,0.6
CHINANDEGA,2022-02-27,2022-03-05,2022,58,28.3,0.5
CHONTALES,2022-02-27,2022-03-05,2022,13,26.085714285714285,1.7
ESTELI,2022-02-27,2022-03-05,2022,19,22.42857142857143,0.1
GRANADA,2022-02-27,2022-03-05,2022,56,26.92857142857143,0.9
JINOTEGA,2022-02-27,2022-03-05,2022,40,20.242857142857144,1
LEON,2022-02-27,2022-03-05,2022,115,29.84285714285714,0.7999999999999999
MADRIZ,2022-02-27,2022-03-05,2022,16,23.442857142857143,0.9
MANAGUA,2022-02-27,2022-03-05,2022,62,27.87142857142857,0.8
MASAYA,2022-02-27,2022-03-05,2022,88,24.957142857142856,2.6
MATAGALPA,2022-02-27,2022-03-05,2022,24,22.957142857142856,0.4
NUEVA SEGOVIA,2022-02-27,2022-03-05,2022,14,24.142857142857142,1.6
REGION AUTONOMA DEL ATLANTICO SUR,2022-02-27,2022-03-05,2022,5,24.957142857142856,21.3
RIO SAN JUAN,2022-02-27,2022-03-05,2022,6,25.1,20.1
RIVAS,2022-02-27,2022-03-05,2022,56,26.885714285714286,0.7000000000000001
ZELAYA CENTRAL,2022-02-27,2022-03-05,2022,41,23.9,13.8
BILWI,2022-03-06,2022-03-12,2022,36,26.15714285714286,14.2
BOACO,2022-03-06,2022-03-12,2022,18,24.6,4.1
CARAZO,2022-03-06,2022-03-12,2022,7,24.928571428571427,1.3
CHINANDEGA,2022-03-06,2022-03-12,2022,76,27.7,4.9
CHONTALES,2022-03-06,2022-03-12,2022,13,27.014285714285716,4.6000000000000005
ESTELI,2022-03-06,2022-03-12,2022,14,23.82857142857143,2.8
GRANADA,2022-03-06,2022-03-12,2022,55,27.414285714285715,5.4
JINOTEGA,2022-03-06,2022-03-12,2022,26,21.37142857142857,4.2
LEON,2022-03-06,2022-03-12,2022,90,28.757142857142856,3.6999999999999997
MADRIZ,2022-03-06,2022-03-12,2022,10,24.771428571428572,4.9
MANAGUA,2022-03-06,2022-03-12,2022,74,28.385714285714286,1.3
MASAYA,2022-03-06,2022-03-12,2022,88,25.54285714285714,6.6
MATAGALPA,2022-03-06,2022-03-12,2022,32,23.742857142857144,2.7
NUEVA SEGOVIA,2022-03-06,2022-03-12,2022,23,25.642857142857142,2.9000000000000004
REGION AUTONOMA DEL ATLANTICO SUR,2022-03-06,2022-03-12,2022,13,25.742857142857144,26.5
RIO SAN JUAN,2022-03-06,2022-03-12,2022,8,25.785714285714285,9.1
RIVAS,2022-03-06,2022-03-12,2022,38,27.15714285714286,5.1
ZELAYA CENTRAL,2022-03-06,2022-03-12,2022,35,24.428571428571427,17.2
BILWI,2022-03-13,2022-03-19,2022,32,25.7,24.6
BOACO,2022-03-13,2022-03-19,2022,22,24.37142857142857,9.8
CARAZO,2022-03-13,2022-03-19,2022,6,24.885714285714286,3.6
CHINANDEGA,2022-03-13,2022-03-19,2022,58,28.7,8.4
CHONTALES,2022-03-13,2022-03-19,2022,7,26.8,10.3
ESTELI,2022-03-13,2022-03-19,2022,14,23.4,7.2
GRANADA,2022-03-13,2022-03-19,2022,57,27.514285714285716,9.5
JINOTEGA,2022-03-13,2022-03-19,2022,31,21.071428571428573,12.1
LEON,2022-03-13,2022-03-19,2022,85,30.071428571428573,5.2
MADRIZ,2022-03-13,2022-03-19,2022,15,24.3,7.7
MANAGUA,2022-03-13,2022-03-19,2022,64,28.47142857142857,3.6
MASAYA,2022-03-13,2022-03-19,2022,88,25.714285714285715,12.8
MATAGALPA,2022-03-13,2022-03-19,2022,19,23.4,8.8
NUEVA SEGOVIA,2022-03-13,2022-03-19,2022,14,25.185714285714287,4.4
REGION AUTONOMA DEL ATLANTICO SUR,2022-03-13,2022-03-19,2022,5,25.3,52
RIO SAN JUAN,2022-03-13,2022-03-19,2022,14,25.97142857142857,17
RIVAS,2022-03-13,2022-03-19,2022,37,27.385714285714286,6.4
ZELAYA CENTRAL,2022-03-13,2022-03-19,2022,36,24.17142857142857,30
BILWI,2022-03-20,2022-03-26,2022,27,26.357142857142858,12.9
BOACO,2022-03-20,2022-03-26,2022,14,24.814285714285713,0
CARAZO,2022-03-20,2022-03-26,2022,6,25.17142857142857,0
CHINANDEGA,2022-03-20,2022-03-26,2022,57,29.142857142857142,3.3000000000000003
CHONTALES,2022-03-20,2022-03-26,2022,17,27.32857142857143,1.1
ESTELI,2022-03-20,2022-03-26,2022,20,23.52857142857143,0.4
GRANADA,2022-03-20,2022-03-26,2022,61,27.914285714285715,2.5
JINOTEGA,2022-03-20,2022-03-26,2022,32,21.257142857142856,1.4
LEON,2022-03-20,2022-03-26,2022,87,30.02857142857143,0.5
MADRIZ,2022-03-20,2022-03-26,2022,7,24.34285714285714,2.8000000000000003
MANAGUA,2022-03-20,2022-03-26,2022,75,28.8,0.1
MASAYA,2022-03-20,2022-03-26,2022,88,26.1,2.9
MATAGALPA,2022-03-20,2022-03-26,2022,18,23.585714285714285,0.4
NUEVA SEGOVIA,2022-03-20,2022-03-26,2022,12,25.314285714285713,0.7
REGION AUTONOMA DEL ATLANTICO SUR,2022-03-20,2022-03-26,2022,7,26.142857142857142,21.4
RIO SAN JUAN,2022-03-20,2022-03-26,2022,10,26.15714285714286,9.3
RIVAS,2022-03-20,2022-03-26,2022,36,27.82857142857143,0.2
ZELAYA CENTRAL,2022-03-20,2022-03-26,2022,33,24.757142857142856,14.1
BILWI,2022-03-27,2022-04-02,2022,38,26.357142857142858,16.7
BOACO,2022-03-27,2022-04-02,2022,12,25.014285714285716,4.3
CARAZO,2022-03-27,2022-04-02,2022,5,25.314285714285713,0.8
CHINANDEGA,2022-03-27,2022-04-02,2022,49,28.614285714285714,4.1
CHONTALES,2022-03-27,2022-04-02,2022,14,27.428571428571427,9.4
ESTELI,2022-03-27,2022-04-02,2022,17,23.857142857142858,3.8000000000000003
GRANADA,2022-03-27,2022-04-02,2022,50,27.942857142857143,2.3
JINOTEGA,2022-03-27,2022-04-02,2022,30,21.585714285714285,2.9
LEON,2022-03-27,2022-04-02,2022,44,29.9,1
MADRIZ,2022-03-27,2022-04-02,2022,14,24.54285714285714,4.4
MANAGUA,2022-03-27,2022-04-02,2022,64,28.82857142857143,1.1
MASAYA,2022-03-27,2022-04-02,2022,88,26.114285714285714,4.2
MATAGALPA,2022-03-27,2022-04-02,2022,15,23.84285714285714,5.4
NUEVA SEGOVIA,2022-03-27,2022-04-02,2022,17,25.65714285714286,2.7
REGION AUTONOMA DEL ATLANTICO SUR,2022-03-27,2022-04-02,2022,5,26.47142857142857,16.900000000000002
RIO SAN JUAN,2022-03-27,2022-04-02,2022,10,26.728571428571428,4.9
RIVAS,2022-03-27,2022-04-02,2022,32,28.057142857142857,2.9
ZELAYA CENTRAL,2022-03-27,2022-04-02,2022,31,25.17142857142857,7.9
BILWI,2022-04-03,2022-04-09,2022,24,27.32857142857143,5.4
BOACO,2022-04-03,2022-04-09,2022,11,26.142857142857142,4.2
CARAZO,2022-04-03,2022-04-09,2022,4,26.085714285714285,0.8
CHINANDEGA,2022-04-03,2022-04-09,2022,59,28.32857142857143,16.5
CHONTALES,2022-04-03,2022-04-09,2022,16,28.214285714285715,9.7
ESTELI,2022-04-03,2022-04-09,2022,14,24.728571428571428,7.7
GRANADA,2022-04-03,2022-04-09,2022,40,28.542857142857144,7.5
JINOTEGA,2022-04-03,2022-04-09,2022,24,23.12857142857143,1.8
LEON,2022-04-03,2022-04-09,2022,83,29.542857142857144,4.6
MADRIZ,2022-04-03,2022-04-09,2022,15,25.87142857142857,6.6000000000000005
MANAGUA,2022-04-03,2022-04-09,2022,69,29.54285714285714,3.3
MASAYA,2022-04-03,2022-04-09,2022,88,26.8,4.8
MATAGALPA,2022-04-03,2022-04-09,2022,30,25.185714285714287,3.4000000000000004
NUEVA SEGOVIA,2022-04-03,2022-04-09,2022,27,27.228571428571428,5
REGION AUTONOMA DEL ATLANTICO SUR,2022-04-03,2022-04-09,2022,6,26.7,22.4
RIO SAN JUAN,2022-04-03,2022-04-09,2022,28,27.02857142857143,17.5
RIVAS,2022-04-03,2022-04-09,2022,39,28.47142857142857,6.3
ZELAYA CENTRAL,2022-04-03,2022-04-09,2022,34,26.057142857142857,12.3
BILWI,2022-04-10,2022-04-16,2022,39,26.942857142857143,13.5
BOACO,2022-04-10,2022-04-16,2022,10,25.87142857142857,1.2999999999999998
CARAZO,2022-04-10,2022-04-16,2022,4,25.714285714285715,1.1
CHINANDEGA,2022-04-10,2022-04-16,2022,61,29.357142857142858,7.7
CHONTALES,2022-04-10,2022-04-16,2022,6,28.285714285714285,3.1999999999999997
ESTELI,2022-04-10,2022-04-16,2022,11,23.942857142857143,2.3000000000000003
GRANADA,2022-04-10,2022-04-16,2022,27,28.52857142857143,5
JINOTEGA,2022-04-10,2022-04-16,2022,27,22.057142857142857,2.9
LEON,2022-04-10,2022-04-16,2022,47,30.442857142857143,1.5
MADRIZ,2022-04-10,2022-04-16,2022,6,24.757142857142856,4.1
MANAGUA,2022-04-10,2022-04-16,2022,50,29.485714285714284,0.7
MASAYA,2022-04-10,2022-04-16,2022,84,26.685714285714283,4.2
MATAGALPA,2022-04-10,2022-04-16,2022,8,24.32857142857143,1.6
NUEVA SEGOVIA,2022-04-10,2022-04-16,2022,7,25.814285714285713,0.8
REGION AUTONOMA DEL ATLANTICO SUR,2022-04-10,2022-04-16,2022,4,26.62857142857143,17.6
RIO SAN JUAN,2022-04-10,2022-04-16,2022,10,26.97142857142857,8.7
RIVAS,2022-04-10,2022-04-16,2022,24,28.442857142857143,2
ZELAYA CENTRAL,2022-04-10,2022-04-16,2022,11,25.67142857142857,13.5
BILWI,2022-04-17,2022-04-23,2022,33,26.257142857142856,27.1
BOACO,2022-04-17,2022-04-23,2022,12,25.814285714285713,15.5
CARAZO,2022-04-17,2022-04-23,2022,3,25.214285714285715,46.199999999999996
CHINANDEGA,2022-04-17,2022-04-23,2022,76,27.32857142857143,65.2
CHONTALES,2022-04-17,2022-04-23,2022,11,27.914285714285715,19.3
ESTELI,2022-04-17,2022-04-23,2022,12,23.685714285714287,41.699999999999996
GRANADA,2022-04-17,2022-04-23,2022,54,27.5,89.9
JINOTEGA,2022-04-17,2022-04-23,2022,36,22.5,20.4
LEON,2022-04-17,2022-04-23,2022,83,27.685714285714287,56.5
MADRIZ,2022-04-17,2022-04-23,2022,11,24.314285714285713,44.1
MANAGUA,2022-04-17,2022-04-23,2022,63,28.228571428571428,30
MASAYA,2022-04-17,2022-04-23,2022,80,25.728571428571428,42.8
MATAGALPA,2022-04-17,2022-04-23,2022,13,24.771428571428572,23.2
NUEVA SEGOVIA,2022-04-17,2022-04-23,2022,19,25.228571428571428,45.7
REGION AUTONOMA DEL ATLANTICO SUR,2022-04-17,2022-04-23,2022,8,26.02857142857143,40.2
RIO SAN JUAN,2022-04-17,2022-04-23,2022,28,26.757142857142856,49.5
RIVAS,2022-04-17,2022-04-23,2022,41,27.142857142857142,54.3
ZELAYA CENTRAL,2022-04-17,2022-04-23,2022,31,25.37142857142857,36.5
BILWI,2022-04-24,2022-04-30,2022,15,25.97142857142857,52.2
BOACO,2022-04-24,2022-04-30,2022,8,24.8,25.8
CARAZO,2022-04-24,2022-04-30,2022,3,24.5,34.2
CHINANDEGA,2022-04-24,2022-04-30,2022,83,26.885714285714286,68.7
CHONTALES,2022-04-24,2022-04-30,2022,8,26.485714285714284,51.3
ESTELI,2022-04-24,2022-04-30,2022,18,22.52857142857143,69.8
GRANADA,2022-04-24,2022-04-30,2022,50,26.885714285714286,54.2
JINOTEGA,2022-04-24,2022-04-30,2022,34,21.37142857142857,29.1
LEON,2022-04-24,2022-04-30,2022,70,27.5,51
MADRIZ,2022-04-24,2022-04-30,2022,5,23.15714285714286,31.1
MANAGUA,2022-04-24,2022-04-30,2022,67,27.114285714285714,28.9
MASAYA,2022-04-24,2022-04-30,2022,84,25.014285714285716,33.2
MATAGALPA,2022-04-24,2022-04-30,2022,20,23.42857142857143,57.7
NUEVA SEGOVIA,2022-04-24,2022-04-30,2022,22,23.62857142857143,53.9
REGION AUTONOMA DEL ATLANTICO SUR,2022-04-24,2022-04-30,2022,12,25.8,87
RIO SAN JUAN,2022-04-24,2022-04-30,2022,9,25.285714285714285,61.300000000000004
RIVAS,2022-04-24,2022-04-30,2022,53,26.557142857142857,43.2
ZELAYA CENTRAL,2022-04-24,2022-04-30,2022,36,24.82857142857143,54.1
BILWI,2022-05-01,2022-05-07,2022,14,26.542857142857144,60.9
BOACO,2022-05-01,2022-05-07,2022,17,25.314285714285713,42
CARAZO,2022-05-01,2022-05-07,2022,12,24.7,47.300000000000004
CHINANDEGA,2022-05-01,2022-05-07,2022,79,26.9,83.2
CHONTALES,2022-05-01,2022-05-07,2022,19,27.057142857142857,76.8
ESTELI,2022-05-01,2022-05-07,2022,12,23.2,48
GRANADA,2022-05-01,2022-05-07,2022,58,27.114285714285714,81.9
JINOTEGA,2022-05-01,2022-05-07,2022,53,22.071428571428573,61.5
LEON,2022-05-01,2022-05-07,2022,93,27.271428571428572,69.1
MADRIZ,2022-05-01,2022-05-07,2022,7,23.771428571428572,48.5
MANAGUA,2022-05-01,2022-05-07,2022,81,27.557142857142857,46.7
MASAYA,2022-05-01,2022-05-07,2022,94,25.414285714285715,48.5
MATAGALPA,2022-05-01,2022-05-07,2022,27,23.985714285714288,48.4
NUEVA SEGOVIA,2022-05-01,2022-05-07,2022,23,24.314285714285713,35.300000000000004
REGION AUTONOMA DEL ATLANTICO SUR,2022-05-01,2022-05-07,2022,11,26.17142857142857,58.5
RIO SAN JUAN,2022-05-01,2022-05-07,2022,12,26.057142857142857,73.5
RIVAS,2022-05-01,2022-05-07,2022,33,26.8,68.2
ZELAYA CENTRAL,2022-05-01,2022-05-07,2022,34,25.442857142857143,51.7
BILWI,2022-05-08,2022-05-14,2022,11,26.17142857142857,36.7
BOACO,2022-05-08,2022-05-14,2022,10,26.114285714285714,11.3
CARAZO,2022-05-08,2022-05-14,2022,10,25.34285714285714,22.099999999999998
CHINANDEGA,2022-05-08,2022-05-14,2022,121,27,81.7
CHONTALES,2022-05-08,2022-05-14,2022,9,27.5,15.5
ESTELI,2022-05-08,2022-05-14,2022,33,23.414285714285715,21.4
GRANADA,2022-05-08,2022-05-14,2022,78,27.728571428571428,41.5
JINOTEGA,2022-05-08,2022-05-14,2022,52,22.442857142857143,8.8
LEON,2022-05-08,2022-05-14,2022,126,27.185714285714287,65.2
MADRIZ,2022-05-08,2022-05-14,2022,7,24.21428571428571,26.599999999999998
MANAGUA,2022-05-08,2022-05-14,2022,79,28,38.6
MASAYA,2022-05-08,2022-05-14,2022,94,25.985714285714288,25.700000000000003
MATAGALPA,2022-05-08,2022-05-14,2022,18,24.957142857142856,14.1
NUEVA SEGOVIA,2022-05-08,2022-05-14,2022,54,25.071428571428573,12.700000000000001
REGION AUTONOMA DEL ATLANTICO SUR,2022-05-08,2022-05-14,2022,23,26.428571428571427,51.8
RIO SAN JUAN,2022-05-08,2022-05-14,2022,22,26.728571428571428,68.1
RIVAS,2022-05-08,2022-05-14,2022,74,27.3,33.6
ZELAYA CENTRAL,2022-05-08,2022-05-14,2022,40,25.985714285714284,35.5
BILWI,2022-05-15,2022-05-21,2022,17,25.67142857142857,96.7
BOACO,2022-05-15,2022-05-21,2022,27,24.757142857142856,110.5
CARAZO,2022-05-15,2022-05-21,2022,16,24.17142857142857,64.4
CHINANDEGA,2022-05-15,2022-05-21,2022,127,26.242857142857144,148.6
CHONTALES,2022-05-15,2022-05-21,2022,19,26.285714285714285,73.5
ESTELI,2022-05-15,2022-05-21,2022,39,23.15714285714286,103.7
GRANADA,2022-05-15,2022-05-21,2022,73,26.62857142857143,108.7
JINOTEGA,2022-05-15,2022-05-21,2022,59,21.857142857142858,92.39999999999999
LEON,2022-05-15,2022-05-21,2022,126,26.442857142857143,133.9
MADRIZ,2022-05-15,2022-05-21,2022,13,23.67142857142857,133.4
MANAGUA,2022-05-15,2022-05-21,2022,77,26.82857142857143,147.9
MASAYA,2022-05-15,2022-05-21,2022,98,24.8,77.6
MATAGALPA,2022-05-15,2022-05-21,2022,10,23.571428571428573,105.3
NUEVA SEGOVIA,2022-05-15,2022-05-21,2022,56,24.5,100.9
REGION AUTONOMA DEL ATLANTICO SUR,2022-05-15,2022-05-21,2022,27,25.514285714285716,124.1
RIO SAN JUAN,2022-05-15,2022-05-21,2022,15,25.599999999999998,91.6
RIVAS,2022-05-15,2022-05-21,2022,76,26.414285714285715,86.6
ZELAYA CENTRAL,2022-05-15,2022-05-21,2022,38,24.814285714285713,72.7
BILWI,2022-05-22,2022-05-28,2022,13,26.185714285714287,50.8
BOACO,2022-05-22,2022-05-28,2022,15,23.714285714285715,96.5
CARAZO,2022-05-22,2022-05-28,2022,7,23.6,73.2
CHINANDEGA,2022-05-22,2022-05-28,2022,116,25.457142857142856,183.9
CHONTALES,2022-05-22,2022-05-28,2022,19,25.457142857142856,71.4
ESTELI,2022-05-22,2022-05-28,2022,49,22.214285714285715,83.6
GRANADA,2022-05-22,2022-05-28,2022,60,26.085714285714285,137.29999999999998
JINOTEGA,2022-05-22,2022-05-28,2022,52,21.257142857142856,83.7
LEON,2022-05-22,2022-05-28,2022,150,25.957142857142856,138.9
MADRIZ,2022-05-22,2022-05-28,2022,10,22.34285714285714,121.5
MANAGUA,2022-05-22,2022-05-28,2022,87,26.071428571428573,98.6
MASAYA,2022-05-22,2022-05-28,2022,101,24.142857142857142,103
MATAGALPA,2022-05-22,2022-05-28,2022,20,22.82857142857143,65.1
NUEVA SEGOVIA,2022-05-22,2022-05-28,2022,41,22.814285714285713,110.8
REGION AUTONOMA DEL ATLANTICO SUR,2022-05-22,2022-05-28,2022,18,25.885714285714286,83.2
RIO SAN JUAN,2022-05-22,2022-05-28,2022,19,25.67142857142857,71.1
RIVAS,2022-05-22,2022-05-28,2022,62,26,101.5
ZELAYA CENTRAL,2022-05-22,2022-05-28,2022,21,24.97142857142857,77.3
BILWI,2022-05-29,2022-06-04,2022,21,26.257142857142856,102.2
BOACO,2022-05-29,2022-06-04,2022,41,23.385714285714286,96.2
CARAZO,2022-05-29,2022-06-04,2022,7,23.057142857142857,90.9
CHINANDEGA,2022-05-29,2022-06-04,2022,107,25.314285714285713,95.3
CHONTALES,2022-05-29,2022-06-04,2022,18,24.914285714285715,153.2
ESTELI,2022-05-29,2022-06-04,2022,32,21.47142857142857,83.2
GRANADA,2022-05-29,2022-06-04,2022,61,25.97142857142857,105.4
JINOTEGA,2022-05-29,2022-06-04,2022,60,21.085714285714285,51
LEON,2022-05-29,2022-06-04,2022,163,25.414285714285715,121.7
MADRIZ,2022-05-29,2022-06-04,2022,7,23.02857142857143,53.9
MANAGUA,2022-05-29,2022-06-04,2022,134,25.885714285714286,74.3
MASAYA,2022-05-29,2022-06-04,2022,99,24.271428571428572,95.10000000000001
MATAGALPA,2022-05-29,2022-06-04,2022,40,22.84285714285714,71.2
NUEVA SEGOVIA,2022-05-29,2022-06-04,2022,53,23.34285714285714,67.5
REGION AUTONOMA DEL ATLANTICO SUR,2022-05-29,2022-06-04,2022,25,25.757142857142856,102.2
RIO SAN JUAN,2022-05-29,2022-06-04,2022,16,25.585714285714285,177.8
RIVAS,2022-05-29,2022-06-04,2022,49,25.385714285714286,133.2
ZELAYA CENTRAL,2022-05-29,2022-06-04,2022,22,25.085714285714285,110.4
BILWI,2022-06-05,2022-06-11,2022,24,25.62857142857143,114.8
BOACO,2022-06-05,2022-06-11,2022,44,23.17142857142857,84.4
CARAZO,2022-06-05,2022-06-11,2022,14,22.771428571428572,99
CHINANDEGA,2022-06-05,2022-06-11,2022,155,25.02857142857143,193.1
CHONTALES,2022-06-05,2022-06-11,2022,26,24.728571428571428,101.4
ESTELI,2022-06-05,2022-06-11,2022,47,21.914285714285715,102
GRANADA,2022-06-05,2022-06-11,2022,91,25.67142857142857,113.2
JINOTEGA,2022-06-05,2022-06-11,2022,90,20.857142857142858,56.1
LEON,2022-06-05,2022-06-11,2022,203,25.414285714285715,123.39999999999999
MADRIZ,2022-06-05,2022-06-11,2022,12,22.442857142857143,68
MANAGUA,2022-06-05,2022-06-11,2022,148,25.57142857142857,81.4
MASAYA,2022-06-05,2022-06-11,2022,108,23.771428571428572,86.2
MATAGALPA,2022-06-05,2022-06-11,2022,74,22.485714285714288,51.9
NUEVA SEGOVIA,2022-06-05,2022-06-11,2022,76,22.914285714285715,63.5
REGION AUTONOMA DEL ATLANTICO SUR,2022-06-05,2022-06-11,2022,39,25.32857142857143,117.8
RIO SAN JUAN,2022-06-05,2022-06-11,2022,42,24.87142857142857,156.1
RIVAS,2022-06-05,2022-06-11,2022,87,25.2,145.6
ZELAYA CENTRAL,2022-06-05,2022-06-11,2022,42,24.47142857142857,132.6
BILWI,2022-06-12,2022-06-18,2022,25,25.142857142857142,132.5
BOACO,2022-06-12,2022-06-18,2022,82,22.5,126.3
CARAZO,2022-06-12,2022-06-18,2022,19,22.3,147.20000000000002
CHINANDEGA,2022-06-12,2022-06-18,2022,132,25.057142857142857,154
CHONTALES,2022-06-12,2022-06-18,2022,50,24.2,159.8
ESTELI,2022-06-12,2022-06-18,2022,54,21.485714285714284,110.2
GRANADA,2022-06-12,2022-06-18,2022,119,25.114285714285714,235.5
JINOTEGA,2022-06-12,2022-06-18,2022,81,20.142857142857142,138
LEON,2022-06-12,2022-06-18,2022,298,25.228571428571428,162.9
MADRIZ,2022-06-12,2022-06-18,2022,16,21.571428571428573,93.5
MANAGUA,2022-06-12,2022-06-18,2022,203,25.12857142857143,137
MASAYA,2022-06-12,2022-06-18,2022,118,23.285714285714285,140.9
MATAGALPA,2022-06-12,2022-06-18,2022,59,21.771428571428572,111.80000000000001
NUEVA SEGOVIA,2022-06-12,2022-06-18,2022,59,22.085714285714285,90.3
REGION AUTONOMA DEL ATLANTICO SUR,2022-06-12,2022-06-18,2022,25,24.414285714285715,206.5
RIO SAN JUAN,2022-06-12,2022-06-18,2022,40,24.585714285714285,190.2
RIVAS,2022-06-12,2022-06-18,2022,92,24.67142857142857,192.8
ZELAYA CENTRAL,2022-06-12,2022-06-18,2022,44,23.62857142857143,205.5
BILWI,2022-06-19,2022-06-25,2022,33,25.414285714285715,108
BOACO,2022-06-19,2022-06-25,2022,43,22.97142857142857,37.9
CARAZO,2022-06-19,2022-06-25,2022,34,22.714285714285715,94.5
CHINANDEGA,2022-06-19,2022-06-25,2022,171,25.571428571428573,150.1
CHONTALES,2022-06-19,2022-06-25,2022,46,24.7,79
ESTELI,2022-06-19,2022-06-25,2022,52,21.87142857142857,62.2
GRANADA,2022-06-19,2022-06-25,2022,175,25.442857142857143,135.2
JINOTEGA,2022-06-19,2022-06-25,2022,61,20.52857142857143,49.2
LEON,2022-06-19,2022-06-25,2022,294,25.942857142857143,105.60000000000001
MADRIZ,2022-06-19,2022-06-25,2022,27,22.057142857142857,48.8
MANAGUA,2022-06-19,2022-06-25,2022,237,25.5,94.8
MASAYA,2022-06-19,2022-06-25,2022,109,23.42857142857143,114.1
MATAGALPA,2022-06-19,2022-06-25,2022,97,22.314285714285713,41.7
NUEVA SEGOVIA,2022-06-19,2022-06-25,2022,100,22.62857142857143,34.7
REGION AUTONOMA DEL ATLANTICO SUR,2022-06-19,2022-06-25,2022,35,24.542857142857144,167.2
RIO SAN JUAN,2022-06-19,2022-06-25,2022,39,24.185714285714287,179.6
RIVAS,2022-06-19,2022-06-25,2022,110,25.114285714285714,136.2
ZELAYA CENTRAL,2022-06-19,2022-06-25,2022,40,23.557142857142857,120.7
BILWI,2022-06-26,2022-07-02,2022,54,26.357142857142858,71.2
BOACO,2022-06-26,2022-07-02,2022,46,23.4,31
CARAZO,2022-06-26,2022-07-02,2022,33,23.242857142857144,79.2
CHINANDEGA,2022-06-26,2022-07-02,2022,167,26.62857142857143,49.7
CHONTALES,2022-06-26,2022-07-02,2022,41,25.15714285714286,66.4
ESTELI,2022-06-26,2022-07-02,2022,77,22.271428571428572,22.2
GRANADA,2022-06-26,2022-07-02,2022,201,25.985714285714284,111.10000000000001
JINOTEGA,2022-06-26,2022-07-02,2022,74,20.614285714285714,33.8
LEON,2022-06-26,2022-07-02,2022,309,27.085714285714285,37.3
MADRIZ,2022-06-26,2022-07-02,2022,20,22.642857142857142,38
MANAGUA,2022-06-26,2022-07-02,2022,297,26.185714285714287,51
MASAYA,2022-06-26,2022-07-02,2022,113,24,90.3
MATAGALPA,2022-06-26,2022-07-02,2022,178,22.728571428571428,31
NUEVA SEGOVIA,2022-06-26,2022-07-02,2022,85,23.614285714285714,13.299999999999999
REGION AUTONOMA DEL ATLANTICO SUR,2022-06-26,2022-07-02,2022,21,25.1,184.3
RIO SAN JUAN,2022-06-26,2022-07-02,2022,27,24.428571428571427,220.8
RIVAS,2022-06-26,2022-07-02,2022,88,25.37142857142857,117.19999999999999
ZELAYA CENTRAL,2022-06-26,2022-07-02,2022,54,24.1,152.2
BILWI,2022-07-03,2022-07-09,2022,30,26.857142857142858,38.7
BOACO,2022-07-03,2022-07-09,2022,39,24.02857142857143,10.899999999999999
CARAZO,2022-07-03,2022-07-09,2022,59,23.8,17.9
CHINANDEGA,2022-07-03,2022-07-09,2022,211,26.885714285714286,49.8
CHONTALES,2022-07-03,2022-07-09,2022,37,25.957142857142856,12.7
ESTELI,2022-07-03,2022-07-09,2022,80,22.914285714285715,15.6
GRANADA,2022-07-03,2022-07-09,2022,164,26.642857142857142,45.199999999999996
JINOTEGA,2022-07-03,2022-07-09,2022,61,21.142857142857142,18.400000000000002
LEON,2022-07-03,2022-07-09,2022,226,27.557142857142857,20.8
MADRIZ,2022-07-03,2022-07-09,2022,15,22.97142857142857,28.299999999999997
MANAGUA,2022-07-03,2022-07-09,2022,370,26.785714285714285,21.3
MASAYA,2022-07-03,2022-07-09,2022,116,24.542857142857144,54.4
MATAGALPA,2022-07-03,2022-07-09,2022,172,23.17142857142857,13.700000000000001
NUEVA SEGOVIA,2022-07-03,2022-07-09,2022,86,23.82857142857143,8.9
REGION AUTONOMA DEL ATLANTICO SUR,2022-07-03,2022-07-09,2022,12,25.742857142857144,96.8
RIO SAN JUAN,2022-07-03,2022-07-09,2022,38,25.085714285714285,59.7
RIVAS,2022-07-03,2022-07-09,2022,105,26.142857142857142,35.2
ZELAYA CENTRAL,2022-07-03,2022-07-09,2022,40,24.47142857142857,89.6
BILWI,2022-07-10,2022-07-16,2022,35,26.357142857142858,91.7
BOACO,2022-07-10,2022-07-16,2022,33,23.87142857142857,13.8
CARAZO,2022-07-10,2022-07-16,2022,58,23.571428571428573,17
CHINANDEGA,2022-07-10,2022-07-16,2022,141,26.814285714285713,75.5
CHONTALES,2022-07-10,2022-07-16,2022,28,25.65714285714286,20.6
ESTELI,2022-07-10,2022-07-16,2022,52,23.042857142857144,24.2
GRANADA,2022-07-10,2022-07-16,2022,116,26.357142857142858,58.3
JINOTEGA,2022-07-10,2022-07-16,2022,57,21.17142857142857,16.9
LEON,2022-07-10,2022-07-16,2022,242,27.728571428571428,25.8
MADRIZ,2022-07-10,2022-07-16,2022,25,23.02857142857143,22.5
MANAGUA,2022-07-10,2022-07-16,2022,441,26.67142857142857,14.3
MASAYA,2022-07-10,2022-07-16,2022,157,24.4,50.9
MATAGALPA,2022-07-10,2022-07-16,2022,145,23.057142857142857,14.6
NUEVA SEGOVIA,2022-07-10,2022-07-16,2022,94,24.1,9.9
REGION AUTONOMA DEL ATLANTICO SUR,2022-07-10,2022-07-16,2022,52,25.47142857142857,96.5
RIO SAN JUAN,2022-07-10,2022-07-16,2022,18,25.014285714285712,108.2
RIVAS,2022-07-10,2022-07-16,2022,94,26.014285714285712,54.1
ZELAYA CENTRAL,2022-07-10,2022-07-16,2022,52,24.385714285714286,79.5
BILWI,2022-07-17,2022-07-23,2022,38,26.67142857142857,64.1
BOACO,2022-07-17,2022-07-23,2022,46,24.071428571428573,12.799999999999999
CARAZO,2022-07-17,2022-07-23,2022,73,23.82857142857143,26.4
CHINANDEGA,2022-07-17,2022-07-23,2022,140,27.2,86.7
CHONTALES,2022-07-17,2022-07-23,2022,25,26.085714285714285,13.200000000000001
ESTELI,2022-07-17,2022-07-23,2022,63,23.228571428571428,28.1
GRANADA,2022-07-17,2022-07-23,2022,149,26.771428571428572,42.8
JINOTEGA,2022-07-17,2022-07-23,2022,66,21.228571428571428,21
LEON,2022-07-17,2022-07-23,2022,250,28.07142857142857,48.699999999999996
MADRIZ,2022-07-17,2022-07-23,2022,17,23.085714285714285,28.3
MANAGUA,2022-07-17,2022-07-23,2022,529,27,25.2
MASAYA,2022-07-17,2022-07-23,2022,155,24.67142857142857,36.3
MATAGALPA,2022-07-17,2022-07-23,2022,112,23.257142857142856,13.5
NUEVA SEGOVIA,2022-07-17,2022-07-23,2022,88,24.385714285714286,12.5
REGION AUTONOMA DEL ATLANTICO SUR,2022-07-17,2022-07-23,2022,47,25.84285714285714,107.1
RIO SAN JUAN,2022-07-17,2022-07-23,2022,38,25.514285714285716,66.9
RIVAS,2022-07-17,2022-07-23,2022,72,26.114285714285714,44.4
ZELAYA CENTRAL,2022-07-17,2022-07-23,2022,38,24.714285714285715,78
BILWI,2022-07-24,2022-07-30,2022,115,26.242857142857144,65.3
BOACO,2022-07-24,2022-07-30,2022,38,23.957142857142856,18.3
CARAZO,2022-07-24,2022-07-30,2022,78,23.614285714285714,33.5
CHINANDEGA,2022-07-24,2022-07-30,2022,165,26.52857142857143,74.6
CHONTALES,2022-07-24,2022-07-30,2022,43,25.757142857142856,27.3
ESTELI,2022-07-24,2022-07-30,2022,89,22.585714285714285,33.7
GRANADA,2022-07-24,2022-07-30,2022,167,26.4,76.2
JINOTEGA,2022-07-24,2022-07-30,2022,154,21.085714285714285,13.4
LEON,2022-07-24,2022-07-30,2022,343,27.485714285714288,44.2
MADRIZ,2022-07-24,2022-07-30,2022,17,22.82857142857143,39.8
MANAGUA,2022-07-24,2022-07-30,2022,753,26.557142857142857,46.7
MASAYA,2022-07-24,2022-07-30,2022,203,24.32857142857143,69.8
MATAGALPA,2022-07-24,2022-07-30,2022,195,22.928571428571427,13.2
NUEVA SEGOVIA,2022-07-24,2022-07-30,2022,123,24,9.700000000000001
REGION AUTONOMA DEL ATLANTICO SUR,2022-07-24,2022-07-30,2022,29,25.514285714285716,89.1
RIO SAN JUAN,2022-07-24,2022-07-30,2022,56,25.614285714285714,54.6
RIVAS,2022-07-24,2022-07-30,2022,125,25.985714285714288,67.7
ZELAYA CENTRAL,2022-07-24,2022-07-30,2022,64,24.5,57.1
BILWI,2022-07-31,2022-08-06,2022,194,25.857142857142858,129.3
BOACO,2022-07-31,2022-08-06,2022,38,23.15714285714286,35.699999999999996
CARAZO,2022-07-31,2022-08-06,2022,78,22.914285714285715,56.9
CHINANDEGA,2022-07-31,2022-08-06,2022,214,27.014285714285716,55
CHONTALES,2022-07-31,2022-08-06,2022,52,25.02857142857143,51.7
ESTELI,2022-07-31,2022-08-06,2022,86,22.514285714285712,12.1
GRANADA,2022-07-31,2022-08-06,2022,183,25.785714285714285,82.5
JINOTEGA,2022-07-31,2022-08-06,2022,159,20.385714285714286,38.2
LEON,2022-07-31,2022-08-06,2022,369,27.65714285714286,26.1
MADRIZ,2022-07-31,2022-08-06,2022,37,22.442857142857143,29
MANAGUA,2022-07-31,2022-08-06,2022,701,26.099999999999998,47.2
MASAYA,2022-07-31,2022-08-06,2022,241,23.7,94.2
MATAGALPA,2022-07-31,2022-08-06,2022,224,22.485714285714284,23.6
NUEVA SEGOVIA,2022-07-31,2022-08-06,2022,111,23.614285714285714,14.8
REGION AUTONOMA DEL ATLANTICO SUR,2022-07-31,2022-08-06,2022,15,24.6,207.5
RIO SAN JUAN,2022-07-31,2022-08-06,2022,47,24.285714285714285,154
RIVAS,2022-07-31,2022-08-06,2022,148,25.32857142857143,91.5
ZELAYA CENTRAL,2022-07-31,2022-08-06,2022,69,23.52857142857143,204.9
BILWI,2022-08-07,2022-08-13,2022,148,25.5,95
BOACO,2022-08-07,2022-08-13,2022,63,23.685714285714287,33.9
CARAZO,2022-08-07,2022-08-13,2022,65,23.37142857142857,41.5
CHINANDEGA,2022-08-07,2022-08-13,2022,202,26.4,104.2
CHONTALES,2022-08-07,2022-08-13,2022,48,25.242857142857144,78
ESTELI,2022-08-07,2022-08-13,2022,103,22.742857142857144,50.1
GRANADA,2022-08-07,2022-08-13,2022,198,25.87142857142857,107.7
JINOTEGA,2022-08-07,2022-08-13,2022,157,20.985714285714288,43.2
LEON,2022-08-07,2022-08-13,2022,421,27.17142857142857,73.9
MADRIZ,2022-08-07,2022-08-13,2022,29,22.714285714285715,70.60000000000001
MANAGUA,2022-08-07,2022-08-13,2022,733,26.17142857142857,59.5
MASAYA,2022-08-07,2022-08-13,2022,234,23.97142857142857,100.5
MATAGALPA,2022-08-07,2022-08-13,2022,195,23,31.2
NUEVA SEGOVIA,2022-08-07,2022-08-13,2022,93,23.8,26.4
REGION AUTONOMA DEL ATLANTICO SUR,2022-08-07,2022-08-13,2022,25,25.15714285714286,153.6
RIO SAN JUAN,2022-08-07,2022-08-13,2022,52,24.885714285714286,146.2
RIVAS,2022-08-07,2022-08-13,2022,135,25.62857142857143,59
ZELAYA CENTRAL,2022-08-07,2022-08-13,2022,68,24.114285714285714,148.6
BILWI,2022-08-14,2022-08-20,2022,120,26.357142857142858,57.5
BOACO,2022-08-14,2022-08-20,2022,92,24.12857142857143,25.7
CARAZO,2022-08-14,2022-08-20,2022,105,23.885714285714286,39.5
CHINANDEGA,2022-08-14,2022-08-20,2022,299,26.114285714285714,79.6
CHONTALES,2022-08-14,2022-08-20,2022,56,25.757142857142856,32.7
ESTELI,2022-08-14,2022-08-20,2022,119,22.67142857142857,40.6
GRANADA,2022-08-14,2022-08-20,2022,361,26.614285714285714,71.5
JINOTEGA,2022-08-14,2022-08-20,2022,209,21.47142857142857,25.3
LEON,2022-08-14,2022-08-20,2022,423,26.8,63.8
MADRIZ,2022-08-14,2022-08-20,2022,31,22.9,41.8
MANAGUA,2022-08-14,2022-08-20,2022,931,26.62857142857143,58.6
MASAYA,2022-08-14,2022-08-20,2022,266,24.514285714285712,55.8
MATAGALPA,2022-08-14,2022-08-20,2022,226,23.071428571428573,24.3
NUEVA SEGOVIA,2022-08-14,2022-08-20,2022,106,23.84285714285714,24.900000000000002
REGION AUTONOMA DEL ATLANTICO SUR,2022-08-14,2022-08-20,2022,39,26.37142857142857,54
RIO SAN JUAN,2022-08-14,2022-08-20,2022,71,25.957142857142856,41.5
RIVAS,2022-08-14,2022-08-20,2022,132,26.228571428571428,49.1
ZELAYA CENTRAL,2022-08-14,2022-08-20,2022,61,25.37142857142857,46.8
BILWI,2022-08-21,2022-08-27,2022,107,26.014285714285712,43
BOACO,2022-08-21,2022-08-27,2022,93,24.214285714285715,32.4
CARAZO,2022-08-21,2022-08-27,2022,186,23.742857142857144,39.8
CHINANDEGA,2022-08-21,2022-08-27,2022,252,25.857142857142858,80.2
CHONTALES,2022-08-21,2022-08-27,2022,79,25.52857142857143,57.9
ESTELI,2022-08-21,2022-08-27,2022,106,22.514285714285712,53
GRANADA,2022-08-21,2022-08-27,2022,294,26.428571428571427,62.2
JINOTEGA,2022-08-21,2022-08-27,2022,197,21.585714285714285,40.1
LEON,2022-08-21,2022-08-27,2022,470,26.12857142857143,87.89999999999999
MADRIZ,2022-08-21,2022-08-27,2022,36,22.9,65.3
MANAGUA,2022-08-21,2022-08-27,2022,775,26.485714285714284,46.6
MASAYA,2022-08-21,2022-08-27,2022,265,24.45714285714286,56.4
MATAGALPA,2022-08-21,2022-08-27,2022,216,23.2,34.2
NUEVA SEGOVIA,2022-08-21,2022-08-27,2022,106,23.757142857142856,58.4
REGION AUTONOMA DEL ATLANTICO SUR,2022-08-21,2022-08-27,2022,49,25.757142857142856,71.2
RIO SAN JUAN,2022-08-21,2022-08-27,2022,81,25.271428571428572,61.8
RIVAS,2022-08-21,2022-08-27,2022,188,25.914285714285715,95.8
ZELAYA CENTRAL,2022-08-21,2022-08-27,2022,62,24.814285714285717,56.6
BILWI,2022-08-28,2022-09-03,2022,91,26.12857142857143,82.7
BOACO,2022-08-28,2022-09-03,2022,93,23.385714285714286,86.9
CARAZO,2022-08-28,2022-09-03,2022,117,23.242857142857144,60
CHINANDEGA,2022-08-28,2022-09-03,2022,246,25.385714285714286,114.9
CHONTALES,2022-08-28,2022-09-03,2022,51,24.757142857142856,117.3
ESTELI,2022-08-28,2022-09-03,2022,106,21.942857142857143,119.8
GRANADA,2022-08-28,2022-09-03,2022,306,26.02857142857143,95.6
JINOTEGA,2022-08-28,2022-09-03,2022,197,21.2,104.10000000000001
LEON,2022-08-28,2022-09-03,2022,408,25.614285714285714,101.8
MADRIZ,2022-08-28,2022-09-03,2022,29,22.5,91.7
MANAGUA,2022-08-28,2022-09-03,2022,825,25.885714285714286,98.39999999999999
MASAYA,2022-08-28,2022-09-03,2022,240,24,83.4
MATAGALPA,2022-08-28,2022-09-03,2022,183,22.728571428571428,86.8
NUEVA SEGOVIA,2022-08-28,2022-09-03,2022,86,23.057142857142857,85.9
REGION AUTONOMA DEL ATLANTICO SUR,2022-08-28,2022-09-03,2022,31,26.17142857142857,54.2
RIO SAN JUAN,2022-08-28,2022-09-03,2022,46,24.942857142857143,95.3
RIVAS,2022-08-28,2022-09-03,2022,204,25.37142857142857,77.2
ZELAYA CENTRAL,2022-08-28,2022-09-03,2022,63,25,72.8
BILWI,2022-09-04,2022-09-10,2022,108,26.52857142857143,52.4
BOACO,2022-09-04,2022-09-10,2022,95,23.985714285714288,55.5
CARAZO,2022-09-04,2022-09-10,2022,178,23.728571428571428,62.1
CHINANDEGA,2022-09-04,2022-09-10,2022,191,25.857142857142858,112
CHONTALES,2022-09-04,2022-09-10,2022,47,25.428571428571427,57.6
ESTELI,2022-09-04,2022-09-10,2022,101,22.185714285714287,77.7
GRANADA,2022-09-04,2022-09-10,2022,288,26.54285714285714,70.3
JINOTEGA,2022-09-04,2022-09-10,2022,190,21.542857142857144,87.8
LEON,2022-09-04,2022-09-10,2022,354,26.057142857142857,133.4
MADRIZ,2022-09-04,2022-09-10,2022,31,22.8,67.9
MANAGUA,2022-09-04,2022-09-10,2022,701,26.385714285714286,82.1
MASAYA,2022-09-04,2022-09-10,2022,251,24.557142857142857,74.5
MATAGALPA,2022-09-04,2022-09-10,2022,203,23.142857142857142,50.8
NUEVA SEGOVIA,2022-09-04,2022-09-10,2022,89,23.314285714285713,56.199999999999996
REGION AUTONOMA DEL ATLANTICO SUR,2022-09-04,2022-09-10,2022,41,26.385714285714286,29.1
RIO SAN JUAN,2022-09-04,2022-09-10,2022,49,25.685714285714287,75.2
RIVAS,2022-09-04,2022-09-10,2022,204,26.085714285714285,87.8
ZELAYA CENTRAL,2022-09-04,2022-09-10,2022,44,25.17142857142857,45.9
BILWI,2022-09-11,2022-09-17,2022,109,26.37142857142857,89.5
BOACO,2022-09-11,2022-09-17,2022,67,23.585714285714285,66.60000000000001
CARAZO,2022-09-11,2022-09-17,2022,96,23.228571428571428,76.3
CHINANDEGA,2022-09-11,2022-09-17,2022,166,25.485714285714288,127.4
CHONTALES,2022-09-11,2022-09-17,2022,34,25.1,89.7
ESTELI,2022-09-11,2022-09-17,2022,65,22.2,51.5
GRANADA,2022-09-11,2022-09-17,2022,231,25.885714285714286,160.9
JINOTEGA,2022-09-11,2022-09-17,2022,147,21.37142857142857,37.9
LEON,2022-09-11,2022-09-17,2022,256,25.642857142857142,116
MADRIZ,2022-09-11,2022-09-17,2022,22,22.414285714285715,61.7
MANAGUA,2022-09-11,2022-09-17,2022,640,26.014285714285712,108.5
MASAYA,2022-09-11,2022-09-17,2022,221,24,107.9
MATAGALPA,2022-09-11,2022-09-17,2022,143,22.814285714285713,33.8
NUEVA SEGOVIA,2022-09-11,2022-09-17,2022,50,23.142857142857142,44.8
REGION AUTONOMA DEL ATLANTICO SUR,2022-09-11,2022-09-17,2022,39,25.65714285714286,88.2
RIO SAN JUAN,2022-09-11,2022-09-17,2022,14,25.071428571428573,95.5
RIVAS,2022-09-11,2022-09-17,2022,151,25.457142857142856,132.5
ZELAYA CENTRAL,2022-09-11,2022-09-17,2022,26,24.585714285714285,82.4
BILWI,2022-09-18,2022-09-24,2022,113,25.84285714285714,83.3
BOACO,2022-09-18,2022-09-24,2022,67,23.17142857142857,70.3
CARAZO,2022-09-18,2022-09-24,2022,152,22.857142857142858,67.3
CHINANDEGA,2022-09-18,2022-09-24,2022,197,25.1,120.5
CHONTALES,2022-09-18,2022-09-24,2022,40,24.67142857142857,92.9
ESTELI,2022-09-18,2022-09-24,2022,111,21.485714285714284,93.7
GRANADA,2022-09-18,2022-09-24,2022,230,25.97142857142857,84
JINOTEGA,2022-09-18,2022-09-24,2022,135,20.771428571428572,70.8
LEON,2022-09-18,2022-09-24,2022,319,25.257142857142856,149.8
MADRIZ,2022-09-18,2022-09-24,2022,41,22.32857142857143,64.9
MANAGUA,2022-09-18,2022-09-24,2022,800,25.84285714285714,81.5
MASAYA,2022-09-18,2022-09-24,2022,247,24.1,70.6
MATAGALPA,2022-09-18,2022-09-24,2022,173,22.457142857142856,67.2
NUEVA SEGOVIA,2022-09-18,2022-09-24,2022,90,22.65714285714286,57.7
REGION AUTONOMA DEL ATLANTICO SUR,2022-09-18,2022-09-24,2022,33,25.92857142857143,57.6
RIO SAN JUAN,2022-09-18,2022-09-24,2022,32,25.47142857142857,74.9
RIVAS,2022-09-18,2022-09-24,2022,181,25.457142857142856,51.699999999999996
ZELAYA CENTRAL,2022-09-18,2022-09-24,2022,50,25.37142857142857,57.2
BILWI,2022-09-25,2022-10-01,2022,134,25.928571428571427,57.1
BOACO,2022-09-25,2022-10-01,2022,70,23.014285714285712,108
CARAZO,2022-09-25,2022-10-01,2022,124,22.714285714285715,135.7
CHINANDEGA,2022-09-25,2022-10-01,2022,194,25.1,125.2
CHONTALES,2022-09-25,2022-10-01,2022,56,24.3,135.1
ESTELI,2022-09-25,2022-10-01,2022,115,21.714285714285715,139.7
GRANADA,2022-09-25,2022-10-01,2022,246,25.685714285714287,123.7
JINOTEGA,2022-09-25,2022-10-01,2022,132,21.12857142857143,77.9
LEON,2022-09-25,2022-10-01,2022,274,25.114285714285714,110.9
MADRIZ,2022-09-25,2022-10-01,2022,34,22.428571428571427,103.8
MANAGUA,2022-09-25,2022-10-01,2022,933,25.65714285714286,85.9
MASAYA,2022-09-25,2022-10-01,2022,241,23.885714285714286,116.5
MATAGALPA,2022-09-25,2022-10-01,2022,217,22.614285714285714,141.6
NUEVA SEGOVIA,2022-09-25,2022-10-01,2022,144,22.82857142857143,130.1
REGION AUTONOMA DEL ATLANTICO SUR,2022-09-25,2022-10-01,2022,35,25.771428571428572,80.1
RIO SAN JUAN,2022-09-25,2022-10-01,2022,29,25.628571428571426,92.5
RIVAS,2022-09-25,2022-10-01,2022,198,25.014285714285716,103
ZELAYA CENTRAL,2022-09-25,2022-10-01,2022,44,25.2,85.8
BILWI,2022-10-02,2022-10-08,2022,110,24.771428571428572,107.3
BOACO,2022-10-02,2022-10-08,2022,70,23.685714285714287,50.300000000000004
CARAZO,2022-10-02,2022-10-08,2022,156,23.97142857142857,48.4
CHINANDEGA,2022-10-02,2022-10-08,2022,190,26.3,98.10000000000001
CHONTALES,2022-10-02,2022-10-08,2022,51,25.3,45.4
ESTELI,2022-10-02,2022-10-08,2022,116,22.271428571428572,56.4
GRANADA,2022-10-02,2022-10-08,2022,355,26.714285714285715,53
JINOTEGA,2022-10-02,2022-10-08,2022,133,20.900000000000002,63.3
LEON,2022-10-02,2022-10-08,2022,272,26.242857142857144,102.1
MADRIZ,2022-10-02,2022-10-08,2022,35,22.52857142857143,44.4
MANAGUA,2022-10-02,2022-10-08,2022,1015,26.5,55.3
MASAYA,2022-10-02,2022-10-08,2022,230,24.571428571428573,54.2
MATAGALPA,2022-10-02,2022-10-08,2022,235,23,72.2
NUEVA SEGOVIA,2022-10-02,2022-10-08,2022,121,22.985714285714288,46.6
REGION AUTONOMA DEL ATLANTICO SUR,2022-10-02,2022-10-08,2022,29,24.957142857142856,132.6
RIO SAN JUAN,2022-10-02,2022-10-08,2022,23,25.085714285714285,121.1
RIVAS,2022-10-02,2022-10-08,2022,166,26.271428571428572,40.9
ZELAYA CENTRAL,2022-10-02,2022-10-08,2022,52,24.37142857142857,109.9
BILWI,2022-10-09,2022-10-15,2022,217,26.17142857142857,96.39999999999999
BOACO,2022-10-09,2022-10-15,2022,100,23.214285714285715,220.4
CARAZO,2022-10-09,2022-10-15,2022,179,23.071428571428573,212.1
CHINANDEGA,2022-10-09,2022-10-15,2022,199,25.12857142857143,335.2
CHONTALES,2022-10-09,2022-10-15,2022,42,24.885714285714286,258.8
ESTELI,2022-10-09,2022-10-15,2022,77,21.757142857142856,150.6
GRANADA,2022-10-09,2022-10-15,2022,301,25.62857142857143,221.79999999999998
JINOTEGA,2022-10-09,2022-10-15,2022,143,21,129.6
LEON,2022-10-09,2022-10-15,2022,266,25.228571428571428,278.5
MADRIZ,2022-10-09,2022-10-15,2022,29,22.214285714285715,170.5
MANAGUA,2022-10-09,2022-10-15,2022,913,25.714285714285715,205.9
MASAYA,2022-10-09,2022-10-15,2022,245,23.942857142857143,155.6
MATAGALPA,2022-10-09,2022-10-15,2022,179,22.514285714285716,150.29999999999998
NUEVA SEGOVIA,2022-10-09,2022-10-15,2022,122,22.84285714285714,103.2
REGION AUTONOMA DEL ATLANTICO SUR,2022-10-09,2022-10-15,2022,20,25.47142857142857,217.4
RIO SAN JUAN,2022-10-09,2022-10-15,2022,38,24.87142857142857,150.8
RIVAS,2022-10-09,2022-10-15,2022,177,25.17142857142857,187
ZELAYA CENTRAL,2022-10-09,2022-10-15,2022,39,24.37142857142857,222
BILWI,2022-10-16,2022-10-22,2022,134,26.514285714285716,24.7
BOACO,2022-10-16,2022-10-22,2022,109,24,21.4
CARAZO,2022-10-16,2022-10-22,2022,203,23.742857142857144,33.1
CHINANDEGA,2022-10-16,2022-10-22,2022,211,25.814285714285713,135.6
CHONTALES,2022-10-16,2022-10-22,2022,56,25.614285714285714,33.5
ESTELI,2022-10-16,2022-10-22,2022,113,22.34285714285714,32.4
GRANADA,2022-10-16,2022-10-22,2022,363,26.34285714285714,92.6
JINOTEGA,2022-10-16,2022-10-22,2022,125,21.585714285714285,18.2
LEON,2022-10-16,2022-10-22,2022,316,25.957142857142856,110
MADRIZ,2022-10-16,2022-10-22,2022,29,22.7,60.7
MANAGUA,2022-10-16,2022-10-22,2022,974,26.342857142857145,56.9
MASAYA,2022-10-16,2022-10-22,2022,240,24.457142857142856,80.1
MATAGALPA,2022-10-16,2022-10-22,2022,218,23.242857142857144,14.8
NUEVA SEGOVIA,2022-10-16,2022-10-22,2022,136,23.271428571428572,38.6
REGION AUTONOMA DEL ATLANTICO SUR,2022-10-16,2022-10-22,2022,41,26.02857142857143,26.9
RIO SAN JUAN,2022-10-16,2022-10-22,2022,58,25.2,52.6
RIVAS,2022-10-16,2022-10-22,2022,212,25.785714285714285,86.7
ZELAYA CENTRAL,2022-10-16,2022-10-22,2022,81,25.15714285714286,27.3
BILWI,2022-10-23,2022-10-29,2022,162,26.228571428571428,15.4
BOACO,2022-10-23,2022-10-29,2022,123,24.128571428571426,11.1
CARAZO,2022-10-23,2022-10-29,2022,217,23.885714285714286,23.4
CHINANDEGA,2022-10-23,2022-10-29,2022,236,26.1,40.9
CHONTALES,2022-10-23,2022-10-29,2022,64,25.87142857142857,10.5
ESTELI,2022-10-23,2022-10-29,2022,86,22.3,8.9
GRANADA,2022-10-23,2022-10-29,2022,406,26.714285714285715,52.199999999999996
JINOTEGA,2022-10-23,2022-10-29,2022,101,21.47142857142857,7.1
LEON,2022-10-23,2022-10-29,2022,285,26.32857142857143,35
MADRIZ,2022-10-23,2022-10-29,2022,49,22.97142857142857,3.8
MANAGUA,2022-10-23,2022-10-29,2022,791,26.642857142857142,26.7
MASAYA,2022-10-23,2022-10-29,2022,269,24.642857142857142,21.8
MATAGALPA,2022-10-23,2022-10-29,2022,207,23.185714285714287,15.5
NUEVA SEGOVIA,2022-10-23,2022-10-29,2022,94,23.442857142857143,3
REGION AUTONOMA DEL ATLANTICO SUR,2022-10-23,2022-10-29,2022,61,26.214285714285715,47.2
RIO SAN JUAN,2022-10-23,2022-10-29,2022,56,25.65714285714286,43.800000000000004
RIVAS,2022-10-23,2022-10-29,2022,210,26.2,35.1
ZELAYA CENTRAL,2022-10-23,2022-10-29,2022,43,25.071428571428573,41.9
BILWI,2022-10-30,2022-11-05,2022,126,26.04285714285714,53.699999999999996
BOACO,2022-10-30,2022-11-05,2022,100,23.985714285714284,25.2
CARAZO,2022-10-30,2022-11-05,2022,142,23.714285714285715,52.1
CHINANDEGA,2022-10-30,2022-11-05,2022,221,25.885714285714286,83.2
CHONTALES,2022-10-30,2022-11-05,2022,53,25.457142857142856,50.9
ESTELI,2022-10-30,2022-11-05,2022,80,22.32857142857143,45
GRANADA,2022-10-30,2022-11-05,2022,412,26.357142857142858,55.5
JINOTEGA,2022-10-30,2022-11-05,2022,102,21.3,21.400000000000002
LEON,2022-10-30,2022-11-05,2022,257,25.9,62.3
MADRIZ,2022-10-30,2022-11-05,2022,39,23.071428571428573,19.7
MANAGUA,2022-10-30,2022-11-05,2022,650,26.457142857142856,30.1
MASAYA,2022-10-30,2022-11-05,2022,259,24.47142857142857,47.2
MATAGALPA,2022-10-30,2022-11-05,2022,178,23.085714285714285,20.1
NUEVA SEGOVIA,2022-10-30,2022-11-05,2022,108,23.62857142857143,12.9
REGION AUTONOMA DEL ATLANTICO SUR,2022-10-30,2022-11-05,2022,41,25.7,92.7
RIO SAN JUAN,2022-10-30,2022-11-05,2022,58,25.2,65.9
RIVAS,2022-10-30,2022-11-05,2022,183,25.7,54.7
ZELAYA CENTRAL,2022-10-30,2022-11-05,2022,24,24.9,77.3
BILWI,2022-11-06,2022-11-12,2022,72,25.5,19.7
BOACO,2022-11-06,2022-11-12,2022,98,22.885714285714286,87.8
CARAZO,2022-11-06,2022-11-12,2022,148,22.742857142857144,65.8
CHINANDEGA,2022-11-06,2022-11-12,2022,188,24.985714285714288,68.8
CHONTALES,2022-11-06,2022-11-12,2022,31,24.385714285714286,100.9
ESTELI,2022-11-06,2022-11-12,2022,70,21.45714285714286,61.5
GRANADA,2022-11-06,2022-11-12,2022,275,25.514285714285712,87.1
JINOTEGA,2022-11-06,2022-11-12,2022,78,20.728571428571428,54.099999999999994
LEON,2022-11-06,2022-11-12,2022,192,25.142857142857142,66.8
MADRIZ,2022-11-06,2022-11-12,2022,28,22.02857142857143,17.9
MANAGUA,2022-11-06,2022-11-12,2022,351,25.514285714285712,96.9
MASAYA,2022-11-06,2022-11-12,2022,246,23.771428571428572,57.9
MATAGALPA,2022-11-06,2022-11-12,2022,168,22.271428571428572,69.5
NUEVA SEGOVIA,2022-11-06,2022-11-12,2022,94,22.514285714285716,33.3
REGION AUTONOMA DEL ATLANTICO SUR,2022-11-06,2022-11-12,2022,31,25.628571428571426,56
RIO SAN JUAN,2022-11-06,2022-11-12,2022,53,25,89.6
RIVAS,2022-11-06,2022-11-12,2022,126,24.8,103.60000000000001
ZELAYA CENTRAL,2022-11-06,2022-11-12,2022,39,24.928571428571427,73.9
